,count,mean,std,min,25%,50%,75%,max,coef_var,skew,kurtosis
AADK_at,71.0,6.885158622175273,0.5011172681067054,6.16346080127634,6.493957294568485,6.82149294238092,7.07638718180392,8.49240360063487,0.07278224012047295,1.8734843714247118,0.8255408557839243
AAPA_at,71.0,7.605890467897056,0.4167902130352769,6.62548140686525,7.3247463689601595,7.61165941792316,7.9106936018810305,8.63726214170747,0.05479834541326425,1.2301563566658373,-0.007874571342520564
ABFA_at,71.0,7.776193380052717,0.3880856407462415,6.85393046889689,7.494707959474985,7.77767955163945,8.003883662491246,8.96595182325628,0.04990689168581486,1.2796769214754562,0.3583814629605908
ABH_at,71.0,8.827109571068677,0.8506951445228303,7.03460961878436,8.282917194772725,8.74876746237994,9.442232966398585,10.5359638010437,0.09637301289552688,1.975691444035538,-0.6739344600780042
ABNA_at,71.0,7.265687722000208,0.7638467919288172,5.0541364465745,6.817339152862325,7.28039275459895,7.770192077984975,8.913470779678,0.10513069390746317,2.3621223857840885,0.1413171124931485
ABRB_at,71.0,9.034336222604752,0.8201620533635711,7.14884249683039,8.486444379720146,9.06778904728497,9.718829958515187,10.4755834018871,0.09078276844639112,2.0154975441649903,-0.5309989597360891
ACCA_at,71.0,8.589085131006666,0.5542838286264798,6.87730398249416,8.291932062601125,8.62465731919273,8.97188299914799,9.74547415905923,0.0645335120297633,2.3497909546202216,1.3557079078840388
ACCB_at,71.0,8.7543079886573,0.5493549813104683,7.48515900672345,8.387450377043503,8.73707997218276,9.032523714952035,9.92607691282636,0.0627525307565431,1.549566435021865,-0.14636718040887597
ACCC_at,71.0,8.7984257460363,0.5243855251875765,7.76780187555309,8.506905205525879,8.80230100114961,9.04928852667937,9.94314368891009,0.05959992620541383,1.344014386918902,-0.4191987758968607
ACDA_at,71.0,8.065979928080175,0.27719413583709124,7.47831549254537,7.90631503378342,8.0676097208384,8.250222236040564,9.19619307375969,0.03436583506389504,1.6351313566673824,3.1128669109260585
ACKA_at,71.0,6.840076961713837,0.3382642387926625,5.9429176526591,6.653875517436305,6.77916362240202,7.120570987590245,7.60379163172781,0.0494532796467114,0.9417326665590331,-0.1852118900148767
ACOA_at,71.0,10.35151600514066,1.0981484797038614,7.83367760290955,9.749950387957629,10.4686905362426,11.2273208492274,12.3500952411014,0.10608576358849377,2.678634869524339,-0.5502799902143605
ACOB_at,71.0,9.822194961605394,1.0208186526623737,8.03945128372441,9.141849339095865,9.73123262921893,10.61507751746245,11.6902742716429,0.10392978928362927,2.2184225100504498,-0.8319783855730676
ACOC_at,71.0,10.077964372094097,1.1089329490903481,7.49644308750868,9.40876789027846,10.2108180639702,10.9785207653215,12.1135427603832,0.11003541073840126,2.5763485928225487,-0.6730613529230589
ACOL_at,71.0,10.262310865582466,1.1202568274493077,7.82744263176786,9.57507455749879,10.3700604184521,11.06457178961825,12.2237374425331,0.10916223861493056,2.681210113048269,-0.5988159800934798
ACOR_at,71.0,9.357874974074129,0.5119417284530217,8.13044399564602,9.027884557040391,9.38765667408095,9.74239386303935,10.5081227114452,0.054707049396508244,1.3343741062129473,-0.3731729530681065
ACPA_at,71.0,9.944022376445275,0.7220373013864237,8.16086480888225,9.561997689804905,10.196828335014,10.42894723007735,11.0821380530055,0.07261018469716406,1.9198017579250757,-0.31772049972749095
ACSA_at,71.0,10.164098180639465,0.590091157420681,8.59031040411458,9.800338149599595,10.3603349689824,10.588124769479201,11.1085800208971,0.058056420445119696,1.767237808788381,0.03803125175433175
ACUA_at,71.0,8.634806260531798,0.474246711584286,7.39263371098169,8.340985761755451,8.66977722684054,8.894141046356744,9.80579946489018,0.05492268121312524,1.7591165800144708,0.7944867260481048
ACUB_at,71.0,8.790217094249757,0.5135822297175802,7.24121288593987,8.45995684961651,8.78988686215071,9.187103743847965,9.70335884742851,0.05842656947045678,1.5142604050875377,-0.011127017802834871
ACUC_at,71.0,9.421936298531106,0.601681078867033,7.77372518128096,9.11882242379175,9.41928018023698,9.901154097544506,10.5395682796033,0.06385959953484678,1.9337371676859945,0.2699506681152255
ADAA_at,71.0,7.315930420493261,0.4789632293965174,6.37326951091382,7.003644716877854,7.26035184971672,7.637567784739,8.93640943805199,0.0654685326222969,1.910248590406235,1.089912543841666
ADAB_at,71.0,7.139328454867033,0.4163634583504233,6.14106435475884,6.87234191035495,7.09408293336973,7.40479959179779,8.35871338450892,0.05831969505011069,1.5785210144590427,0.8812292818070091
ADDA_at,71.0,8.622795246733984,0.5194932287506099,7.20407728176694,8.31719312867375,8.59569863757479,9.060540786382571,9.56949407210709,0.06024649941066105,1.5043835290489602,-0.06677973851747288
ADDB_at,71.0,8.762472361763205,0.41177841209106525,7.61865339304323,8.573874356153055,8.74761849578999,9.01686774886503,9.67220992027281,0.0469934049535999,1.5245510076104698,0.7871512043194402
ADEC_at,71.0,7.702931127422832,0.305282497077621,7.1373242496448,7.48279293907983,7.66725711801604,7.94362482528833,8.39615381715039,0.03963199099506415,0.7927977707432429,-0.3833000201952146
ADHA_at,71.0,9.119191078231326,0.3660348776419806,8.57666391679686,8.87819431903549,9.05924370692133,9.353984607328346,10.7329381020731,0.04013896347843315,2.458637637523867,3.979071412783866
ADHB_at,71.0,6.770466155331829,0.22985227012765658,6.23263361282776,6.64590137061238,6.7343702415142,6.945576476665909,7.29371610615254,0.033949253249961966,0.622206653997565,-0.2667728854463838
ADK_at,71.0,9.259581038821027,0.6709933281177191,7.67549661241438,8.828664927503855,9.42127869981251,9.777453048845281,10.5355061152067,0.0724647611273731,1.6859461899496946,-0.4725791452428929
AHPC_at,71.0,10.799565905319888,0.9581167322092606,7.9228953456519,10.3465916138656,11.0702007431392,11.4661470858392,12.1043888620159,0.08871807817176156,3.939081465742167,1.2201224862963018
AHPF_at,71.0,11.155256505095558,0.8016382161685998,8.92856833125872,10.7733260616231,11.3512851343168,11.74077355116895,12.3680172292301,0.07186192588242352,2.7753022069642928,0.532695284194145
AHRC_at,71.0,8.328612235544874,0.47010004858797566,7.1299498444023,8.038436351787245,8.35295302333281,8.65206012766916,9.30642335476588,0.05644398313823297,1.3805354468617488,-0.023561858862702678
ALAS_at,71.0,7.512385770217033,0.23683066644295372,6.66706280453372,7.36405408832459,7.50720938252203,7.67647392755922,8.0195113643145,0.03152536007693754,0.9928048256526356,1.3056436200096204
ALD_at,71.0,9.760905028748255,0.8321719461924223,7.86426189818169,9.25412863420206,9.71729999770119,10.2325787704492,11.7895500354032,0.08525561346427121,2.513616348067481,0.06523629044027146
ALDX_at,71.0,7.049725456793553,0.3063688475079535,6.25583068392787,6.8303305907047545,7.10940358916993,7.23257876771967,7.76250124238253,0.043458266479401333,0.8520548086099655,-0.18825533128048422
ALDY_at,71.0,7.171499436999811,0.4578739077063984,6.37666816205722,6.87621845605025,7.1227688398748,7.37867329847562,8.9041573332113,0.06384632833464314,2.890145485927717,3.550406731673296
ALKA_at,71.0,7.164637683572094,0.3830284158867807,6.06541840681439,6.89755559998697,7.14084076985771,7.4226391560631,8.46945817416709,0.05346096101482317,1.8690451567304565,2.033697420436888
ALSD_at,71.0,6.0565799591357,0.38360311928198787,5.28405660659489,5.81788283917826,6.04299852059497,6.27740023389539,7.09436336869816,0.06333658960505653,1.1705821893547905,0.0980553437770948
ALSR_at,71.0,7.902024494323202,0.23138276472813596,7.42019568994195,7.740533295812065,7.88971843664413,8.03618612368448,8.53988207785221,0.029281453745728183,0.677782713668575,-0.031411767102079935
ALSS_at,71.0,7.61551562175932,0.3107437808861818,6.78143681479,7.46923526980761,7.5936703010849,7.779518497156415,8.29871963527459,0.04080403695822168,1.047149344586486,0.43504807458325434
ALST_at,71.0,6.967963367277174,0.25067205355932537,6.04684818027045,6.80825515114068,6.96526506837835,7.1483883726444795,7.49352553475498,0.035974938493007445,1.0459340433643367,1.2849695459343895
AMHX_at,71.0,9.277368978484127,0.645080632874115,8.06570495321787,8.8511996689263,9.23379399193735,9.658130174976876,10.8714923423672,0.0695327128165509,1.6737680032983144,-0.3857001992905613
AMPS_at,71.0,6.914591229926489,0.5136580992813954,5.55474129975662,6.515719165773911,6.84997937481318,7.21695495989261,8.07134324544217,0.07428611210714421,1.3987834628786078,-0.24962526838245136
AMYC_at,71.0,7.846178057586338,0.7938237722475742,6.07536834510828,7.394981103599806,7.85197574057277,8.29470096352443,9.8933768016658,0.10117330583391991,2.4794646116535377,0.17418435711355373
AMYD_at,71.0,8.254701682424521,0.7196119596887322,6.4823925332045,7.77987823713039,8.27312541056272,8.649529209705465,10.0680150766766,0.08717601039670425,2.3928382688533523,0.387784984666089
AMYE_at,71.0,8.858573783710042,0.4894622395853719,7.4748474893965,8.61020369181449,8.87539231179236,9.234219290391671,9.71540096582158,0.05525293930332667,1.783834340178808,0.7258666799277105
AMYX_at,71.0,7.897019007109347,0.2629099548544393,7.15718792785269,7.76058882456641,7.90030275480509,8.067137078969335,8.53505044877243,0.03329230366771978,0.8561807643525045,0.3151248777362672
ANSA_at,71.0,8.03212248849583,0.30119764510998637,7.27259372019985,7.8319240352867,8.01095599714222,8.227334613393975,8.8032587853943,0.03749913494737945,1.0593226769776192,0.5909271448923663
ANSB_at,71.0,7.466937063148202,0.35150809118011633,6.58624045994008,7.23345914656605,7.44585302717981,7.70449876260027,8.48744526237775,0.047075271722179735,1.283845741550612,0.7342474699461636
ANSR_at,71.0,6.709785666341777,0.3050430366052632,5.96699279101756,6.511802141321144,6.70695152794199,6.921050501547315,7.47484354755381,0.04546241143520384,0.9630116162359491,0.20968144652195964
APPA_at,71.0,7.196943939820106,0.3646243268585189,6.48804393991984,6.964361329669275,7.20627410741602,7.35744065274805,8.17594216751577,0.05066377199926237,1.1936424409601145,0.33319631967828034
APPB_at,71.0,6.754343379682027,0.38808611317282665,5.67281252357761,6.484375996073435,6.83229306506915,6.999603315465475,7.71279382117417,0.05745726732523577,1.1695545702762375,0.0579280789722052
APPC_at,71.0,7.115505637328064,0.3741582784774059,6.15067471975966,6.907799308192621,7.20798192586818,7.354467457247675,7.83033662684591,0.05258351233882315,1.1617825439934786,0.15471441173408884
APPD_at,71.0,7.3261728925123695,0.3632730978623146,6.64312504794696,7.036468237674271,7.33410990020961,7.5690114671134054,8.38710693077405,0.04958565723088431,1.044573269715401,-0.0883992576404169
APPF_at,71.0,7.5263792913294685,0.27856066999007106,6.79367217050926,7.346914450704475,7.54393947597475,7.71571512478533,8.31270618114869,0.037011245275796585,0.8940156749299881,0.26520754167016714
APRE_at,71.0,6.968888390771647,0.4581030756011919,5.96545703744871,6.609968418404975,7.02043177584132,7.272523766719355,7.95479474253346,0.06573545878677321,1.158029798512239,-0.4564130513685405
APRX_at,71.0,8.176045583422423,0.31971696985414344,7.3768938808049,7.997975514294826,8.12614541109518,8.373657758849916,9.09210427581462,0.03910410804244961,1.02995176502059,0.27795318316030393
APT_at,71.0,7.510075380156325,0.4360292658516123,6.4934874142851,7.24162734214206,7.5179539814271,7.736731791372225,8.45054338271715,0.05805923959215123,1.154693517040491,-0.3290138771720392
ARAA_at,71.0,8.292267919708216,0.23222522957132377,7.74510614288179,8.123791886221046,8.25941705010722,8.45774980840772,9.03562395069654,0.028005032135948543,0.8118428918808663,0.5685794514454203
ARAB_at,71.0,6.940898626515753,0.3264518823489685,6.29509950000772,6.730182578993775,6.92961781502694,7.16183513770702,7.93774146336875,0.04703308604765539,1.1140728030933724,0.4804238027701486
ARAD_at,71.0,7.272975078017124,0.32064096344010773,6.46537769968683,7.121179793219075,7.2678527474181,7.460898173466235,8.03762745635769,0.04408663029923733,1.0479432476729635,0.3275354736355087
ARAE_at,71.0,7.4620598251426165,0.34056141563990927,6.48855258243296,7.244362373498565,7.48240598066602,7.6992601111715455,8.20955498761323,0.045639062620809315,1.0769453049982036,0.21528782550781855
ARAL_at,71.0,7.548162927332355,0.42435034357418344,6.35355120108487,7.25670259934797,7.54940499529735,7.830234331712975,8.4545762516745,0.05621902278203152,1.3531031442882906,0.24322138045474118
ARAM_at,71.0,8.215900970328514,0.3080268220574198,7.27977068492085,8.007040791449555,8.23391497105422,8.438453919042495,8.9729971346585,0.03749154513544524,1.1118545323770426,0.6889402313011033
ARAN_at,71.0,7.394154777609349,0.31004918018845995,6.56785318581924,7.190147228434521,7.36438814158475,7.56628780591146,8.19871956236861,0.041931659468008045,1.0086548397823099,0.3115821003666688
ARAP_at,71.0,7.443920623389884,0.3842657441028217,6.43846093473705,7.22694866161812,7.44775922573154,7.7180700850540696,8.30899195174861,0.051621418811936645,1.1563860395925851,0.053367025749770924
ARAQ_at,71.0,5.777161770839878,0.3233291729285723,5.07211062627104,5.488372358042286,5.77621038364971,6.003347105597435,6.45346495448833,0.05596678537903691,0.7460222161106385,-0.6899530286620728
ARAR_at,71.0,7.280182346144561,0.23526274427822857,6.50849820374381,7.138376711608185,7.27755372002079,7.43190064496085,7.70489661020933,0.032315501603173306,0.944814082656286,1.1192380234499328
ARGB_at,71.0,9.35256321073382,0.7983625032249295,8.08574142790933,8.88326374796094,9.16705908757617,9.641368069233165,11.918686125121,0.0853629625628896,3.1418182053618304,1.0338254121118347
ARGC_at,71.0,8.238339214437486,0.510716863010791,7.15875934356718,7.946478953217991,8.18054069077973,8.41916299931267,9.90835764668816,0.06199269655172396,2.4080064003357644,1.8593116678829276
ARGD_at,71.0,9.487142495779876,0.7851022552026933,7.96541429384091,8.945186873144806,9.39663791372617,9.676419424089964,12.0668375934336,0.08275434416126108,3.268453856957185,1.2749887039069847
ARGE_at,71.0,7.662516404858254,0.3483246742363401,6.97649878707227,7.423080503362105,7.69368603291292,7.88025687462756,8.97295184542517,0.04545826146818979,1.5815792398513144,1.6746295169814527
ARGF_at,71.0,8.139254034668594,1.0031233533388402,6.40166465709145,7.462863082442345,8.00123068057959,8.538243639523476,11.0914303348321,0.12324512161263244,3.4773531425523014,0.5374469213600723
ARGG_at,71.0,8.741005712267016,0.7803123609223679,7.47009262577736,8.171157230053744,8.55547738563325,9.074455836619254,11.0641708983158,0.08927031815426999,2.5213608371036225,0.28829934268672197
ARGH_at,71.0,8.870930564292793,0.9520600300741633,7.34564696478587,8.170087886863271,8.79385479525273,9.409723880345465,11.0814785703017,0.10732358044897664,2.6369705151410927,-0.20031335797453043
ARGJ_at,71.0,9.219088011199805,0.7016210000640484,8.01638790790373,8.816906531660814,9.05901115199758,9.4551703823651,11.0504900367028,0.07610525023860108,2.492591267310652,0.6286030108494662
ARGS_at,71.0,8.462320598109827,0.34113893211919905,7.37543457105772,8.2723224260896,8.47528293847106,8.72139608190915,9.02311048123994,0.04031269297400491,1.2280961786188838,0.6787600347129281
AROA_at,71.0,9.281292741043885,0.38824095116133533,8.26263800902816,9.01366845276271,9.31861270929306,9.590024010151051,10.0175292594008,0.04183048223923052,0.972149774524893,-0.48171339272404756
AROB_at,71.0,7.941865652532115,0.6358380912855183,6.64476287096063,7.5136110178234645,7.89423307460507,8.41810719911337,9.20261014315007,0.08006155217229004,1.4871737218604104,-0.6564899746282875
AROC_at,71.0,7.8318412904844825,0.3524799743829666,6.9225428075273,7.642788860556445,7.78391762384691,8.048337112294876,8.66401574747074,0.0450060159941216,1.035367396871204,-0.02282596029163919
AROD_at,71.0,7.852126351431394,0.4339740750790455,7.02592468563827,7.5638139261097255,7.7215536653937,8.18196256552638,8.74307988223969,0.05526835097348309,0.9810907552782547,-0.7392963998203692
AROE_at,71.0,8.51626365968029,0.6272262113657832,7.4030504487512,8.116682515599885,8.46214678990959,8.99323697062078,9.84878349425101,0.07365039839423314,1.429571496945449,-0.719725932381627
AROF_at,71.0,9.137579296951479,0.468066749796596,8.11918853785778,8.844634189404236,9.09577739702557,9.494995792798886,10.1539114200922,0.05122437076444902,1.1216130351539086,-0.5957681536084931
AROH_at,71.0,9.00502016273416,0.550547874435044,7.81228695870456,8.690065499141454,8.95575973892884,9.39043126887659,10.073741222085,0.06113788359002222,1.396475023199806,-0.44726655952562755
AROI_at,71.0,6.597511481842109,0.28206478365100496,5.18231742275388,6.49362825723096,6.61259831087941,6.7200515023423595,7.26835519666443,0.04275320845250714,3.0669225292194016,8.379716543226285
arsB_at,71.0,5.42303791996246,0.24414668421024854,4.99959752060393,5.2695098268853,5.38850128507108,5.57983410942067,6.46205144017282,0.045020279742380744,1.5806315229357801,3.721943479884944
arsC_at,71.0,8.67181327364997,0.5391573909754541,7.39572334751853,8.36109413643952,8.6017822027395,9.10609841013448,10.4770203025375,0.06217354709582239,1.9300541744984665,0.6573420113717572
arsR_at,71.0,7.122479777004082,0.5823961946709472,5.56550602148839,6.73938392131266,7.17422223438871,7.49523822320862,8.58188199320545,0.0817687396672286,2.006407941427506,0.5147511802689064
ASD_at,71.0,8.534238564801774,0.6170952321710307,6.46822901364072,8.102901560047405,8.64872936041338,8.96067706890345,9.65094910933498,0.07230817693755952,2.1004007753186884,0.4709145676494013
ASK_r_at,71.0,10.6480706857708,0.5105548202962201,9.19614211296647,10.3650716156172,10.7145950248147,10.8999713878943,11.6637166532913,0.04794810584592411,2.1365287653272755,1.2978872531679926
ASNB_at,71.0,7.7489756046011,0.33616168423897314,7.08312429625598,7.5572580879315,7.69929328356802,7.95338333596153,8.62498821870346,0.043381435352483344,0.9914355795315773,-0.010223229273736756
ASNH_at,71.0,6.220503590097195,0.4247181713405317,5.32053751145535,5.913819028813846,6.23710034080816,6.485000508625675,7.42910868246008,0.06827713627826963,1.3003557905396683,0.10879811283256657
ASNS_at,71.0,8.491007830041022,0.6076202850397893,7.30837979008541,8.070504805540974,8.5332976451656,8.938294876598585,9.46063596167401,0.07156044337752704,1.2898395998193997,-0.8853509120262086
ASPB_at,71.0,9.098405139689776,0.5824748051322356,7.85985105758074,8.680156289892185,9.14462747672351,9.589994056977595,10.0912895600681,0.06401944035128952,1.2723793408418567,-0.8200593514665617
ASPS_at,71.0,7.981307458437386,0.30797219158123146,7.31301523775538,7.742756850098585,7.99442451130709,8.188938914329695,8.62817306010596,0.038586684347770704,0.7773002072074273,-0.46059601592544297
ATPA_at,71.0,9.37778793033256,0.5686437405726317,8.12012915823272,8.99407388874859,9.43076629768723,9.85059059443952,10.5590835465544,0.06063730005381622,1.3246356186050372,-0.6665001094727998
ATPB_at,71.0,9.261651650260603,0.5281071000206751,7.60895018817939,8.889085791029656,9.31457290917308,9.62437853847437,10.3293685744158,0.05702083386021275,1.6687054630740892,0.21266352140363676
ATPC_at,71.0,9.615665168602074,0.6159253889957773,7.64073962285291,9.19839603981734,9.66301218346629,10.09505311432185,10.7952875617708,0.06405437150691891,2.019588335597138,0.33883670852168946
ATPD_at,71.0,8.622713409226227,0.6838330638870024,6.79639301485749,8.21178336473259,8.70561893602781,9.159785074757295,10.1873611601723,0.07930601788936961,2.1039321241485913,0.12466360502117002
ATPE_at,71.0,9.425219619972184,0.6432169644320282,7.25203634688163,9.024344027673504,9.49861140731753,9.89587142412498,10.7014753371727,0.06824424155263625,2.2905286643854583,0.6375326723674135
ATPF_at,71.0,8.428842171068563,0.7157652139290729,6.48948185293553,7.86604428119277,8.4849031015517,8.9775338148672,10.0028852270309,0.08491856881433717,1.79876176233564,-0.4721040350829506
ATPG_at,71.0,9.062670099255904,0.6500384539665398,7.76015466539039,8.499622303947266,9.12809573568281,9.535747697119294,10.7244466957214,0.07172703484152111,1.5816507876980963,-0.5567000186439452
ATPH_at,71.0,9.105903967016431,0.7116389890658723,7.70746190948871,8.47137170584935,9.29653663980337,9.589929458219562,10.6334912646342,0.07815138306351394,1.4917796763795799,-0.9134239137205928
ATPI_at,71.0,8.195333994660183,0.49886989200753984,7.18368031558856,7.925396590758585,8.21106884585789,8.505926060961725,9.86495069378756,0.06087242964503795,1.996500508426346,1.1044686793458487
AZLB_at,71.0,6.4725608750898855,0.3876546834600888,5.75202129163768,6.244864490689885,6.36761257432598,6.66089436939368,7.59039408316989,0.059892010433151066,1.3862315510899628,0.653301624782884
AZLC_at,71.0,7.368708738599256,0.44888369390796884,6.29056278288477,7.106999666559915,7.38404274794862,7.58719613483091,9.1099446975046,0.06091755147772318,2.4003701467613268,2.528982979782633
AZLD_at,71.0,7.436827277877883,0.3337280563806687,6.50519843970727,7.2492640854166694,7.44753230537221,7.61934241639533,8.76389874423334,0.04487505812773143,2.0068409146337127,3.234139052732065
bcd_at,71.0,8.244475844516689,0.1924053881071283,7.8627455536591,8.094727408684399,8.21789228868767,8.395750109604565,8.74640523434489,0.023337491883743587,0.5185998896934153,-0.27909217955905463
BCSA_at,71.0,7.706823678579617,0.3274151084244237,6.94788591123716,7.499680558430315,7.70655854352699,7.94193750022681,8.53031996987208,0.042483793853289105,0.8963525555155588,-0.2342892681349964
BEX_at,71.0,8.643106979296633,0.5933510727297058,6.9936710538493,8.16425685940283,8.65685754497397,9.0970940515493,9.7995572196737,0.06865020578259602,1.4684028190848368,-0.5126558571730584
BFMBAA_at,71.0,7.85566613150564,0.2390715860235925,7.29482454424598,7.73846912251585,7.85649762919813,8.001436093515615,8.4906111873026,0.030433012556984943,0.8002906380901758,0.41141281116132244
BFMBAB_at,71.0,8.537370742660533,0.3160192438339651,7.83106142860277,8.309560721502915,8.48309244733606,8.777761088512564,9.20749540635918,0.03701599161611235,0.7497434798518992,-0.6209743000479722
BFMBB_at,71.0,9.201894290577822,0.2767840440749334,8.49688439559264,9.059647075990881,9.21663448623223,9.36172908287991,9.75431013872215,0.030079028875428765,0.8067286530637817,-0.046892178170205856
BGLA_at,71.0,7.015006446019275,0.2639812220762333,6.38283550228974,6.849712666392884,7.01963573557854,7.1849965484204095,7.67712078137902,0.037630930792092385,0.750749172840032,-0.12175204808598306
BGLC_at,71.0,7.209214306909754,0.2992022877571726,6.24862848887446,7.016101506922535,7.23151742562142,7.38584143053681,7.8960866281379,0.04150275952684591,1.1366405559269128,0.8893758641362872
BGLH_at,71.0,8.3221982903861,0.7065910735543138,7.09289489736517,7.81714954953898,8.16308001334216,8.60552162704085,10.5590470154034,0.08490437849463117,2.83230690241276,1.1112067617973498
BGLP_at,71.0,8.280835891610941,0.6743256591004091,7.20859549303034,7.87248174312937,8.14543267255115,8.633569685460335,10.6046996481893,0.08143207617283511,2.790152880998464,1.2480948835204515
BGLS_at,71.0,9.10892969940994,0.9521708052264015,6.3657253870159,8.454903002615112,9.15076778429521,9.74228033397069,11.4350363134615,0.1045315790820168,3.22492741072346,0.45315944748001113
bhlA_i_at,71.0,5.802691625334182,0.36429719387993115,5.10100715507381,5.57661465881281,5.75141870389437,6.030613767757675,7.14168781615943,0.06278072615291717,1.717127790830282,1.857810068266188
bhlB_at,71.0,5.151583774688107,0.7223582142864738,3.78198431891911,4.55153592146217,5.12428875210583,5.637333371693675,7.04471603122757,0.1402206090165364,1.815647592864698,-0.4716390618755324
BIOA_at,71.0,8.699006494864719,0.6700358781380444,7.19962090476175,8.151585551460734,8.67088950443659,9.248583536511735,10.0042226211287,0.07702441405620129,1.4822354252357721,-0.7906912721915664
BIOB_at,71.0,8.413343134138879,0.6845071239661473,6.87968815710405,7.956142830332144,8.31288434442329,8.91263126571127,9.94235209652463,0.08135970601134977,1.7052668306371819,-0.49521606326746026
BIOD_at,71.0,7.394780316081866,0.7951082312633798,5.47842942758445,6.905180916066605,7.35473215312236,8.006717653592016,9.00032015928211,0.1075229009216421,2.0743319499907407,-0.3706621311722982
BIOF_at,71.0,8.600870335714118,0.6350105603092007,6.87124229091916,8.123104674535815,8.56355614361968,9.068044330542744,9.89889152704363,0.07383096541665009,1.653571726041279,-0.3758088086380913
BIOI_at,71.0,8.062879557894856,0.4136454871770289,6.81270065104092,7.8077999827809705,8.07507537734329,8.300855342068864,8.97400676906674,0.051302451463758184,1.4206186841833586,0.5034174383996386
BIOW_at,71.0,8.603383456124075,0.7965962326687979,5.92778891363826,8.07716314678785,8.66373452763502,9.190815325509154,10.0029356643769,0.09259104127246164,2.9455275436420694,0.782157835082212
BIRA_s_at,71.0,8.612178783172517,0.2960648952680358,8.06403887094065,8.415540975355405,8.65109677504903,8.812608768159105,9.10381139649578,0.034377467389149194,0.6336027882073872,-0.8670244562085623
bkdR_at,71.0,6.87999182876322,0.2131850435966331,6.43631263123542,6.7172157577029346,6.87851454912747,7.022898571527745,7.39658692207946,0.030986234998909328,0.5263476660297413,-0.5187878595432158
BLT_at,71.0,6.503158722754888,0.3552767858415019,5.65493189054879,6.262155723148146,6.49928343991238,6.70765849959713,7.86743065757994,0.05463141851334031,1.7752801500854352,2.1578357512430824
BLTD_at,71.0,6.891110131991552,0.4319264719330313,5.78075689396627,6.67371060695375,6.81330779166831,7.159276569432764,8.17202814682168,0.06267879393304707,1.5757554781318666,0.729810916386815
BLTR_at,71.0,5.915329604670136,0.2885497453354072,5.27088487086592,5.7497132251071505,5.87547586945268,6.097817666662365,6.7526666359078,0.04877999445839806,1.054420640113168,0.7361685424575728
blyA_at,71.0,6.27378582198109,0.6148196567808797,5.0021371178057,5.8763871442111295,6.21831438130759,6.683845069130475,8.27965349858899,0.09799819028357211,2.268358223965174,0.7735045358681027
BMR_at,71.0,7.793512625491185,0.2839682058253886,6.52997061937998,7.6248506568922,7.81796214461334,7.9752213197333,8.44369468500762,0.036436484993503375,2.1022123772074846,4.705462412094112
BMRR_at,71.0,6.735316155787858,0.3149432030243185,5.51144145590037,6.528721280670375,6.72144102607093,6.939728057034245,7.48712728856841,0.04675997321279097,1.6624198386030598,2.455981252540081
BMRU_at,71.0,7.4957140633752966,0.3192446925345848,6.48178843318455,7.3082712755721,7.47577591870617,7.704313297981354,8.29812956887105,0.04259029758011206,1.264219161578352,1.0599826097739369
BOFA_at,71.0,7.105354665005501,0.32127607761330096,5.71581183176075,6.966598669482465,7.08550740142356,7.307486508705395,7.824055728868,0.04521605081807021,2.209580929330802,4.149082004140949
BOFC_at,71.0,8.191018758721508,0.4226371685053873,6.41798056325063,7.990323261671005,8.18392114135374,8.467949572607285,8.93713358979244,0.05159763162004459,2.489268937301101,3.1033179601773506
BPR_at,71.0,7.790099082951363,0.5783214866108132,6.63655623323313,7.378458486317565,7.87246584867907,8.19585664656109,8.96262485232115,0.0742380142348215,1.3310563884440851,-0.6960193708224751
BRAB_at,71.0,7.461189310960561,0.32964593343304754,6.51865233128725,7.23824346654221,7.45997483278311,7.6878212799054,8.17363929391189,0.04418141930118224,0.9209604028190155,-0.17486530299773628
BRNQ_at,71.0,6.470103189754087,0.24512500010412136,6.00371266691051,6.308840484619165,6.45390361635876,6.62785026481245,7.27220059294252,0.03788579454069541,0.8707152777026996,0.6280839523214059
BSAA_at,71.0,7.033819327231328,0.3849537710586194,6.06497942496619,6.805738233097875,7.07591774826857,7.278089585735875,7.99363914959781,0.05472898195839017,1.239734543634699,0.2769238852100613
CAH_at,71.0,7.447556189250256,0.266419023590807,6.85054619458004,7.27236661013721,7.43581086096602,7.6072861054812595,8.33065040934531,0.03577267721395028,1.0872298419134425,1.1879623964406711
CARA_at,71.0,9.277486391498005,0.868142403846644,7.76241216392551,8.760475687707835,9.08233985991596,9.591186967414089,11.85305369777,0.09357517405169354,3.21053736131271,0.7827160692649646
CARB_at,71.0,9.308938140612046,0.9635042037863066,7.71099592346049,8.64020595118439,9.05802608515004,9.67363467276246,12.1551950778136,0.10350312669742996,3.3426015883028697,0.5402923321469459
cca_at,71.0,7.970902850208422,0.3905489897425181,7.21692179875219,7.686384032478495,7.86892694459038,8.20768329837559,8.93137289966195,0.048996832238685,1.112794680974152,-0.11607710657232406
CCCA_at,71.0,7.98639944110701,0.5292152547568144,7.02728169849633,7.574426824253255,7.89104027232615,8.427866290456894,9.10177453454667,0.06626456122803931,1.1468207045693286,-0.8384992357548859
CCCB_at,71.0,8.89834165409479,0.3780880168177436,7.83743028357227,8.582307981955474,8.94369815663786,9.11874972416564,9.86266312211484,0.042489716793887904,1.095235556680727,-0.06581980118392705
CCDA_at,71.0,6.4813317014929765,0.32540552022932456,5.59857453143318,6.223403893563825,6.52973269306408,6.7334914998627795,7.19313161631682,0.050206583340637746,0.8417590414241923,-0.3940274858138242
CCPA_at,71.0,8.049659333794374,0.27057149991566554,6.57181056078395,7.940130509728554,8.06670458885567,8.195454953671646,8.6824431387006,0.03361278890148089,3.9401567790430168,12.28596609405843
ccpB_at,71.0,7.377794178562194,0.35449972862443313,6.69676978767777,7.160993755268235,7.34074844774356,7.62593489089253,8.25460661978377,0.04804955519828815,0.9293554593211519,-0.35718363680671494
CDD_at,71.0,8.878525386270342,0.5632435217831727,7.5785653116792,8.46422914397765,8.86043036681458,9.28370715566024,10.0165931328125,0.06343885918873043,1.3586881494471221,-0.5788378166968053
CDSA_at,71.0,7.918926016002386,0.2988478458885548,7.18534614729033,7.749381245380125,7.93090612849535,8.115282542438106,8.63436039268546,0.037738431358576886,0.9178206627083426,0.1188635144136887
CGEA_at,71.0,6.828976283331972,0.47541864955094226,5.81751326061568,6.50270339777153,6.83999809216041,7.21586175422822,7.95038108966545,0.06961785043994581,1.0730535600764262,-0.7431526380705016
CGEB_at,71.0,6.8258613336378335,0.4403773345022621,5.81501171256966,6.544802931815765,6.78103789967522,7.08645221913672,7.96984051544072,0.0645160094788453,1.2945317884457783,-0.020478104245914786
CGEC_at,71.0,6.05968124807713,0.37325042218314924,5.35544301119455,5.81958436337682,6.06502434624512,6.31106996070951,7.15836583830249,0.06159571880147818,1.0906570005151721,-0.039055318778846715
CGED_at,71.0,6.482010362287907,0.36421384660105877,5.73541058983252,6.24484974306311,6.49125071963307,6.74182676246096,7.33610262574698,0.05618840857151992,0.9333228012881241,-0.4196848796595556
CGEE_at,71.0,6.668082811572248,0.2509218887995885,6.04635770122573,6.523902375962095,6.65882962601114,6.7762018945013,7.28594020776069,0.03763028982845286,0.8779030031207469,0.5715244873786576
CHEA_at,71.0,7.6825716851589565,0.2916289440863623,7.18706188128333,7.417385586830685,7.70064446118241,7.877175070356175,8.34160439906205,0.03795980773595975,0.6644192028713218,-0.7206711237994918
CHEB_at,71.0,7.243940466255988,0.30044756479717316,6.55071822692534,7.0722050384155555,7.23355914938333,7.43485553074712,7.97498435772464,0.04147570872465476,0.9071431148855502,0.06391983676886781
CHEC_at,71.0,7.716315511996863,0.25927440669915575,6.87262933395245,7.57912035422048,7.70195446707093,7.86725108639779,8.39525372459619,0.03360080420455222,1.1340241514813898,1.4981298485417192
CHED_at,71.0,8.483004118624137,0.23232573696376307,7.36545193409665,8.394990851227455,8.51785732735392,8.630004857574505,8.87733077858802,0.02738720077403948,2.1881231658578435,6.839369424456084
CHER_at,71.0,7.254238809885833,0.2754838796882104,6.67929323532312,7.06845454145917,7.25398494411995,7.422054181805855,8.03002777379118,0.03797557357951743,0.8162777515565297,0.004374878517906744
CHEV_at,71.0,7.0009691721116925,0.3274188751629322,6.25061499867231,6.781961463646175,6.93656284443855,7.20959289384543,7.80836662749965,0.04676764989441788,0.9678633794231009,-0.0030673379184955607
CHEW_at,71.0,7.958680696314929,0.2788233829056482,7.33853073463597,7.751134774160195,7.94194509793528,8.15368180925594,8.77219718240623,0.03503386975114487,0.8657543803467959,0.1546842622002469
CHEY_at,71.0,7.817954213098058,0.4167656903780986,6.91031286149992,7.55326928617898,7.88792136382441,8.121225808715746,8.69204714081273,0.05330879140732968,1.0520667540927715,-0.46014026813147213
CINA_at,71.0,8.583373053377409,0.29886468114272063,7.87223866397342,8.395817912989315,8.5615789455913,8.780987384862005,9.30300147081283,0.034819025024797515,0.844366237516663,-0.14155541248790326
CITA_at,71.0,7.179318654358036,0.30852667478305684,5.0742230962921,7.101153127590409,7.20951175670728,7.349410718490651,7.50553494062831,0.042974367016816145,9.931247157951283,30.949759754400148
CITB_at,71.0,10.009221940418142,0.6180757222830237,8.16234352231695,9.73112351239934,10.1716870470047,10.4900564196337,10.8242085010107,0.06175062616877123,2.383789614728092,0.9506699849451499
CITC_at,71.0,10.393406510339622,0.7093958938382913,8.23583523831186,10.14273936343045,10.5012907646888,10.8737139842176,11.4020031362311,0.06825441621402631,3.2156685047434705,1.6666202799027214
CITG_at,71.0,9.631293919028986,0.5615564744582899,7.54695122636156,9.258319255592589,9.63821687907263,10.020763802239049,10.7489339319639,0.05830540311398837,2.5004299444153815,1.5816075022359222
CITH_at,71.0,11.56931542262525,0.5512282286680156,9.69793526233017,11.3006684472197,11.6773753794454,11.9859187394652,12.3732456160947,0.04764570837009245,2.4971522160966115,1.6636479486863056
CITM_at,71.0,8.117286867289497,0.2623705569796184,7.39548669058104,7.956570714941201,8.08220429125508,8.245026516854935,8.86214399535497,0.03232244483521974,1.055195850528399,1.125359705495642
CITR_at,71.0,6.746354570162514,0.2767750998850394,5.93216033245313,6.551591947701315,6.71525698682109,6.95421021320225,7.34773906811207,0.0410258750865465,0.7943035145499394,-0.09432573109582343
CITS_at,71.0,8.738368750439493,0.2131776171639084,8.26498119311301,8.66232770750933,8.73681967762867,8.868846831227025,9.32103632363739,0.024395584948642354,0.6952110813489188,0.32002427274972023
CITT_at,71.0,7.951278914673736,0.28060280114072683,7.26029148490731,7.740141881473731,7.95838839117937,8.124361688527944,8.5791470580687,0.035290272690961286,0.8082976559697154,-0.0829708256919437
CITZ_at,71.0,12.0795160659242,0.49879092355375043,10.4597692950538,11.900982491326651,12.1493111299723,12.39942671452995,12.8858001223009,0.041292293568019535,2.0012124113461667,1.1151418876423698
CLPC_at,71.0,9.105274986639524,0.6370429331583243,7.66014190641162,8.754925462636745,9.23240062476767,9.528356604463074,10.5749596274097,0.06996416188342239,1.7057612927680916,-0.2978612893548025
CLPE_at,71.0,8.220328685963135,0.38374528109194284,5.8287845331066,8.095465628060744,8.21673798352708,8.397879086220652,9.04828981411824,0.04668247411410913,8.804298093444412,21.159678985146243
CLPP_at,71.0,9.051054154696097,0.6379545716526565,7.38777030325504,8.6970204024421,9.21045579946833,9.458250582229304,10.0544228977179,0.07048400780163896,1.929534778227751,0.06948777825253494
CLPQ_at,71.0,8.568785243152677,0.3988324617095084,7.76637181698177,8.254450906859905,8.51212429650776,8.83868031133386,9.51546435860553,0.046544807740188814,0.9657055441887594,-0.5692297181546402
CLPX_at,71.0,8.516785414249313,0.4592070585405979,7.60637730029,8.152853961326935,8.55033231931175,8.875314533325376,9.29449862161614,0.05391788523546749,0.9096603490798892,-1.0355293997710446
CLPY_at,71.0,9.756924405401762,0.40069065993851305,8.58520973213753,9.47026091607465,9.81936441299709,10.0601222621658,10.66177963304,0.04106731212518949,1.1646576082154505,-0.05538907233557744
CMK_at,71.0,7.671372256691055,0.34558923620563436,6.4456627406831,7.469786782106516,7.67369016256341,7.87127877510997,8.41268910127055,0.045049206926988536,1.4376840892045788,1.2718142523303788
CODV_at,71.0,7.445700586738761,0.5546544564811603,5.81473182733934,7.102652755623935,7.42229942637094,7.752458730765315,9.02964805410813,0.07449325285373859,2.3255206643992974,1.306377029225553
CODY_at,71.0,8.443725237696713,0.6783886773718669,6.36917276598276,8.048428388047846,8.55397680434296,8.995445344961855,9.75294078064738,0.08034234396249948,2.5453922950223986,0.8398352616710563
COMA_at,71.0,8.22598043576867,0.4561995958361747,7.09256433204405,7.968376306530005,8.2513604007218,8.548018324446499,9.28167986174788,0.05545838570834693,1.4426778909274804,0.21541330520898594
COMC_at,71.0,7.033750790398014,0.35393096973746346,5.89291929823432,6.80048124653176,6.99223382908591,7.21633234574429,7.92709996823841,0.05031895218986509,1.365731872654607,0.9527451900573576
COMEA_at,71.0,8.134422763088944,0.2693918624853466,7.52853686401365,7.933311971058204,8.11202871883784,8.327959138938475,8.87135467292824,0.033117514337679746,0.7606525222422387,-0.14330740954347299
COMEB_at,71.0,7.8678336555767965,0.22181896456789119,7.26900305460301,7.70800262619261,7.83995327548013,7.99830056050202,8.60698555218124,0.02819314366295273,0.886246472431685,1.0973881529364284
COMEC_at,71.0,7.170088432027395,0.25433916803114326,6.39355783607885,7.014780385211125,7.15074752867105,7.33604055842837,7.77644929802673,0.03547224981146111,0.919435286725496,0.6946513772688725
COMER_at,71.0,7.3042827685336436,0.29830129043991854,6.42256014413519,7.11358450053575,7.29667972014795,7.49829139128457,8.05954035576724,0.0408392308858825,0.9919025771533506,0.387776174926985
COMFA_at,71.0,7.365705842628528,0.3039540101595837,6.75486558445904,7.138534022201705,7.33151149598653,7.555012670872775,8.06714998188244,0.04126610764177823,0.8110813836934714,-0.30759103434902846
COMFB_at,71.0,6.789704945894302,0.30746911445325825,6.1426969604549,6.570788449321215,6.73687871393506,6.969235412083515,7.73696115309138,0.04528460616527721,1.037233713885056,0.43890289766704127
COMFC_at,71.0,8.072806252414875,0.344600884006834,7.25755323439775,7.857991591295836,7.99239024370003,8.251915156672194,8.97140557240641,0.04268662881680718,1.113454983056735,0.2882186727136218
COMGA_at,71.0,8.037040288280235,0.34672643686026394,7.45887229497368,7.736981436260315,8.02003713478391,8.275552419279546,8.85588551040512,0.043141059945396444,0.7582527516163099,-0.8174612074352159
COMGB_at,71.0,5.91462892871942,0.23100986373653215,5.37748995137554,5.749614060689025,5.90582437735869,6.013620877199305,6.55327022501355,0.03905737224102548,0.8922206757023216,0.9564618179287825
COMGC_at,71.0,8.212990614849799,0.46488504509834766,7.17948237703638,7.87829807312103,8.25445471929954,8.584990823878414,9.23389606534333,0.05660362551222148,1.1112874643268766,-0.6019207698353966
COMGD_at,71.0,6.730075077637857,0.40454118411949264,5.8376725189674,6.42952868577646,6.76680536157685,7.072668170950225,7.50136364653043,0.06010946080879082,0.9384317245299246,-0.6767934786837468
COMGE_at,71.0,6.726849381156816,0.39002599711061703,5.96049390872334,6.465522133261469,6.7249266976179,7.010231543730795,7.78705221240981,0.05798048611035561,1.0973253038493282,-0.15402718211399247
COMGF_at,71.0,7.734689233993918,0.48180413462944305,6.80389882917388,7.399499433032595,7.7572293452373,8.028005286975656,8.83774236461295,0.06229133712469228,1.1957427709884396,-0.5052013018272512
COMGG_at,71.0,7.079439614802911,0.4821980441587881,5.77430916934675,6.75931325834546,7.03463168831971,7.398521765804525,8.37202529422158,0.0681124595159376,1.4387225513818296,0.026193629839785793
COMK_at,71.0,7.733470713576743,0.2844243553507336,7.01520958714363,7.5449743684095,7.75068995852904,7.93146253895466,8.32307023771265,0.03677835811176,0.7925487093638869,-0.18257965737971205
COMP_at,71.0,8.14808592263279,0.6321309016319795,7.03492651914617,7.624903696869205,8.06787543281528,8.59768190128583,9.5245292139695,0.07758029402661562,1.4509916660545106,-0.7025714872636297
COMQ_at,71.0,6.276311375316167,0.7500339444012285,4.84674840384176,5.741840263051105,6.08908363038441,6.796528813418535,8.0592281916508,0.11950234772465312,1.9889842649962903,-0.3251416225698316
COMX_at,71.0,8.080835456353274,0.7077859005790348,6.76172168677608,7.556589950756351,8.05146922840605,8.602739053472884,9.61846803335824,0.08758820847200433,1.7397646888989713,-0.5303637828596051
COTA_at,71.0,8.192842351353296,0.424659112611021,7.0390177626338,7.94926269201126,8.20816660844856,8.533065523574235,8.97988611655224,0.05183294080361204,1.155800929507093,-0.25117681196652386
COTB_at,71.0,6.818304821153283,0.5274015194026177,5.40346322409653,6.518953135116256,6.82313224598736,7.12532402380185,8.06068309286831,0.07735082740308027,1.6914726479134798,0.26284741347504115
COTC_i_at,71.0,8.089119560036274,0.4133304869661844,6.7446911003487,7.8232531006029955,8.0800767189894,8.340046510751801,9.12950490400059,0.0510970920751641,1.6008082187344068,0.9677780283675386
COTD_at,71.0,7.565560145319262,0.4261808044394041,5.98368511377616,7.311721499052875,7.57547941587139,7.87432369523153,8.468912484988,0.0563316920694997,1.9291428791791245,1.6598604965873998
COTE_at,71.0,6.926117272086563,0.450126017950906,5.34132146723031,6.65974379143809,6.92110576816963,7.155738026704365,7.9939756276562,0.06498966163408622,1.9093934967964905,1.3584404729804929
COTF_at,71.0,6.634333243946944,0.4823581372673878,5.57932410347611,6.2752865714368795,6.61341673760855,6.967896779482665,7.74054765231066,0.0727063473495974,1.2598395374195568,-0.3675206944831122
COTG_at,71.0,8.772148811249965,0.4558703855633995,7.49148071086899,8.47015479928853,8.77804843769093,9.092025989356454,9.85307565706282,0.05196792660183354,1.4433798312631156,0.2194617376883068
COTH_at,71.0,7.856693185197266,0.4678344272505428,6.7713082853601,7.56564569655455,7.8673994414079,8.150012956278196,8.9149407459379,0.059545971342241794,1.33472333236504,-0.1121875570358557
COTJA_at,71.0,8.093347775013072,0.6754588854007509,6.70797594908884,7.70058599392899,8.01443961525615,8.553152619485246,9.70819981814295,0.0834585271976231,2.12975277958374,0.20552672034130737
COTJB_at,71.0,7.263427359993642,0.49569146668163677,5.95348740975295,6.989550656466,7.33276265244716,7.62002135805338,8.21622266156222,0.06824484394404003,1.5804822939096572,0.24300252647551757
COTJC_at,71.0,7.665250594817463,0.2606343462579511,6.98735444557998,7.49326549267901,7.65630114456802,7.8490051993036,8.30948002100398,0.03400206464667549,0.7956001908087879,0.09912275695668171
COTK_at,71.0,7.013110720596442,0.2897314210393944,6.47073154658494,6.807007901926955,6.97547086324399,7.210177495640284,7.86701921241637,0.04131282573202462,0.8241724298035501,-0.12105403693843231
COTL_r_at,71.0,8.390366161953034,0.47396193237516715,7.24121318980036,8.07201664759307,8.39316292696979,8.65335010172199,9.3323780740157,0.05648882578264529,1.2497452024056115,-0.3410811300987384
COTM_at,71.0,7.100283643691497,0.41009306977394894,6.07765851197872,6.86609461522605,7.06399143751232,7.350786403886319,7.93183242134348,0.05775727989941795,1.1852698405230986,-0.07273189297272209
cotSA_at,71.0,7.091446763541667,0.24733511981486817,6.54080450750931,6.9532945721582955,7.09862815622715,7.213511759483625,7.75404023943292,0.03487794917765724,0.7503228973750617,0.0790850314492344
COTS_at,71.0,6.685082084042596,0.2858014550780631,6.12817767895103,6.49010845969,6.6620921022521,6.842234335536595,7.33935234158012,0.042752123531927304,0.7867996858656423,-0.2180945704568944
COTT_at,71.0,6.7544167095433245,0.6015142937578863,5.49494022891159,6.42235595246477,6.81947707801994,7.2110533141073745,7.9606275634319,0.0890549576113665,1.3871809781607558,-0.6911885756160996
COTV_at,71.0,6.708831716791948,0.46699771813104873,5.51017657502071,6.36688004882226,6.75573174444752,7.12887742802738,7.59044894625057,0.06960939517415103,1.1038483386471691,-0.6302379273244729
COTW_at,71.0,8.15498816090226,0.4546470432265832,7.42735873850438,7.832898035346555,8.04741674210781,8.384049104058835,9.53945087599809,0.05575079132626006,1.5604529806904528,0.5011329949281662
COTX_at,71.0,6.4274983458155655,0.32539733845065005,5.71975350201493,6.20751324677795,6.40177142783185,6.621889593622495,7.20501604458827,0.05062581442163894,0.8929860291036428,-0.2272690551567491
COTY_at,71.0,7.202514214776802,0.6031822970467741,5.87456830912988,6.774991108662305,7.35693708051436,7.69926132206647,8.24320735805598,0.08374607519819605,1.429724813079542,-0.6232597306296124
COTZ_at,71.0,7.092495020684827,0.5363333244693105,5.92646143606288,6.74989996221948,7.17939622118456,7.47770070998288,8.11866958351676,0.0756198379984938,1.266569211412788,-0.6325448975899923
CRH_at,71.0,8.335124686318084,0.47095281175584763,6.37879047934933,8.02237354226437,8.38625758857083,8.63525704671552,9.16844993583995,0.05650219156636083,2.69511832143313,2.9263295878021447
CSAA_at,71.0,9.154021374464085,0.27765283641200234,8.43174108340852,8.986824167132418,9.15668307872947,9.31956378767461,9.85942892660829,0.030331241872182904,0.9394065044433801,0.44941555811017464
CSBA_at,71.0,6.06517870174399,0.45123142200219796,5.32977108519816,5.81038896535639,5.97461455484878,6.25847479720141,8.73870351714206,0.0743970531111392,8.465579885357368,16.73165967970941
CSBB_at,71.0,8.115654831340736,0.37504246531776,7.5737598476119,7.887125665396285,8.02653777857322,8.22352891807075,9.64848782536522,0.04621222478184198,2.1724435195882426,3.0002713096179745
csbC_at,71.0,7.5399320808276755,0.4444440877650838,6.67251196700154,7.280495830464925,7.50866715477342,7.682649439474661,9.96520273631475,0.058945370197061,6.308433900992269,11.895935792024622
csbD_i_at,71.0,10.673718831701464,0.9079656101158111,8.84744601265954,10.00938966376271,10.5879702758957,10.99821756481985,13.3291987716179,0.08506553567994588,3.450394015346068,0.8906824996180465
CSBX_at,71.0,8.626506438246661,0.3476103238423313,7.94395507070243,8.432141975077375,8.62634603902438,8.823450729561625,9.81337884132836,0.04029560823152682,1.4878298861864503,1.3989481335590916
CSFB_i_at,71.0,7.406171419248067,0.581753438867842,6.14409938376637,6.933325585491396,7.47224762914211,7.76283176861911,8.71482248790901,0.07854982094472049,1.4577209198625558,-0.4798593914092164
CSGA_at,71.0,7.493665466438772,0.5580133331624886,6.49169767708804,7.0505925677462855,7.46049339380751,7.9029939764277,8.98053565836219,0.07446467094929902,1.3057037242336051,-0.655435352474349
CSN_at,71.0,7.19491440535032,0.507329800095705,3.72012930786941,7.116731055397535,7.24669120084212,7.41347730988776,8.08006804354478,0.07051227735502201,16.691222121587934,31.70245142863191
CSPB_at,71.0,10.646869567684536,0.7792662509873199,7.72496801115871,10.348823236814699,10.8337521824483,11.16246544067915,11.8940623781783,0.07319205387399082,4.288420396051881,2.693874181476491
CSPC_at,71.0,6.93820175731077,0.36976220560243594,6.21976391726188,6.65525013172308,6.91852016851171,7.201846310760165,7.81822279189989,0.053293665784915845,0.8910158123462519,-0.5815457682100518
CSPD_at,71.0,11.093682000754724,0.6317344394533497,9.02918180649614,10.8911551538469,11.1266639380594,11.432432292110551,12.1687165766708,0.05694542527993606,2.8134858550343305,1.5825730066301364
CSPR_at,71.0,7.46571660600858,0.23827164250047056,6.44144739350662,7.34429461077192,7.44655015160682,7.6401725741380755,7.88032108012396,0.03191544162133131,1.490112166558881,3.488718115630734
CSRA_at,71.0,8.281552516502108,0.39345216459537546,7.43629909259931,8.075321334788095,8.25964612326964,8.572677741948144,9.30785122500968,0.04750946924642077,1.116110191123101,-0.12941568421084382
CSTA_at,71.0,9.947664452383089,0.550934431901816,8.64497239870783,9.538157426966581,9.94421036838439,10.301464926301652,11.1754148398436,0.055383294695855234,1.4812955609504972,-0.2861370518052775
CTAA_at,71.0,6.925441746506614,0.265387222877031,6.25049034207987,6.7595807012477405,6.89326083378304,7.026976349088216,7.71079532935676,0.038320620198834206,0.9353270167263165,0.5987105114827669
CTAB_at,71.0,8.175394968810808,0.43460648214971614,7.03430641651965,7.93635000723561,8.12413033294529,8.478370027307665,9.13062618724116,0.05316030403518644,1.2928799223199197,0.016826505720167972
CTAC_at,71.0,7.388237881374713,0.3139416146118544,6.65211634451944,7.164868441946265,7.37015411839942,7.59550276457345,8.19748240717404,0.04249208263898509,0.8501184721620536,-0.2658176706205757
CTAD_at,71.0,7.431829081115765,0.354562766193847,6.7574296920924,7.18590233599992,7.4331038627929,7.64546940563938,8.82431456750011,0.047708681446238986,1.7830642561114791,2.191735954429479
CTAE_at,71.0,7.352379675840951,0.3269851455962267,6.5117364488794,7.15294690753861,7.32587989422382,7.54382244461955,8.46193219214501,0.04447337596977767,1.3736975364584647,1.3152319833901842
CTAF_at,71.0,7.119385229989775,0.3308086266964374,5.42146351687443,6.98005565896613,7.14320236978749,7.33355382404962,7.93494111293544,0.04646589782821915,3.8196674224905056,9.092667510616028
CTAG_at,71.0,7.734499084202801,0.25095309255910364,7.10554834159945,7.59117005356475,7.72732526683533,7.90147617637548,8.36115302211905,0.0324459399150565,0.7533733090423093,0.04564706659562967
CTC_at,71.0,9.471598233395882,0.6690477964655847,7.70025850353636,8.953730987074994,9.56291863734453,9.888056893438996,11.4378140752009,0.07063726521956884,2.3087830254600323,0.5208479581531127
CTPA_at,71.0,9.283671614746813,0.5234390157003431,7.77681451088136,8.983423847929444,9.4536434056561,9.686606273576551,10.1897457600363,0.056382758613400016,1.6914773188729568,0.2885638252507312
CTRA_at,71.0,8.053091204687764,0.39914722380648804,7.02429241951645,7.808523546200355,8.02696816907769,8.250794137008974,9.44035492517198,0.04956447327631674,1.808508712357559,1.6644645095599904
CTSR_at,71.0,8.35937542515419,0.5827514547076391,7.26271742375166,7.8292094684785205,8.44298775991102,8.770637454664525,9.5230257134959,0.06971232000827265,1.240667953221671,-0.8787750097662652
CWLA_at,71.0,7.230812333341622,0.5022008225506465,6.14693824105138,6.870371296127395,7.20977586553719,7.499893938212665,8.85241380996213,0.06945289123809428,1.7788045570146975,0.6173801025840238
CWLC_at,71.0,7.731638131195012,0.24149904711251602,7.04669291845437,7.607169148154485,7.73471296994877,7.9006972891961595,8.30584259963154,0.031235172031413943,0.7605391664512575,0.2015001855700187
CWLD_at,71.0,7.169317529633275,0.44037618766597986,6.11168715914179,6.85836820892768,7.19991446935361,7.469048490607285,8.329860266349,0.06142511973360817,1.3767639684489512,0.17724588502769922
CWLJ_at,71.0,7.792544056960804,0.29455992017642735,7.3081653011717,7.608288720902485,7.79250943590176,7.93575615245231,9.06303813865495,0.037800225192606694,1.9159963500616575,3.754238007627734
CYDA_at,71.0,7.206046203457815,0.2640487294363233,6.55469293337106,7.013237877294015,7.18182351473092,7.37720618336506,7.80460039831335,0.036642663949284664,0.7051139945848902,-0.3055169216791227
CYDB_at,71.0,7.64250573739309,0.516254711907557,3.83759671422181,7.566496756654305,7.71319293088531,7.8116699288305345,8.29273836927972,0.06755045133713632,22.48195724182729,42.97685377344523
CYDC_at,71.0,7.352568411794291,0.27258004362692007,6.8199447088213,7.18030980913522,7.30661304767715,7.5150508697489595,8.37607049559153,0.03707276537402537,1.2802910178190912,1.8402340179084744
CYDD_at,71.0,7.601873314067328,0.30358430466222647,6.36316110735187,7.4192868726870795,7.60771544106598,7.848251216459435,8.10431297312616,0.03993545960578444,1.668687147785517,2.686956820756855
CYPA_at,71.0,6.284897752563375,0.3454925104380757,5.59982997932634,6.03476338143546,6.22893649860991,6.44705911186317,7.14192429695459,0.0549718585791093,1.0665076690565907,0.13551098364197367
CYPX_at,71.0,6.982314815841793,0.47146920403544185,6.02059288898451,6.57869267594198,7.0488802870727,7.3270574793018355,7.95645575137357,0.0675233381006756,1.0543741006267033,-0.7650834650469123
CYSE_at,71.0,8.668331156752645,0.2606217365325473,8.14515987679932,8.514214698138886,8.65982084083934,8.839257525812554,9.49271218297342,0.030065964465319544,0.9117942362544674,0.5713387241146739
CYSH_at,71.0,8.513158766844827,0.723707939280486,6.9609327317818,7.915218625376514,8.52615504004787,9.0281358381334,10.3658914180907,0.08501050657002007,1.879602474124757,-0.38303309999771873
CYSK_at,71.0,9.650967139741255,0.6902811424232067,7.84841655345521,9.234766472858295,9.73481082321454,10.1429130706746,10.7745209817907,0.07152455628832587,1.9589373336736846,-0.1281747044250987
CYSS_at,71.0,8.284298297473832,0.2909144228057478,7.6774370318574,8.096147476351664,8.22034629110005,8.460027519317984,9.16855975944562,0.03511636258854388,0.9477317772845169,0.3164093753134485
CZCD_at,71.0,5.473677323704914,0.3279643126627236,4.65215342381515,5.319819501835376,5.49162770636588,5.629353431716055,6.73032346049716,0.05991663250634175,1.9321990602809536,3.105057818769291
DACA_at,71.0,7.547560377343339,0.6509375672002342,3.96971151934582,7.28358471976384,7.61991424492201,7.84350714769641,8.81748582046163,0.08624476448764194,9.358786219586166,12.090131295155537
DACB_at,71.0,7.273034750329057,0.5630838960972149,3.7487062970764,7.071806238870125,7.24598866756876,7.63189641596884,8.0937105764274,0.07742076250518933,12.983043702967521,21.280336221653755
dacC_at,71.0,8.10813824097398,0.3035879409396624,7.15797126026814,7.96013191604894,8.16730625353092,8.31768104706122,8.72790891910044,0.03744237356554916,1.0690007354087954,0.5953610720015825
DACF_at,71.0,7.3020962300615375,0.5076900479911926,5.0814154731332,7.04912121586657,7.34131812035649,7.65794542475396,8.32679521083774,0.06952661701459309,3.6690367848968153,4.519043582137532
DAL_at,71.0,8.05657123945486,0.2512023550480793,7.3355628136328,7.889190536099675,8.07889333345705,8.185939930420545,8.60973158409918,0.03117980932358474,0.7657702725537257,0.09474645139196713
DAPA_at,71.0,8.7842028163379,0.5904224100829303,7.13284618435085,8.422129377030785,8.80251417530816,9.176982462726535,9.84781588397427,0.06721411406676459,1.810961443602205,0.11466317248933633
DAPB_at,71.0,7.95185840051801,0.3782190449509598,6.67603665332401,7.736514369887215,7.91299669113239,8.275299708471788,8.55980240849614,0.04756360411628072,1.7469234460714835,1.7575166871166124
DAPG_at,71.0,8.521807310216138,0.4688764418467329,7.47225096514385,8.18053027436946,8.55780196722981,8.906944833349296,9.41057367300423,0.05502077491057948,1.069946502928644,-0.716823734952206
DAT_at,71.0,8.580607734490311,0.3442056950546709,7.77836622689744,8.346009881122065,8.53486801939279,8.869362387655606,9.22005599428159,0.040114372513629044,0.7473096646063189,-0.8341661661184387
DDLA_at,71.0,8.005595996282743,0.2686898572919213,7.41429248211073,7.816926502309984,7.99082482636228,8.15750965873397,8.61250389313623,0.03356275502994189,0.7256869510621302,-0.27328475776864636
DEAD_at,71.0,6.910188053494595,0.1928805119274826,6.38803924323294,6.81028022473856,6.9128366349403,7.030874960497785,7.39918059316689,0.027912483775306196,0.65624030298243,0.4694590908850831
DEF_at,71.0,8.104804906240725,0.3000323823714466,7.39303910609445,7.887698115735965,8.10771252991926,8.3056189967913,8.73570265184333,0.03701907520814236,0.7988841336247434,-0.31370558481539934
DEGA_at,71.0,8.45423467605843,0.20687702574896244,7.94418461809942,8.317131077874976,8.45468873690369,8.606444679187755,9.00231107933552,0.024470225121005693,0.588852450592697,-0.11916888427394268
DEGQ_r_at,71.0,7.7484230576901885,1.040801222154981,5.90706704561904,6.9089893029120795,7.71449124517814,8.643312331085806,10.0944907742217,0.1343242637122146,2.234532578866425,-0.8597670261481118
DEGR_r_at,71.0,8.103010976878158,0.38427625065971444,7.30164252594824,7.886108429264899,8.02787300219768,8.384119733239636,8.93349142450693,0.04742388375830194,1.0155412578421008,-0.3347996806808822
DEGS_at,71.0,8.367437141479092,0.3076289501347774,7.74395071605746,8.113435854734895,8.36665177270016,8.60124185857347,9.19503352365437,0.03676501477493006,0.7987782166953254,-0.3836894082222737
DEGU_at,71.0,8.090248556551098,0.7112400061032106,4.13451313312341,7.81208483449363,8.08428766894472,8.53864004773577,9.1187317136097,0.08791324532634814,10.610667069307695,12.663115680241528
DEOD_at,71.0,7.8244648583366105,0.6621221809601949,3.72670819207713,7.54260368842254,7.84541558357152,8.21101402532287,8.92659912069182,0.08462204035011212,14.634954521098797,20.270292813057708
DEOR_at,71.0,7.791179994621624,0.1822967351411549,7.17909866727621,7.70987737970471,7.79437377500872,7.90844202981045,8.37398185779668,0.023397833866885025,0.845160506086133,1.7759043091024864
des_at,71.0,5.53507813828982,0.43990723772141677,4.69078993162057,5.166898446103055,5.56178736523589,5.831229841324255,6.45233146528525,0.07947624707920302,1.0199792154577787,-0.6779793150052154
DFRA_at,71.0,7.867018262494164,0.5201796224070453,6.72749721856085,7.489294110114895,7.74125539741037,8.2558819485314,8.89453864534007,0.06612157300905099,1.1517727170768735,-0.7885635938210225
DGKA_at,71.0,7.698176894665783,0.34897450542156205,6.9482749344273,7.479410792261779,7.74665924731455,7.884755048967475,8.45643190487507,0.04533209748185616,0.880176867094057,-0.46244773902304015
DHAS_at,71.0,10.106061736338797,0.6435936639010695,8.28027004831981,9.868000296615595,10.1861300584576,10.57836772582265,11.0708920809955,0.06368392363831228,2.134584332721213,0.3787702081746338
DHBA_at,71.0,7.83441615182316,0.3227548420096689,6.95559751502852,7.70350678586629,7.85908070243018,7.994189509717424,8.93328093448825,0.04119705103162794,1.5186745872729273,1.8491432666716312
DHBB_at,71.0,6.822243382429394,0.3411117330641107,5.9766125937633,6.580114605987725,6.84870664010354,7.040383429302235,7.70533325418368,0.049999936082995786,1.0138038373232547,0.013892558485002038
DHBC_at,71.0,8.106455291857163,0.3169046353921921,7.50677324651132,7.8504802371078295,8.13094925874999,8.257374425523224,9.23346142559623,0.03909287400999041,1.2866445592821734,1.1658704256880883
DHBE_at,71.0,7.677389864322926,0.3379418055276967,6.87845817823535,7.428626105359145,7.72171069054015,7.92110099745314,8.61407204909602,0.04401779921300115,1.0352465826655268,0.11059406100001734
DHBF_at,71.0,7.290665041560039,0.3339843646401046,6.46788074553282,7.097088325314376,7.33050771638393,7.517959505189575,8.39028784580222,0.045809862712968566,1.3595284053033996,1.1770916671053078
DINB_at,71.0,9.282223169725617,0.5964398490586191,7.15285802789448,8.830456539963194,9.35812616631809,9.659690744591035,10.5111438704128,0.06425614189108642,2.3545453946700796,1.0468894643684257
DING_at,71.0,7.735987697447793,0.2316103918299157,7.18348170243478,7.59452411266725,7.72958100690074,7.879734199519065,8.26336307442968,0.029939343350601128,0.673897552849592,-0.05222129747969895
DIVIB_at,71.0,7.504317933569364,0.285983312839714,6.8010998732863,7.330201580910885,7.4931383333793,7.670610812689595,8.26807225679902,0.0381091679978554,0.9860280174074559,0.5176740528625396
DIVIC_at,71.0,8.280936900211252,0.3358746051482523,7.57008033798128,8.078361162549296,8.2702048479669,8.502951362874406,8.98568443191146,0.040559976388623846,0.9235105443670959,-0.2216835262608039
DIVIVA_at,71.0,8.807555044441846,0.7917055506503881,6.16279397472645,8.398083258316724,8.97403982279016,9.381735260629096,10.0130849778135,0.08988936732788369,2.9921752070618357,0.8687296648028475
DLTA_at,71.0,7.647446556510848,0.3727779987870245,6.80558601296088,7.376787703868905,7.62298123537281,7.83500973909768,8.64684254582687,0.04874542058350843,1.2418042374857314,0.3941781329390608
DLTB_at,71.0,7.989774246636099,0.4238216733448528,7.1540196373466,7.62609108787251,8.03560630721173,8.244854709349895,9.27992817472078,0.05304551295968002,1.2667262331036078,0.031639463047450356
DLTC_at,71.0,8.29429741824896,0.4451760679675707,7.07801573472489,7.97148811381448,8.26296562075835,8.646739594353914,9.51203013316725,0.05367254699452935,1.363130606540196,0.10912885505872705
DLTD_at,71.0,8.03776999261432,0.37661482525061857,7.41899000956991,7.717688048850221,7.94865823182333,8.22956025835382,8.95237313217151,0.04685563602798777,0.9487041790243882,-0.46578371035538835
DLTE_at,71.0,7.702933768276975,0.37279466459685084,6.93215282232946,7.424634158640415,7.64642243021788,7.94528624170729,8.53990982264017,0.04839645202872348,0.9244473075400615,-0.5073470221055327
DNAA_at,71.0,7.140343068579452,0.33134801418317267,6.58383052306252,6.922037484423701,7.06885102120231,7.25975099026353,8.32708968792096,0.046405055191429796,1.7444700339043102,2.4414666679748436
DNAB_at,71.0,7.880743562695547,0.22941099433467338,7.1323952757798,7.751972458176095,7.90903828416324,8.04099777440672,8.27550661272862,0.029110323475137305,0.8918971706992036,0.9834699759815448
DNAC_at,71.0,6.864248612666073,0.25898273772353003,6.19033129670871,6.6915176416910604,6.84321847719661,6.99419478584917,7.51789318137653,0.03772921878814951,0.8589809833241052,0.3788605646665548
DNAD_at,71.0,8.130887283635424,0.37368795163559115,7.21799825204881,7.8972227711631,8.12131552698765,8.322729874944525,9.33686840775716,0.04595906185880743,1.4575546118555471,0.9969056575183446
DNAE_at,71.0,7.220861703029186,0.31818465029101745,6.47943280015962,7.02991823481293,7.23515090476071,7.420233249706586,7.95772090537228,0.04406463707199065,0.9421320434260064,0.002141861162420433
DNAG_at,71.0,8.306415234389027,0.47656829425806324,7.20296083748392,7.934222858979725,8.31951174717714,8.63579102505285,9.58962272291596,0.05737352164686442,1.4358541248436272,0.05714044165166099
DNAI_at,71.0,7.514520766515592,0.32271841584205013,6.8157347577425,7.302980400458465,7.48054880165054,7.766819477294795,8.23643554540471,0.04294597431682811,0.8611417076992856,-0.3076279926693859
DNAJ_at,71.0,9.228928820103947,0.3481445180078276,8.36872464428883,8.991480794985385,9.21820515161106,9.497108643846879,10.1255238438206,0.03772317728244288,0.9587506112067289,-0.21711212970375993
DNAK_at,71.0,8.531272819451745,0.6529540184426829,6.7282628200792,8.09844479637316,8.50927390984532,9.070296481031509,9.74815072384006,0.07653653004202536,1.759180297650527,-0.28032362632537167
DNAN_at,71.0,6.056077830464422,0.3542824459496771,5.48006070103953,5.79602471997117,5.98872006829224,6.24001026151449,6.94737317957201,0.0585003125566681,1.112848653742637,0.19291431217542154
DNAX_at,71.0,7.591904694595455,0.3545215617823752,6.60842460391634,7.369649478523945,7.55208100179828,7.808756884986019,8.31560845826895,0.04669731457966707,1.0998595718642732,0.15187753466401954
DPPA_at,71.0,7.936704878216462,0.2556366514379512,7.40091850637877,7.727876094347405,7.91302788725902,8.104090796680289,8.47493682701166,0.03220941881555736,0.6084733976236855,-0.6127514041604876
DPPB_at,71.0,7.304258769485925,0.2769024434348559,6.71486898924781,7.109705422003245,7.26261905367617,7.508916147832025,7.89715128608284,0.037909725295006816,0.6755770547582893,-0.5497111087691073
DPPC_at,71.0,8.559384905451365,0.417846985185563,7.84829514980228,8.227979756365219,8.60112121058324,8.79614274836285,10.1556863342717,0.04881740800316638,1.9520958456453588,1.813615130190426
DPPD_at,71.0,8.20040359157823,0.4918978437061853,4.66980806062148,8.081561637294636,8.25946133239331,8.42682036589809,9.04100274799683,0.05998458956475773,19.315507186124858,38.4441638908815
DPPE_at,71.0,8.106773568450423,0.6418646816619987,3.615677759633,7.924091176457675,8.16048016765525,8.390075082217411,8.83579028392675,0.07917634262784627,22.768974939620175,34.42683468201617
DPS_at,71.0,7.470640622785429,0.7787658660172014,3.79444992380552,7.17968375213999,7.39955661510006,7.695790930101635,10.6255695459501,0.10424351877427596,9.452215068237438,9.718402624617395
DRA_at,71.0,8.407016671543733,0.45689277879119033,7.49580208975847,8.042522162196875,8.29888681594676,8.843077040897924,9.43366063143083,0.05434660077904826,0.9958062600872555,-0.8252668655943296
DRM_at,71.0,8.040563886189172,0.4184236071820339,6.94271702357671,7.71236448923859,7.96841172861915,8.35846309115526,8.91182413665467,0.052039087445189855,1.0502350701884313,-0.47536597779614276
EAG_at,71.0,5.518213858594664,0.5388308931431873,4.30474478725475,5.157449418745005,5.54488873860995,5.907264769861515,6.67980240224762,0.09764588813533454,1.3417375000062008,-0.49642628525655796
EBRA_at,71.0,6.41279694743956,0.24097400567720353,5.88448903352693,6.2416664610582995,6.39627335054292,6.56531728084438,6.99555667625345,0.0375770522054994,0.6937312407896215,-0.08478404128187389
EBRB_at,71.0,6.940484060107214,0.3707808880862461,5.99348602724978,6.724158435114781,6.96497079012395,7.17354126514598,7.81488762953077,0.05342291472397941,1.1153518236062778,0.052071391808349965
ECSA_at,71.0,7.374125950742771,0.2272106897854001,6.73636346104353,7.21717699479177,7.40058744817119,7.505124308794355,7.87072744986202,0.030811880798227203,0.7544894166849295,0.38300046255402487
ECSB_at,71.0,8.05684905382898,0.24282845747809267,7.48066018480812,7.8881739504790644,8.03823302595831,8.21479594693787,8.65187308369832,0.030139382760645067,0.7039923795359775,-0.06332041279402567
ECSC_at,71.0,7.377727191347294,0.3364052685289547,6.55863035627431,7.2058915472807605,7.339297701688,7.569602965296885,8.28636675786812,0.045597412292974954,1.2281937025969842,0.7327033458074519
EFP_at,71.0,8.921628840588378,0.637357690137176,7.44833388783374,8.439781220073616,9.08005206177774,9.437410013584985,9.95640969742918,0.07143961058294178,1.5710671360764512,-0.5230248386149827
ENO_at,71.0,9.78262395913608,0.7762481941199901,7.73789018012111,9.426961518007285,10.0571866913619,10.29872274816755,10.7722860341956,0.07934969159220773,2.3579008807867816,0.08324824041825396
EPR_at,71.0,8.822275522661757,0.3082586871927778,8.04719154985026,8.609441429597851,8.81287431071404,9.062741173698704,9.45107764197514,0.03494094991716758,0.7790855311699008,-0.45694741411703443
ETFA_at,71.0,10.378293203065668,0.506639693764503,9.43605207551542,9.990837097276891,10.4796345362616,10.838890637751199,11.2368915287476,0.04881724613589116,0.963884651646337,-1.118575057335574
ETFB_at,71.0,9.191529228617549,0.9745103305004965,3.5300393786928,8.77086268252205,9.30378370395666,9.849580518809766,10.599859911313,0.10602265480116062,16.87602367453413,15.203120066978583
EXOA_at,71.0,6.04322069222953,0.23810605270128057,5.49885282175144,5.900856598949176,6.07438778881039,6.172260658810935,6.60914279422594,0.039400522474289434,0.7040155374263234,-0.0023360183736684803
EXPZ_at,71.0,8.044398859715642,0.318236091722715,7.37914279587178,7.843251100991756,8.00440893161801,8.19941424431476,9.02241595200495,0.039559959329759566,1.2674857491078932,1.0841400760792004
exuR_at,71.0,7.330442324685352,0.37786944918569804,6.46115153081989,6.99671510571586,7.37212617301358,7.59967780894054,8.06884849517773,0.05154797383961649,0.8329270774439027,-0.799057181821925
exuT_at,71.0,7.7172339477856395,0.3996918444016608,6.91731217996185,7.41209335609207,7.68368386926145,7.98332199515575,8.66105036133876,0.05179211192843871,1.016558843781634,-0.44002663916431084
FABD_at,71.0,8.283740919953177,0.32407987045416886,7.43821074433597,8.08680777989262,8.33038117847671,8.51865102672661,8.89847676616289,0.03912240539459082,0.9353758354503804,-0.0769619048958119
FABG_at,71.0,8.131991179718552,0.43700559397046645,6.98780074407346,7.791932121246544,8.09130152992321,8.485574954751005,8.86476266306011,0.05373906394049867,1.0132363709796441,-0.6780157200833536
FBAA_at,71.0,8.883695011147472,0.7932723843282192,6.99739127690865,8.36799004512576,8.93218712715038,9.558688683251615,10.0376840713581,0.08929531949631343,2.1374955145951304,-0.27996152788561934
FBP_at,71.0,7.821373071982176,0.3993072528587273,6.88610780843609,7.5417261887225795,7.84837426872589,8.055810146724365,9.22303741904428,0.05105334436598235,1.708294844364377,1.3968096319934915
FER_at,71.0,8.668555621380932,0.7350835126267767,6.67712393308166,8.155888304569604,8.80881240262483,9.206007851234133,9.78221873077512,0.08479884593619015,2.0229753552180165,-0.21907320289680543
FEUA_at,71.0,6.821627587932445,0.3140234792766682,6.06165540879782,6.603958149010755,6.78467821284841,6.992893835342384,7.60999165868949,0.04603351256409542,0.98374358578613,0.18399166993770555
FEUB_at,71.0,6.300304530780358,0.2651442368352606,5.65504882042841,6.1322728449069,6.29914461266377,6.5076817694219145,6.74661971667661,0.042084352516594904,0.6847861985792298,-0.3983760734864319
FEUC_at,71.0,8.764307735726042,0.30554106944312837,8.0822700271108,8.59908376230085,8.74157653553979,8.942764509770274,9.59465669768737,0.03486197411777864,0.9626781440120227,0.20307726219268796
FFH_at,71.0,9.229516681950274,0.705529188965078,3.9233511117403,9.080701231018331,9.31892120417012,9.49980127462674,9.96936576138659,0.07644270152789776,33.25915338007684,46.780710348489514
FHUB_at,71.0,8.406741805171544,0.5296550401292792,6.44324376647972,8.20192010783053,8.44052772786114,8.644403046424806,10.203351079027,0.0630036050118077,3.310238928181799,3.4844446827270525
FHUC_at,71.0,7.685443667712131,0.26784096578265504,7.01061550305674,7.516722357153634,7.66856582138142,7.85245245776236,8.31369769307523,0.034850423392978724,0.7648092455473741,-0.10956377030793174
FHUD_at,71.0,7.534258262203966,0.28665502660811165,6.83732660664174,7.391190318672285,7.5119687523292,7.73026564887795,8.18524913715739,0.038046880878258825,0.8272847868424519,-0.0772336051204694
FHUG_at,71.0,6.737976105254523,0.35082157634519257,5.96328429959951,6.51310523084495,6.74665136334117,6.924505887130545,7.84095267054979,0.052066313513876805,1.358129922408689,0.9660141614186077
FLGB_at,71.0,5.7402788138651175,0.37753608138490974,4.80589897420914,5.4588742433732556,5.77415225142597,5.945767793754885,6.74519054590998,0.06576964179388045,1.1365381389942344,0.054499896494213385
FLGC_at,71.0,5.952438119402362,0.4653413162880026,5.13315353138041,5.619619061074825,5.95582729650813,6.18967507172363,7.39907597390996,0.0781765903237519,1.4954975610617576,0.26981750362309675
FLGE_at,71.0,7.446839713164696,0.3937383163644025,6.64198550082716,7.154379138219555,7.4957822081766,7.6978082876110445,8.51418228821587,0.05287320951306938,1.1540109177355105,-0.029677607633024294
FLGK_at,71.0,8.116228546204825,0.3812159864872093,7.30006767939151,7.84969099770194,8.0390565261746,8.402519655414654,8.95548622152397,0.04696959730951233,1.0405406075884873,-0.24290136141388396
FLGL_at,71.0,8.18082535575824,0.5021372136566619,7.03424413299763,7.8543470647713995,8.21016139131153,8.498551634104135,9.24192475962132,0.06137977426730207,1.3666976799165407,-0.2511273276575898
FLGM_at,71.0,7.117056438848082,0.493753876744081,6.03550768190437,6.815292352478835,7.00117220057512,7.459445439620605,8.08296616719229,0.06937613618587471,1.1984808951795087,-0.5629268936835401
FLHA_at,71.0,6.530257412679617,0.29230623188345406,5.86720263814894,6.3598970311223155,6.47782346439665,6.66803842249506,7.4214755479828,0.04476182383191989,1.1118155626193778,0.894347324212232
FLHB_at,71.0,8.096508678382236,0.4146695161510033,7.11115663382,7.7521185194400655,8.16180819757596,8.42125372899195,9.00997783233996,0.05121584285559717,1.0173289822221079,-0.5353288349352057
FLHF_at,71.0,6.986655088995994,0.33134345885676536,6.31519413547265,6.738134359138829,6.98348912137666,7.174366658766835,7.77151354169691,0.04742519197471655,0.8280836987589211,-0.4868121142615549
FLHO_at,71.0,6.6688159691057285,0.22367120748116043,6.05246901328548,6.517336962825604,6.64858496049312,6.78976057584285,7.16538491042855,0.03353986802415155,0.6851771408361318,0.11052607941660719
FLHP_at,71.0,7.670179844346314,0.20813942647737635,7.22020641236875,7.53268125395766,7.66734911734679,7.801818410124316,8.24057607867635,0.027136185943644572,0.6033146188827585,-0.063877912463703
FLID_at,71.0,6.377252881521346,0.29024571619470285,5.56256615353123,6.17845603316761,6.39727511451704,6.52028821791599,7.29820845105114,0.04551265593304532,1.199542110150875,1.242966868173176
FLIE_at,71.0,7.031096754398372,0.728573296853269,3.69169726338975,6.67611906161677,7.1050039281918,7.483042269167305,8.45924977726016,0.10362157175514657,5.801141057614692,5.297710082080565
FLIF_at,71.0,6.387042227308561,0.5021298440933876,3.34247318412926,6.17145970456513,6.49898799856688,6.6155827738443005,7.09077212403439,0.07861696012380684,10.258987386341138,18.499773301630157
FLIG_at,71.0,6.200780481005751,0.4719939208359249,4.01592377335789,5.92647627048332,6.26818968458415,6.466962935602375,7.10499501963989,0.07611846964777065,3.7282739883904426,5.2306412889534695
FLIH_at,71.0,7.005902249438905,0.38053857396267904,5.78248336529765,6.8342082380445,7.01723046803953,7.249763358814875,7.84519512205999,0.05431685461971097,1.6146786599794005,1.3597447421564803
FLII_at,71.0,7.5675574857308785,0.3278423311499473,6.81321610304082,7.37341109361915,7.57410924138051,7.758031170698235,8.23372937213932,0.043322080046053875,0.8595526609756264,-0.35691829501869243
FLIJ_at,71.0,6.8538301837667985,0.5879178069538242,5.59065174905514,6.420236294555314,6.78218251284783,7.276823613289535,8.22439152226518,0.08577945341369843,1.5312719704053062,-0.37521433014103156
FLIK_at,71.0,6.484796369639348,0.4250377768156711,5.39264778338253,6.169571533684465,6.5346262793534,6.71974925254196,7.61755099162161,0.06554373531382136,1.4844332894725392,0.564921082851598
FLIL_at,71.0,6.559511364306156,0.458956362062093,5.43292590134704,6.23757605309872,6.56544052726089,6.870552736419905,7.51470610987058,0.06996807179259151,1.1148723623486207,-0.5609545757986361
FLIM_at,71.0,6.9608416753011655,0.33428078454250437,6.19377616128809,6.76148385887797,6.95606433218249,7.1591557511184245,7.69884015633563,0.04802304091021313,0.9117582621511963,-0.24502764096445206
FLIP_at,71.0,7.889222583352409,0.3399770012871601,7.06981345318651,7.648245042786275,7.91687260430446,8.106073446253241,8.63839242680109,0.04309385337974478,0.9135035101294452,-0.28797926158978626
FLIQ_at,71.0,7.381878080995339,0.38733170104840814,6.66649289574353,7.046687499842635,7.43276927326924,7.65480967767539,8.28389567748605,0.05247061747681724,0.827236943987987,-0.8716283896288224
FLIR_at,71.0,5.6057130484624995,0.3427927238618374,4.76987951558057,5.405596937118705,5.61656317445844,5.82033338486612,6.6341071792518,0.06115060134158249,1.2221349747931969,0.6419573064825306
FLIS_at,71.0,6.930868087139801,0.32002434564794235,6.30887620160662,6.706819748918305,6.94705335972507,7.118894383758326,7.79965667507439,0.04617377529399907,0.9138415086214877,-0.10948207059912285
FLIT_at,71.0,6.314874712844013,0.458733251610749,5.39026793966456,6.003519033187565,6.28539082136817,6.65395715157544,7.30182092071692,0.0726432862836879,1.0888636742557594,-0.6197354954802723
FLIY_at,71.0,7.488995431662504,0.3473930829508338,6.78437105150795,7.272927193154835,7.45582797335726,7.6863575997541105,8.32968310680358,0.0463871404543927,0.9458565389582493,-0.2501048778228423
FLIZ_at,71.0,7.732391503413396,0.2880673688401906,7.06968513884734,7.535748322841445,7.72061135128637,7.908973354478525,8.5280177827691,0.03725462797803574,0.9161407975633872,0.23438467413114417
FMT_at,71.0,8.902526484949425,0.29142915709493206,8.24160515104019,8.727975030497745,8.89964128554598,9.087237994210716,9.58410705640742,0.032735556315122566,0.7726775939600048,-0.3256918318026858
FNR_at,71.0,6.742763463361849,0.2275859778131737,6.29253413109223,6.555087114233515,6.71773414523882,6.944464907834686,7.26040835800058,0.03375262665668276,0.5040632576652796,-0.7878828322365026
FOLA_at,71.0,8.52897211925693,0.38135054395906404,7.66964722577182,8.199062733891964,8.52078971604689,8.814223069511915,9.18722083749141,0.044712368457394895,0.7655312509500656,-1.007487293097412
FOLC_at,71.0,7.8414827572994135,0.2550095471094711,7.32531860321996,7.65957284727856,7.81622468468003,8.053087585446065,8.37662910707935,0.03252057742167321,0.6032949147180694,-0.628055323561171
FOLD_at,71.0,8.823383114506326,0.6043224351081543,6.88164878479316,8.40468582930361,8.88078253499686,9.306007887932136,9.96167517236622,0.06849101158427558,2.0388053316743338,0.43916540111674474
FOLK_at,71.0,9.00487578854244,0.5543733790661091,5.51821551494207,8.78338939875239,9.04989232064274,9.36145976024505,9.59259092710914,0.06156368972590146,12.975445519882046,21.649415233754254
FRR_at,71.0,8.086770500722823,0.6651113672583037,6.53604367378315,7.7111457081878605,8.06600815094202,8.431121145568849,9.97562614503521,0.08224684590700995,2.1567922934002834,0.30051150481174105
FRUA_at,71.0,8.195916573247018,0.3710541165978831,7.34939934244682,7.94624002399103,8.1164320472199,8.468317202709962,8.97680358713997,0.04527304704504584,0.9222072296574823,-0.5014227797539452
FRUB_at,71.0,6.207725060937785,0.41484679015990994,5.5251411914183,5.889941759786135,6.10681140768233,6.471254750739945,7.294519740877,0.06682750703157593,1.1214363890287704,-0.2707230182925602
FRUR_at,71.0,6.321163684704675,0.4739690074092754,5.58522070119877,5.97522074038268,6.18000083278523,6.63430969915965,7.5093506435467,0.07498129000458233,1.268314099932648,-0.29964079867859894
FTSA_at,71.0,8.65721786256613,0.3413860934480749,8.05386011908752,8.406484412618845,8.61222432601997,8.824068881710254,9.45328198418869,0.03943369554371858,0.867253001951752,-0.4431701522888427
FTSE_at,71.0,8.574805666388576,0.2624359997511388,7.79971685475079,8.359885188474696,8.55827303630123,8.739613529547166,9.27323070453333,0.03060547491820513,0.9192952536947229,0.5759936578327682
FTSH_at,71.0,9.25525523698965,0.5839354876115713,8.01850102388872,8.862318057816525,9.43739821923532,9.69870943595795,10.2124470726093,0.06309231595016512,1.3239740843840806,-0.7322906357950276
FTSL_at,71.0,8.766028236654392,0.48117352901394733,7.72955048425387,8.467263921522086,8.76615211095023,9.091440733576166,9.86686631459451,0.054890711736697545,1.1758831023935787,-0.5454586797781968
FTSX_at,71.0,7.004719844311536,0.30226193228716147,6.28419376317,6.797581708303801,6.99594243396147,7.177065123345515,7.7193774857648,0.04315118077600568,0.9513606816351129,0.19962407937209825
FTSY_at,71.0,7.949421817277693,0.2637986425877256,7.43589517071738,7.779977730404919,7.94477282273996,8.120254717318971,8.6350184892076,0.03318463262502585,0.839636185113846,0.23710290975600312
FTSZ_at,71.0,8.881588017565127,0.5588761874317894,7.51202769058145,8.53944737650195,8.89891900879128,9.304041343505784,9.83529002859426,0.06292525461961299,1.4772414936473168,-0.33427216846101393
fur_at,71.0,7.329076899900531,0.4255684349800839,6.4733796819232,7.0016224285542155,7.2788159025328,7.598430380022705,8.5080274107451,0.05806576200419723,1.221876219037674,-0.09293769829927045
FUS_at,71.0,9.643206902777376,0.7043831746077436,7.78671204680495,9.313738205961695,9.79189388567549,10.15714932973145,11.0134244121796,0.0730444946073771,2.177615150160547,0.14038250910381356
GABP_at,71.0,8.598056456189006,0.4839094447723633,7.24579836720447,8.249583955561695,8.57553605470927,8.96068572622778,9.47214681040571,0.05628125928668894,1.2880382342261423,-0.31468571253581823
GALE_at,71.0,8.94631065522368,0.519526647552511,7.7409599775778,8.598070084295955,8.9630363903752,9.34826503590078,9.93466247202068,0.058071608238773095,1.1761181745962233,-0.735999598507818
GALK_at,71.0,7.759952454034192,0.26414171396605074,7.32931718664926,7.56217384925862,7.72965353322204,7.94792218019564,8.67617278137246,0.0340390892251834,1.0268579089499015,0.9832121866189931
GALT_at,71.0,8.704459136303186,0.2272365587024267,8.31422748191362,8.567696680069105,8.66418953463273,8.79722903031025,9.26845237164281,0.026105764315062875,0.7784338599813725,0.4941708885604865
GAP129A-F_at,71.0,9.205818553883761,0.4060343381719282,8.38292120280413,8.958801160718705,9.19987046622741,9.48802909718389,10.3773814048516,0.044106272114241264,1.3148157118359836,0.2956778161498983
GAP136-F_at,71.0,8.121048317115012,0.3826254677943822,7.11739482998189,7.874286691724805,8.16038361017984,8.430920026206145,9.11149635987055,0.04711528030045132,1.1523465843180483,0.05584840648973355
GAP181-F_at,71.0,7.482621891340358,0.5217702817864435,6.12984599430517,7.09628596684625,7.62579043267335,7.856989161416135,8.50481810309398,0.06973094315914699,1.499543057983288,-0.08998369198961598
GAP229-F_at,71.0,8.219479595375795,0.32671855635147057,7.51177072161145,7.9762788597309555,8.23581560828289,8.472289147945975,9.01474575238985,0.03974929952198914,0.7888934384786844,-0.576360882284285
GAP275-R_at,71.0,8.821636399645257,0.355108425411582,7.97253582201373,8.59030276111668,8.79440242265705,9.07435991803513,9.63215012673537,0.04025425775039446,0.906503857395804,-0.4300781044752604
GAP317-F_at,71.0,6.101693223983127,0.292387543854609,5.42837919378845,5.932947892147415,6.04073624627895,6.242666241958675,6.90909760516362,0.047919082969520584,0.9797548826507265,0.4149957610820376
GAP68D-R_at,71.0,7.581050061144203,0.19601721765016056,7.16965689344482,7.459318972583761,7.58993708871341,7.69453766256059,7.99653908570444,0.025856209373266666,0.5118078931540073,-0.3683666158769534
GAP83-R_at,71.0,6.2292619077197875,0.3709268283276855,5.47135927084759,5.9396958035415555,6.22491129129666,6.5153103669132655,7.17928402073966,0.05954587137651156,1.052481601390776,-0.12864699907082544
GAP_at,71.0,9.037276650370421,0.8936546938889832,7.18515153258172,8.45366836585396,9.30648798347389,9.755194535794445,10.6042073681216,0.09888539749995968,2.0040395742582544,-0.7585581419838556
GAPB_at,71.0,9.868249361272934,0.9538819851482555,7.89473446726203,9.167187333805884,9.87731230817853,10.4851158664762,12.2837137277521,0.09666172288791976,2.454938117341647,-0.4079736328495973
gatA_at,71.0,8.895235147830032,0.35010396362413987,7.92949174240429,8.696405710005164,8.86225442529817,9.14280705348909,9.6697377419865,0.039358595675747454,1.0757906625197318,0.12053400922905988
gatB_at,71.0,8.114357507590146,0.5212489010697143,6.9535546327305,7.80841482780156,8.10089494653046,8.474670765742829,9.07611171234757,0.06423785254496608,1.2508499990537219,-0.592115199289772
gatC_at,71.0,7.994500570916623,0.4766927561098319,7.16352905079269,7.632350038001215,7.8994548030959,8.324148772521445,9.21085469562725,0.05962758422258464,1.3080091223931012,-0.2276600819645629
GBSA_at,71.0,8.388921409380966,0.18853901230740694,7.70120162344301,8.27588566038923,8.40976897273836,8.523050302991145,8.70448305171728,0.02247476202322887,0.8922036584141655,1.877568696555909
GBSB_at,71.0,8.425180098441654,0.25193057799613255,7.37312332881148,8.27017705354342,8.44268620962363,8.587329635876554,8.97077929101595,0.02990210002071414,1.5138847893199199,3.229620931018136
GCAD_at,71.0,9.155053402690404,0.4593889822009605,8.26952208746994,8.780399315922285,9.1349442369052,9.492273214030444,10.1619596191508,0.050178733208258455,1.134655879375937,-0.51777866439833
GDH_at,71.0,8.204409584770223,0.32749293970449883,7.52650860665034,7.98281101717013,8.19988563424144,8.443581912607609,9.00459248656207,0.039916698004987615,0.9167603857568144,-0.168997231325537
GERAA_at,71.0,5.758764250315723,0.2574891757290823,5.20672212298947,5.60211631171862,5.787445795273,5.940121245900685,6.29673335643678,0.044712574527593404,0.6118902916062338,-0.6168328176045175
GERAB_at,71.0,5.673632864585637,0.37996729639471755,4.7262665352413,5.4313105571459595,5.66543390429755,5.88564799972814,6.64450922179248,0.06697072324972647,1.1820122768587826,0.1608238054088269
GERAC_at,71.0,7.265056642559349,0.32143377955555524,6.55707399711759,7.08436559178187,7.27756303962538,7.415276406569755,8.73056980678674,0.04424380914975494,2.5560719660564173,5.2868730155751695
GERBA_at,71.0,6.574685639606682,0.34033970537951946,5.82261357015604,6.32658067875656,6.6051799282051,6.800010482033045,7.22115300167699,0.05176516780198173,0.8354855676916425,-0.5337311669043401
GERBB_at,71.0,6.522866265164871,0.3750955706983596,5.79548675912903,6.23322026312598,6.51496316351666,6.793510437048185,7.22015967931286,0.05750471578752791,0.806468130577965,-0.8564860204881275
GERBC_at,71.0,7.490776470678039,0.3136711735888997,6.62651720611406,7.321641912637155,7.54020389935005,7.7305215069153554,8.01682211472075,0.041874320348062294,0.928166951382067,0.00011358128795713185
GERCA_at,71.0,7.217234112575288,0.24996092510066806,6.52805497658154,7.059483365219455,7.23658411760538,7.427976810822765,7.63781214488089,0.03463389453657002,0.7437263020082633,0.01739970967608251
GERCB_at,71.0,7.786062880918455,0.25028564604819464,7.18256360628841,7.570514501051475,7.76792223738966,7.987824724526305,8.22575903094939,0.032145340960651296,0.5592736368230462,-0.7670073202434926
GERCC_at,71.0,7.6939472756780445,0.3297463797926813,6.56199761192779,7.517383932469089,7.74208099252388,7.94666643367532,8.23512038608184,0.042857894391227384,1.2196602457129448,0.7833659564187201
GERD_at,71.0,7.127952062721128,0.3562238397043103,6.15038849402184,6.9287623279126755,7.15254524897001,7.363444840377645,7.84444734097575,0.04997562225023161,1.202387792725187,0.44093042713513775
GERE_at,71.0,7.834108645949627,0.49450419157067704,6.57111387621287,7.55311735746089,7.82014451895169,8.167262234322571,8.86976578999927,0.06312194710579416,1.4282664724600227,-0.07481370504262763
GERKA_at,71.0,7.37690911141349,0.34268058442951377,6.60472568552793,7.11119857083035,7.40285414644283,7.60899717978585,8.18991048075723,0.04645313901174698,0.8774284530522282,-0.42189069605005036
GERKB_at,71.0,7.047239829195411,0.33823924875339395,6.33481824786679,6.79574937909536,7.06786983400279,7.26018343970603,7.74778505053515,0.047995989486852894,0.8595527456398431,-0.4422499749975546
GERKC_at,71.0,8.0227662138389,0.4300049566991417,7.02791068537551,7.6937649816090445,8.06376535618233,8.357868020274239,8.99951415594093,0.05359809138616094,0.9767373528440279,-0.7279212342662058
GERM_at,71.0,7.772527761215427,0.2908518962249365,7.10416745942401,7.577928613453805,7.7286974855878,7.939193722261965,8.46406929131767,0.03742050271936946,0.7825186067588457,-0.2842946781745357
GGAA_at,71.0,5.434542528784728,0.5752835229643931,4.12228222059277,5.11135494545514,5.41898295080437,5.6665577073624505,7.11210480364723,0.10585684442017568,2.195340487799453,0.9075860496656505
GGAB_at,71.0,4.47697323573632,0.3203849538565948,3.87173827892597,4.2891606685568,4.38891863327587,4.607273780195545,5.64159351362996,0.07156284770683952,1.8269067707483835,2.904656605973017
GGT_at,71.0,8.366982301225791,0.5901215244004294,7.40017455607062,7.929462648410031,8.21566674802652,8.679635685768176,9.80183918779734,0.0705297923618142,1.5511564469532935,-0.3498351708773293
GIDA_at,71.0,8.801017468752375,0.37294588661357975,8.11560567954686,8.526047625046996,8.85002796264757,9.07907621420602,9.64653415675629,0.042375314892591415,0.826028475352294,-0.787830691159368
GID_at,71.0,8.098187457685905,0.26662961485393055,7.01750242533759,7.9363145211726795,8.08759306765176,8.274654993926209,8.75251926073569,0.03292460396194894,1.5424577999492664,2.9923235442628213
GIDB_at,71.0,8.762191996226278,0.41970450833535033,7.86195450953899,8.436291926316326,8.80140163918413,9.068882158995425,9.82841954606866,0.0478994877670005,1.0420376881853481,-0.504157037602996
GLCK_at,71.0,9.090006678182096,0.41999910336355006,8.2659142099264,8.71109238067094,9.15332970373018,9.366093576111085,9.90915703687065,0.04620448787695999,0.9472577305429755,-0.74494253039291
glcP_at,71.0,5.473999670808625,0.5110343811540977,4.49802127431637,5.087861750298905,5.4708662986348,5.8259952163525845,6.67984690675949,0.09335667005595695,1.2629032958559847,-0.5163548283306771
GLCR_at,71.0,7.756679231786092,0.34388202302166865,6.79659185312694,7.540775494830675,7.75404573132526,8.013652729168264,8.51890533484366,0.044333665573338996,1.0634793030936356,0.14149378639955268
GLCT_at,71.0,6.75675415751019,0.5343837845285684,5.37583560826495,6.36793222620355,6.66601380104086,7.131201817944335,7.88519596352498,0.07908883053479107,1.5232182561212564,-0.11490050514929351
GLGA_at,71.0,7.420838664946841,0.3559653949099212,6.56107588367661,7.219698793701035,7.42380775045492,7.567753337331229,8.28261664409708,0.04796835115030373,1.0405654978263863,-0.03781720993204196
GLGB_at,71.0,6.8270228617746165,0.3493696647418982,6.06370402906536,6.602490048730565,6.8531499366321,7.0549063120069295,7.6406488054739,0.051174526849479894,0.9606813846074105,-0.22148581451017124
GLGC_at,71.0,6.970961989826277,0.26962038124636317,6.39493627069598,6.794366428872481,6.93825354738874,7.21164920227025,7.48698456518857,0.038677643292254184,0.6226665153150421,-0.6877248207154296
GLGD_at,71.0,7.779081875545897,0.3738056629210872,6.99832722743023,7.546092357634425,7.830353710162,8.08314900816259,8.47405326674297,0.04805267111227768,0.7998965894855109,-0.8672446032006227
GLGP_at,71.0,7.044668710787601,0.3451781940726261,5.80669942082457,6.86987063442493,7.07487565252635,7.25158837963501,7.85705547190436,0.04899849918336825,1.5610422278524514,1.655456855225946
GLMS_at,71.0,9.813397106944,0.3844878538613158,9.02584115646691,9.510191900055625,9.82871083763133,10.0457004456849,10.6727075633992,0.039179893534446966,0.927539781933931,-0.5786829110496914
GLNA_at,71.0,9.062245955003911,0.5963945638605976,7.67853655062386,8.72935064594963,9.18221099300962,9.5155155781171,10.4871191832301,0.06581090016998332,1.4926889183249143,-0.482910913840231
GLNH_at,71.0,7.22628420176677,0.24619020774390163,6.73444067529369,7.04522820735483,7.20995026919194,7.3851883921074055,7.75745429796291,0.034068713722013595,0.638968526844442,-0.38489394856972314
GLNM_at,71.0,6.214980080895869,0.3404541142813038,5.34766734870922,6.000226088563014,6.26392251042511,6.42765905875945,7.09287876152584,0.05477959862298198,1.1111576529640237,0.3227446383275341
GLNP_at,71.0,6.933528721878879,0.43755251613797014,5.58594814963955,6.69284304714559,6.9313807434529,7.267731987360875,7.79804905955501,0.06310675756736465,1.544034950414591,0.6033832514175685
GLNQ_at,71.0,7.245769705088959,0.27026350000564586,6.49323220791762,7.1352691952844705,7.27743212570721,7.405691661814805,7.7799569370079,0.03729948797790665,0.9054696934101127,0.41440721616070286
GLNR_at,71.0,6.402389694669088,0.4220496938847241,5.46378099683713,6.129738289241249,6.31182871929404,6.719932590332515,7.32486591636891,0.06592065057147978,1.0927442273602288,-0.3915537803828917
GLPD_at,71.0,8.323798764823099,0.906792287809091,6.99630833775687,7.776421827975285,8.0376162280834,8.40381640137235,10.8430897810134,0.1089397177213429,4.302576102030424,1.8909463134464453
GLPF_at,71.0,9.026931868883024,0.7581228446554052,8.22096986922701,8.601386903110086,8.80991655427184,9.124626796196894,11.3302565135013,0.08398455374065142,4.619560187916191,3.318863143000385
GLPK_at,71.0,9.650071309946263,0.7973254585204719,8.60045515674786,9.182449508627101,9.4336389772498,9.78314738520582,12.0754750830048,0.08262378928730546,4.198467356427546,2.442442367397069
GLPP_at,71.0,8.091216905488242,0.2893545719742016,6.68769854363001,7.920661949868365,8.06995568100916,8.30984415932646,8.5885201708986,0.03576156409525167,2.664580741297165,6.6174006443217
GLPQ_at,71.0,8.8057222829058,0.7308671367855106,7.81872007186182,8.352312200746635,8.62427727049562,8.881700580023965,11.283869392909,0.08299911277060305,4.652878963945852,3.607737250651563
GLPT_at,71.0,8.208606408515811,0.7099628478166184,7.3684967062522,7.84486305633751,7.98776400359436,8.240377780768064,10.7020155264331,0.08649005841967103,5.064607201502165,4.420255407597284
GLTA_at,71.0,9.772384357049686,0.6192842626976676,7.84692390675469,9.432031857847905,9.91823742246323,10.238591826759201,10.6865690201886,0.06337084585205892,2.0393395854112555,0.3537759752682321
GLTB_at,71.0,10.223150054051173,0.6794077161885828,7.66479755878029,9.876980203346594,10.3795890108676,10.740413833445,11.2844643114052,0.06645776620674279,3.0531436967941668,1.6251820468911173
GLTC_at,71.0,6.932827997147201,0.4181127676304066,6.1661289872324,6.60418562194834,6.92406915362031,7.1768639746525,8.01406168795111,0.060309121732495946,1.075854784063339,-0.40851116394087406
GLTP_at,71.0,7.333051353231129,0.32949945617898935,6.75900329591654,7.08811241541239,7.25853142546605,7.57835566222752,7.99043640607986,0.04493347179872176,0.7205809892390386,-0.8174555580466225
GLTR_at,71.0,5.698384589996671,0.39391888998415975,4.67467097260618,5.455656254138081,5.67477891735538,5.88651523010535,7.27211151057299,0.06912816847702269,2.5145246333146027,3.6258555337918112
GLTT_at,71.0,7.9675637129670625,0.4375793336565231,7.14057558601594,7.561865576553664,8.01820303624977,8.225354384595331,9.11084167885699,0.054920092191339594,1.1767687165849505,-0.285530598805515
GLTX_at,71.0,8.256488721197993,0.6086865732515062,6.61864875804184,7.82660647739012,8.18106758693374,8.740052161461,9.44900350821029,0.07372220732146625,1.6271834021635265,-0.3024714179335204
GLVA_at,71.0,9.188164936964872,0.46469519460655323,8.4547672259846,8.8109692452453,9.16363246716667,9.557527642326246,10.4737453445281,0.050575408451478676,1.2113070164861373,-0.3729888126252745
GLVC_at,71.0,8.951573961790057,0.42491149634794834,7.48799827899316,8.66112508318723,8.9033309522716,9.27358032637299,9.81674371379582,0.047467797078110524,1.5803974509819048,0.805150135957378
GLYA_at,71.0,9.915571382199795,0.6198385440658168,8.35635752885626,9.635254796944391,10.0701232069485,10.3466938983508,10.8040322618929,0.06251163147073266,1.9123858831967038,0.13379253109341027
GLYQ_at,71.0,7.433702951719858,0.23739628294749662,6.18793081008037,7.3211492534657,7.44552956138226,7.568635755239905,7.90522445655496,0.03193513172228287,2.9125170898102524,9.857276880796245
GLYS_at,71.0,7.551072553075347,0.24280077005089834,7.04104220281031,7.35376940484929,7.53453809553752,7.729684980429514,8.15470348873069,0.03215447452587542,0.6152090006324274,-0.4501434828626456
GNTK_at,71.0,8.6583094515679,0.19490986385061082,8.12555766149307,8.525209734722367,8.6916536391547,8.79986310122709,9.20163506875844,0.022511307194652802,0.6699555292640327,0.506457539512041
GNTP_at,71.0,7.511641009394913,0.24177760102684298,6.82997794771833,7.367469071909754,7.50863667717764,7.685953988932985,7.98321671337999,0.03218705482922419,0.6884581116971356,-0.11800812459671883
GNTR_at,71.0,5.8739484115928144,0.3691635026731096,5.18438366363906,5.57132103623705,5.86031120912756,6.149395787932384,6.77877091354694,0.06284759020772623,0.8561094916928382,-0.6775251238274866
GNTZ_at,71.0,8.03308294508767,0.27330080406113305,7.53039644256969,7.806422582307166,7.9737428684688,8.220963711769786,8.7428059878748,0.0340219073958722,0.7025541410988771,-0.41115307834994574
goxB_at,71.0,9.336148753251047,0.5579943293350742,8.21639017122389,8.991802219936925,9.30797116919226,9.580404007103255,10.7714312968256,0.05976707784789404,1.634188361959145,-0.03203413089961149
GPR_at,71.0,7.789718074368723,0.31565812326269144,6.93708877999276,7.60720744590191,7.7870236078767,8.00392096378511,8.3680978858939,0.04052240661973794,1.0789839958306569,0.4862829532310329
GPSA_at,71.0,8.246727009488023,0.35671091903831426,7.70121675844468,7.959927039591506,8.1946173568818,8.45608558687163,9.57319796085589,0.04325484748408809,1.8043370033749833,2.222813655003269
GREA_at,71.0,9.155330378374938,0.6204661034334885,7.65046121969429,8.792009894670194,9.21283864550046,9.5744491861893,10.265996156373,0.06777102275839669,1.6214148331044733,-0.3660528173296269
GROEL_at,71.0,9.77486538955536,0.6185302430572311,7.95659763359143,9.32274217636946,9.7336886167653,10.1282985373076,11.0645291636473,0.06327762259704804,1.8878201776103425,0.09864985309136509
GROES_at,71.0,9.421898048165474,0.7576561271461734,7.67526203917063,8.886645055008895,9.48886148883052,9.95176621821172,11.1565797804389,0.08041438394609839,2.034031347770236,-0.2904359572451414
GRPE_at,71.0,8.126563745358387,0.6134753242713532,6.55223210329651,7.632099298781339,8.13060004838093,8.542840108258286,9.59510261821251,0.07549012639219733,1.7420624654819838,-0.12629156014543863
GSAB_at,71.0,8.07230027302709,0.35820513593245973,7.26874912079364,7.79135246296085,8.02687747160751,8.273747596787615,8.88188869311274,0.04437460498457571,0.9647111108190877,-0.28138937488095994
GSIB_at,71.0,10.196466307007551,0.9386703869795509,8.37237178622798,9.62028999318512,9.97912826907569,10.641510349036,12.8489623597493,0.09205840128500664,3.357885298101042,0.6547142115992384
GSPA_at,71.0,8.27092012852153,0.9219759523576608,7.07696896804399,7.65385739714481,8.12453795063112,8.642312823620529,11.9633505242725,0.1114719932040341,6.725113784369653,4.590320514637399
GTAB_at,71.0,8.78593214623559,0.46501485502973583,7.95797828024972,8.482714212269965,8.7508364139999,9.07672835997722,10.73303196993,0.052927207641704305,2.7017240641869553,3.018744500388305
GUAA_at,71.0,8.828468131113949,0.6577885618824092,7.31356793899191,8.278967809549025,8.96554946634698,9.349574988950195,10.0951901928624,0.07450766680169366,1.4769069522362126,-0.7556572346052208
GUAB_at,71.0,7.849731284498798,0.965383723518621,6.07098003525461,7.067072028878355,7.84215104675047,8.56298784229516,9.9453333271519,0.12298302814836551,2.2651604344937426,-0.6485862746172244
gudB_at,71.0,9.577762251376637,0.623403097616781,8.0595045734041,9.33415994076609,9.67251292593696,10.0494552755262,10.6706465402711,0.06508859598463908,1.7090731853364045,-0.23020453397991192
GUTB_at,71.0,7.186585653466137,0.26758497156796085,6.30093431322061,6.9944608436522095,7.17674748544287,7.38488792478205,7.79072353293489,0.03723395009407602,0.9759608155168931,0.728847406001834
GUTR_at,71.0,7.2687127983926905,0.21869693492340006,6.82360629311275,7.1252589232804056,7.25790877962794,7.39489785002535,7.94260455735065,0.03008743652270315,0.7558409286491892,0.5264195433425227
GYRA_at,71.0,8.122188860529214,0.5156303158830697,7.1322014455412,7.798280545138866,8.13834067690598,8.554918053828459,9.19264246609564,0.06348415737891043,1.189196918270536,-0.6910302483665918
GYRB_at,71.0,8.16108596988963,0.35281456550249857,7.53544722489196,7.918649792525329,8.10763002088309,8.43801709789021,8.89062112294653,0.04323132568437703,0.8360661670705605,-0.6238937345154065
HAG_at,71.0,6.951926454531659,0.4742240176591719,6.09417318451574,6.705592766993179,6.84552775000187,7.122646465040895,9.01585137497609,0.0682147633121242,3.35209287297793,4.351392002643896
HBS_at,71.0,11.152423736880232,0.5860267674475326,9.58760951530629,10.83221753713085,11.2407017512045,11.57585582167495,12.3065953036459,0.052547032041975396,1.8374111050018465,0.1868118509521275
HEMA_at,71.0,8.391280096770608,0.41691616700039574,7.59298457678944,8.056802119012804,8.36120165267098,8.7294990751878,9.15614978317367,0.04968445364621381,0.8503327794305088,-0.9734398178793984
HEMB_at,71.0,8.876931447915107,0.41461429049675486,8.05633808273271,8.551626220749146,8.86242060901873,9.215773862762674,9.77927957697772,0.0467069384200476,0.9299989357357396,-0.7580024197455337
HEMC_at,71.0,8.262489315187471,0.31838011440171854,7.73723439881546,8.03353016660606,8.18325168615925,8.48322059386957,9.05728639896216,0.038533195294606526,0.8367566580703644,-0.350225446269107
HEMD_at,71.0,8.010666760087979,0.3896304800021202,7.38714159084352,7.715885785161995,7.97494939258116,8.27363939869143,8.90078762406912,0.04863895748895701,0.9613443686310342,-0.520532343823124
HEME_at,71.0,8.552333405059468,0.18212752122383719,7.60712193110934,8.48785672021735,8.5639055181728,8.653984044516239,9.01341197710717,0.0212956526128989,2.2438827395016805,9.91213026509148
HEMH_at,71.0,9.365877723311101,0.31622663043243854,8.59190489233903,9.15849021043271,9.31156028301847,9.585891977046636,10.0651585488153,0.03376369410048667,0.8200295983752911,-0.3872822890097347
HEML_at,71.0,7.394592368332397,0.616090774858128,6.04220045384715,6.937710481488191,7.38521759625073,7.8604344437309805,8.46123589593192,0.08331639449073062,1.2999824985092163,-0.8988214658364053
HEMN_at,71.0,6.776366596579607,0.29036412885557605,6.03175977511833,6.637411993069405,6.80154420534412,6.933462740680184,7.55330027820258,0.04284953075031954,0.9911812372885168,0.48138669420600877
HEMX_at,71.0,8.385680768563521,0.38484931574772246,7.35414548799613,8.123882226120875,8.38590173012334,8.615239827330932,9.52308983585767,0.04589362824190214,1.432517350729657,0.8082465294481729
HEMY_at,71.0,8.244896588325803,0.42521680291874375,7.28935641591108,7.949279685404645,8.24875679109351,8.57218349354692,9.08729303870395,0.05157333368144617,0.9879464200724313,-0.672927465886807
HIPO_at,71.0,6.676675961083605,0.34155300942634936,5.94288958385046,6.422841689842246,6.71843353274753,6.878339395683065,7.58169650757979,0.051156145875157356,1.0067311363816471,-0.012098686924280067
HISA_at,71.0,9.688343018413992,0.5577223943658165,8.61190820554136,9.138846797399005,9.6285558038548,10.1254377138464,10.8128948337133,0.057566334439830474,1.0814209450234906,-1.079938777146375
HISB_at,71.0,8.679006882411313,0.658661750883349,7.48409656517158,8.099089912902564,8.59207339861855,9.250585368413734,10.3828814034437,0.07589137326508849,1.4851341363901072,-0.7455833639128628
HISC_at,71.0,8.081182138942186,0.5586260662086228,6.8871492989723,7.65701709483929,8.05611357612784,8.516224863392406,9.14674028026364,0.0691267758360098,1.261648287352935,-0.7416558443444452
HISD_at,71.0,8.7426730721124,0.49867742012609056,7.71848838910093,8.29540680596276,8.69906502951626,9.092011378158496,10.27892948474,0.057039467907908446,1.4089567645208978,-0.14140595511453213
HISF_at,71.0,10.089550058177352,0.5038169370827942,8.98787008044386,9.68691168044953,10.1168652178864,10.5157315333242,10.9619894903134,0.04993452970427179,1.0316600915866228,-0.9648516815749688
HISG_at,71.0,9.424276289764403,0.4821214246076171,8.43696246011531,9.063402326051584,9.37750952521132,9.750837399934895,10.9231652635258,0.05115739498546361,1.4496576017859963,0.05071098889090475
HISH_at,71.0,9.388300597342369,0.5687203765264128,8.51523187408578,8.89025434091101,9.38402179815691,9.793722302634329,10.7112777712423,0.06057756359946609,1.1839574697000028,-0.9287420868559115
HISI_at,71.0,9.331209541731148,0.675091421901073,8.0366683387847,8.795593776726509,9.3824064786486,9.91783436377097,10.6892277275914,0.07234768642606523,1.3610044432415382,-0.9983725093860674
hisJ_at,71.0,8.119398086729623,0.18546866721212443,7.54357217654426,8.007549411667334,8.12705161349621,8.24079414838521,8.48841379965033,0.02284266213221583,0.6972780741785687,0.8477039410707468
HISP_at,71.0,8.199805659590348,0.26997298042384177,7.53888037913139,8.039633464513855,8.1749508590264,8.322052959958125,8.8422259619565,0.032924314505928094,0.8950693315182149,0.37743477974135864
HISS_at,71.0,7.789453537134005,0.3078319242284136,7.05438754558348,7.57490943325103,7.77912692116125,8.0032710211537,8.44797909185649,0.03951906545958743,0.8223325946309479,-0.30448419787294556
HISZ_at,71.0,8.332368389947215,0.4309667383023366,7.6586122308577,8.01296650497792,8.27760413282692,8.570303490206864,9.44943647487312,0.051721997652226556,1.2259135250952504,-0.12109843850518098
HIT_at,71.0,7.421741664928209,0.3587495101746137,6.58350146790185,7.194758000585406,7.35290897056456,7.67211455091657,8.35217806638445,0.048337644500603065,1.0376865089183651,-0.07033478879199295
HMP_at,71.0,7.856727154497423,0.30972589299386954,7.11051494211702,7.62735196421277,7.88067502031635,8.061073876710225,8.47212769228105,0.03942174481858814,0.8274138940073995,-0.3044096374626055
HOLB_at,71.0,7.895176829769389,0.41996647633534,7.07766412817208,7.565677379055854,7.87096081383276,8.18130254734187,8.8508476854829,0.05319278914081103,0.9999983710852207,-0.6117867923005735
HOM_at,71.0,9.265023652706043,0.3402260358829034,8.518105496117,9.027194281590635,9.25805906645294,9.44827328823639,10.0191441202252,0.0367215507089972,0.9568438084411444,-0.15518160303263207
HPR_at,71.0,7.541047072931649,0.5418682059977005,6.41663801137458,7.123762824137399,7.52229559011998,7.878088740975665,8.87430717585217,0.07185583126018658,1.4797770789509899,-0.24147226375054176
hprK_at,71.0,8.688332629953946,0.24355537329048454,8.04770374970352,8.51764894501702,8.68383889426451,8.853064952993545,9.34959878002002,0.028032464186603726,0.8825153290675316,0.7036218390923916
hprP_at,71.0,8.895478344200008,0.4665154345704055,7.88831678199788,8.60998039346476,8.92276727879197,9.16142227547213,9.87365444425975,0.05244410885161459,1.1716612796240542,-0.47373940787969726
HPRT_at,71.0,7.193192532840076,0.43819742970746295,6.34176347393588,6.89030138333484,7.05629058854793,7.462754840240709,8.25111699896895,0.06091835130324952,1.1621751520340156,-0.3248097300994508
HRCA_at,71.0,8.154938004263247,0.511578611006033,7.17582194988064,7.693055810438571,8.19040902264532,8.57569828258779,9.24098918997744,0.06273237279530382,1.0755770317607127,-0.9068510375969177
HTPG_at,71.0,8.115531400028503,0.2975574197253238,7.67807106402154,7.89106750501083,8.07787652439426,8.277951406957694,9.07450015650409,0.03666518001819064,1.2711431219694174,1.390222882772762
HTRA_at,71.0,8.497890359729361,0.21598981648263946,7.98337626434454,8.400216232335534,8.48195334311106,8.585597066072145,9.17597214005532,0.025416874934771252,0.9348525574828376,1.4498343100797122
HUTG_at,71.0,7.8106432019860135,0.3164240102430194,7.14324815203391,7.581317176373965,7.80650325836927,7.998766575627069,8.93477549428776,0.040511901780708945,1.3248231686889302,1.3001540139639003
HUTH_at,71.0,7.448477795772932,0.3556164526269531,6.26786129012502,7.232330084873565,7.42713097263715,7.7184256501260045,8.31724504286707,0.047743507113462584,1.486939740381876,1.2942684821484116
HUTI_at,71.0,8.46708447977799,0.22352875158295296,7.9268480237106,8.346876427009025,8.48170352513481,8.59783915496646,9.28243203890706,0.026399730877471293,1.0346010121248173,1.7677637831270667
HUTM_at,71.0,7.142534158174113,0.21419534169455665,6.47220956924145,7.02107707459976,7.16961066135752,7.262428273310171,7.73980641859644,0.029988703862119524,0.8561695048860106,1.0992771971080924
HUTP_at,71.0,9.242535500678603,0.16306382960064336,8.84323049352758,9.12508226923674,9.26762762399015,9.372736607004175,9.60679345768443,0.01764275934765638,0.4340362345786558,-0.31466174531890756
HUTU_at,71.0,7.211081719614929,0.28809433599027107,6.58927155103559,7.02736922181223,7.22486363312481,7.34436182249042,8.24696923451587,0.03995161158784584,1.2693356013963464,1.5321545831374728
ILES_at,71.0,7.369756238345748,0.2785341638420328,6.73184724435927,7.186119210817165,7.32090878592353,7.555507982132455,7.91808820708217,0.037794216638100626,0.7011945862075192,-0.4674617643223611
ILVA_at,71.0,8.112933338538308,0.44027983269730786,7.03733059651492,7.806897824919314,8.08319060512811,8.412943214913515,9.15041168286133,0.054268883315714785,1.306676827186,0.00941862860651499
ILVB_at,71.0,9.844427014525044,0.6129656049863242,8.31185754863326,9.41848008085411,9.97576628290689,10.315834741464,10.9319704713881,0.062265239417379895,1.5911561204706002,-0.3844636568877178
ILVC_at,71.0,9.778700839175217,0.8514859623247253,7.32713415740439,9.19527797619634,9.99318500934095,10.45562949527995,10.9647488051519,0.0870755713185867,2.238177160649012,-0.34981709542523864
ILVD_at,71.0,8.779707172145725,0.3662397881683912,7.95252906481792,8.495542081285064,8.76628496874281,9.02668176201322,9.70393407894387,0.041714351172248,1.0364489373891492,-0.13654967587293765
ILVN_at,71.0,9.750785836153284,0.7495568078297568,7.44878401277213,9.350323786535036,9.92970655638508,10.366687982887449,10.845790196481,0.07687142558814104,2.269709797600679,0.07319846902531024
INFA_at,71.0,9.658944249011006,0.6405491484235984,8.24508696761842,9.168961960385015,9.75177004908591,10.118107178864602,11.0684123093957,0.06631668347078257,1.5212780168571476,-0.6183297710430282
INFB_at,71.0,9.388297830589957,0.5523594827188322,7.5138041651013,9.017259151568755,9.46786777375132,9.818586213323975,10.4368530734948,0.0588348913387766,2.00721737240518,0.7146631380307036
INFC_at,71.0,11.012433106377129,0.5396053934077932,9.53163325274368,10.738593857829152,11.1125424735803,11.3896652871776,11.7969113882658,0.048999652319823506,1.8498884672079288,0.4968925103252402
IOLA_at,71.0,7.024823618550544,0.19485615416530408,6.70184693977131,6.90262798090136,6.99128314443272,7.141511099133091,7.51446775138249,0.027738227284560553,0.6032074696811544,0.1447602524861451
IOLB_at,71.0,7.337624099020784,0.2641767333777811,6.19858118369552,7.1797359307140844,7.32558762464878,7.462908975038185,8.3498370145997,0.03600303447174894,2.3767448195433922,6.393029537479242
IOLC_at,71.0,7.622060947883244,0.2331236058171673,6.88711021263892,7.46705857917011,7.63302115462787,7.772255884507245,8.18413644792683,0.03058537676504792,0.8506228225752032,0.7304493693264424
IOLD_at,71.0,8.432150317876648,0.2292999510589222,7.90822352811325,8.27942984282829,8.38187330737454,8.583524264613466,9.0551247131431,0.027193532185116887,0.6979872013300079,0.09005795495452196
IOLE_at,71.0,8.468256582407315,0.23100045319732676,7.840697133251,8.34470396024876,8.51028362650837,8.57850015251431,9.29906529958666,0.027278395611822506,1.0889805667424488,1.8585054432213575
IOLF_at,71.0,7.5456714339680095,0.24767537043482332,6.93501861689468,7.406486479371395,7.54840749466157,7.6949776121248945,8.34429618592383,0.03282350319679628,0.9284816103369139,0.8363089960759407
IOLG_at,71.0,7.739856091750685,0.22713415963720285,7.25953418237345,7.590068661821505,7.75485921310027,7.86849056576192,8.21985400646626,0.029346044286183513,0.5925818998773961,-0.37057358904864346
IOLH_at,71.0,7.092713630876569,0.2586018193976507,6.31957798761748,6.955884768226195,7.08850564201963,7.293534526470235,7.67326293141465,0.036460208723482726,0.9368691419101054,0.7029400483027808
IOLI_at,71.0,7.507716650539207,0.252291432960237,6.90829500190574,7.318466082098595,7.50943009296627,7.654472776131215,8.08823061802919,0.03360428272717476,0.7548174962795039,0.03484621592075143
IOLJ_at,71.0,8.227697581559207,0.27246064638711626,7.20282921864662,8.072176172833391,8.22641259168099,8.415502732667399,9.13004625167664,0.03311505359625567,1.5965601067346484,3.071483179636302
IOLR_at,71.0,6.523985327872295,0.21400835253342193,6.08559395318275,6.375749047867284,6.46750920129298,6.661287603183505,7.11564564284465,0.032803316037379515,0.6027657756208966,-0.15076019298272314
IOLS_at,71.0,8.271158113653238,0.7329646489595759,6.61520575379665,7.87262642417113,8.32663126033236,8.75171561275554,9.62962019423832,0.08861693113442819,1.7247563321710975,-0.641449809459917
IPI_at,71.0,7.931189116338535,0.5033711524342993,6.91725996075893,7.66505775899577,7.87583620561679,8.10043551466617,10.233537579909,0.06346729917173916,5.507119395269857,8.451039786498193
ISPA_at,71.0,9.020747129834167,0.32288864233727765,8.20831400751671,8.77430044759647,8.97903247210693,9.215468037095965,9.85896777825153,0.03579400216966436,0.962671288761403,0.023820511424055724
ISPU_at,71.0,8.52414140857353,0.4316492618884766,7.70247897827601,8.267858922941429,8.49923421662782,8.82224617446432,9.51271727627092,0.050638444530533754,1.1609405741246681,-0.2852376694425729
JAG_at,71.0,8.852490893615181,0.290852115338972,8.00006788559072,8.65201636278022,8.87510336528467,9.04001112466794,9.61856310302313,0.0328553984222393,0.9383326879519582,0.28293169732915135
KAPB_at,71.0,7.846820049519972,0.26349680365581885,7.08226575892462,7.6391495014394994,7.80650354484249,8.023402648549979,8.54734068871893,0.03358007473000967,0.8873002977586729,0.43249469139948227
KAPD_at,71.0,7.7536449993015175,0.2368706162711968,7.27454643487769,7.56079541917861,7.73364296972359,7.925634087339305,8.24611965512956,0.030549582330959845,0.5254608229932779,-0.7841561064460509
KATA_at,71.0,9.97011569610702,0.7484374458153963,8.50582439972564,9.385799228814825,10.0228648282308,10.51542920962365,11.4337976066704,0.0750680803140163,1.659464450065209,-0.785327848823878
KATB_at,71.0,8.744283979241143,0.4560202341486938,8.17863204796737,8.505727993311044,8.64866425872771,8.826385790574925,11.0443560360807,0.05215066610728586,6.360989908032369,11.63645271173165
KATX_at,71.0,8.421309155895536,0.6738303969883082,7.585780602902,8.00142065574304,8.1743378955231,8.480063479378485,10.4436758246098,0.08001492220678982,2.6874364130174406,1.0899114190649826
KBAA_at,71.0,7.595651788891701,0.4100742151775264,6.51071358717112,7.31020175058318,7.56346011378902,7.896284608556735,8.45487359571497,0.05398802190711816,1.2504269767953953,0.09564643078933965
KBL_at,71.0,8.36510701760245,0.2206360832580403,7.72414894254825,8.221662853284094,8.38929192035143,8.518240233792895,8.85071428913341,0.02637576336964515,0.907140813952916,1.2203392950949201
KDGA_at,71.0,7.678806959318683,0.25079613179043714,7.0516844161823,7.483267761975875,7.69204896693667,7.84075759596465,8.24850250748702,0.032660819984031676,0.7164383638653685,-0.10829736250166455
KDGK_at,71.0,7.575668562863303,0.21708470644921518,7.19733798430937,7.412813712514805,7.55123717416456,7.744910182118125,8.08255836529246,0.028655517945094175,0.5565507745575217,-0.4184341944937353
KDGR_at,71.0,7.829067821962615,0.23768746193457768,7.21439760496983,7.673431988543005,7.80992755108349,7.976385854543835,8.45401780268852,0.030359612068732018,0.698390116891038,-0.021882122165255424
KDGT_at,71.0,7.215534743050677,0.26333598755022186,6.64905348885356,7.0299851121796095,7.18895839299078,7.39270651358423,7.89121735169818,0.036495699477276065,0.7607599684774221,-0.07412231741380504
KDUD_at,71.0,7.705550250025114,0.27744960726808693,6.94042781077314,7.513760869493775,7.69950751536069,7.907239973401454,8.39726035680962,0.03600646264907333,0.8725812099334653,0.19701604964166064
KDUI_at,71.0,7.610082522601206,0.21613927460558904,7.06073163449481,7.47258958114686,7.58882635628107,7.7253407976667,8.15528112063016,0.02840169918836969,0.6979915287423051,0.2863300299941671
KINA_at,71.0,7.158024392979603,0.2280522081353817,6.5466156863497,7.0561914733176945,7.17138770412027,7.289674079856566,7.73842538490455,0.03185965786300605,0.8004250795433023,0.5833010366898108
KINB_at,71.0,7.782351972607362,0.2426574218782283,7.1840344300061,7.65050013168038,7.75439671891563,7.94242562062569,8.31037975216936,0.03118047381207426,0.7017683585439732,-0.07086117773243439
KINC_at,71.0,7.299082796181164,0.2586480473246732,6.71392066457499,7.16991852595022,7.26529891760969,7.39910111037812,8.09227071675823,0.035435691654298856,1.0826610949260793,1.299080729220936
kipR_at,71.0,7.997413433561301,0.25985016593693583,7.28248780865426,7.840690288066934,8.00328628765363,8.125660346699235,8.8414703905478,0.0324917760092869,1.076466171843226,1.2533343361317097
KSGA_at,71.0,8.117258244330198,0.22417144472293374,7.62110549703941,7.968634203311815,8.09896635590312,8.27641406780026,8.58183253770087,0.02761664566721339,0.5075890611461016,-0.735509267568434
LACA_at,71.0,8.900949329916465,0.7359834376656409,7.97362921700809,8.560264618849924,8.82560143898327,9.053353968714891,12.8387695636477,0.08268594847427899,13.318578105932117,16.02779737952966
LACR_at,71.0,7.782013050251216,0.28699992993975193,7.06619061893898,7.618232092026225,7.74369049835935,7.909943514015614,8.66700144093252,0.036879908590038556,1.2131119688836112,1.342519205806565
LCFA_at,71.0,9.979070706109072,0.5712740477839348,8.60937477967949,9.605185469204724,10.044724113666,10.5157625186899,10.8949361270674,0.05724721916582948,1.3212274188990616,-0.6841734386711651
LCTE_at,71.0,8.728888679304632,0.5964053454601982,7.89388029239195,8.356016636032429,8.68510060673951,8.924595066792955,12.1105204292462,0.0683254612782746,9.665118677781424,14.025899940267463
LCTP_at,71.0,7.544965955621706,0.4445031369225517,6.95108267331029,7.34461559324531,7.47660310531112,7.6484468133455294,10.478197711219,0.05891386913301515,12.598611445379538,26.8773835917776
LEPA_at,71.0,8.245166648694285,0.38056215201937077,7.4170073891042,7.915497216242815,8.26834970670553,8.528852138740735,9.09247365589087,0.046155786563712095,0.9059699432675898,-0.6123467829219433
LEUA_at,71.0,9.081628590165733,0.7300682726345925,7.36590306772856,8.45834857294003,9.29753726963721,9.59826347689459,10.38295803809,0.08038957609708516,1.7110763622957044,-0.6514053567650069
LEUB_at,71.0,9.714925487899162,0.629350067183711,8.09079780423239,9.28657324306915,9.81267348388771,10.1368659339614,10.9089090627636,0.06478176986201538,1.6914534235541994,-0.2872777129578452
LEUC_at,71.0,9.282121394510359,0.7315037870265118,7.49472146917614,8.796802490199276,9.43983245653045,9.77585152941989,10.4282943903779,0.07880782376528048,1.8594557642816105,-0.4415017978022111
LEUD_at,71.0,9.368632033045872,0.738736519206844,7.10263695741688,8.71186614718295,9.55603965086995,9.95187752546196,10.6157982837105,0.07885212233772304,2.121387239221514,-0.09242960238599807
LEUS_at,71.0,8.587134682316222,0.5980413853885794,7.13143878314761,8.24804551351294,8.52275489824122,8.94462936299394,9.69368535356104,0.06964388093506281,1.565033347607836,-0.36212366635402393
LEVD_at,71.0,7.567415131252647,0.3192396574719987,6.75342227736713,7.374516328278945,7.51730955438306,7.67915937007194,9.01910729283567,0.042186090221688996,2.7341793506831404,5.935471951352584
LEVE_at,71.0,7.979447234914998,0.3288465032087758,7.25002831563152,7.782495772380085,7.97808089953143,8.09634353889684,9.24209235057782,0.04121168967317306,1.8541627376041132,2.837060918684342
LEVF_at,71.0,8.309963585841919,0.3068320475719715,7.49986052351776,8.117801701909325,8.29007920042273,8.46109576216286,9.41079823488182,0.036923392551892274,1.5007995184635705,2.0460033337909973
LEVG_at,71.0,7.444379847019534,0.320610600918362,6.72086590582252,7.26568627915119,7.43592841097454,7.5878905234500955,8.62379447391812,0.04306746935363906,1.5886428258095473,2.113535388748872
LEVR_at,71.0,6.189335330852479,0.21290945717763585,5.74453521932256,6.04636462470491,6.16298833662861,6.322047621262235,6.74007954774552,0.03439940571911315,0.6639933774818241,0.16912407822338027
LEXA_at,71.0,8.510406962147394,0.2719142923184142,8.026264300371,8.319393996903624,8.42153228621717,8.701941963106375,9.27606677096245,0.031950797832328716,0.767829306361857,-0.14309529320827918
LGT_at,71.0,8.680954499250925,0.5088824524837703,7.60330316459791,8.342875738808129,8.63503936538534,8.984661223516934,9.80646173784933,0.05862056442384089,1.2826694744516125,-0.46416259393941495
LICA_at,71.0,9.634042220430825,0.8513102195926326,7.79314026274956,8.91976018178538,9.74126295541639,10.28077796650875,11.6471016247687,0.08836480058051509,1.9681603423021943,-0.6850780040983815
LICB_at,71.0,8.677755503175645,0.8134561511883778,6.13407853822743,8.11876152835149,8.5650348784158,9.25058584016207,10.9306737520394,0.0937403860814806,2.8240698214104802,0.5429176417736357
LICC_at,71.0,9.677679586241734,0.6397330445558552,8.25967725393167,9.2485340227441,9.68007325493158,10.0608171189408,11.3719251773885,0.06610397036344655,1.9491474437722918,0.0930457729355072
LICH_at,71.0,10.903410137236696,0.6918880224348284,9.36583438689737,10.4292561467489,10.8556172263075,11.37895608864155,12.570921125077,0.063456112695599,1.8424061805244076,-0.31348548316876323
LICR_at,71.0,8.210702653604763,0.2934542349498733,7.66490695759414,7.987733209258895,8.14989029044613,8.380534625927996,9.05218289705267,0.03574045332417896,0.9012277765454996,0.1187623298087459
LICT_at,71.0,7.24141487116779,0.3157569534570163,5.62601652224156,7.148599460698935,7.25066919271962,7.429091515414795,7.79224428802242,0.04360431753664952,3.5734839835572036,8.849923273831063
LIPA_at,71.0,7.564393437735262,0.5328315098454469,6.36719025519551,7.30152387105443,7.65728053889169,7.92868456578842,8.65313109972521,0.07043942309867131,1.4025166831236437,-0.3459618364050838
LIPB_at,71.0,7.199823986043086,0.4813626155201514,5.89381841150744,6.80866924498383,7.23085988797047,7.533488943539361,8.1232664010861,0.06685755324759002,1.2708546294774592,-0.3375721165573715
LMRA_at,71.0,7.829859972709245,0.179608877809928,7.47794490586523,7.7021575976811505,7.83509932317847,7.92381980966775,8.35974072151911,0.022938964226173864,0.612309104056902,0.47666936950529104
LMRB_at,71.0,8.14689428083114,0.3475638000021948,7.59083771658275,7.88144143478487,8.16664365537766,8.381907082983815,9.31128662453369,0.042662122278912966,1.2526168184398883,0.6829981776658154
LONA_at,71.0,8.27005420153861,0.3212820126164538,7.65325848551181,8.033640762158484,8.24179184871095,8.426282066061606,9.07295506447863,0.03884884001808363,0.9095342414807928,-0.13551279888923995
LONB_at,71.0,7.785836344615361,0.32232542890877425,7.17798543377481,7.586103846010545,7.76525785670177,8.00605459459765,8.79882536782758,0.04139894735029881,1.0891792299013994,0.4449090509725724
LPLA_at,71.0,7.391446947648283,0.23527308572556424,6.73147090525414,7.24049244943911,7.3623454452474,7.553213037258505,8.0463617491418,0.03183045043709885,0.8088558353223348,0.5071843111992549
LPLB_at,71.0,6.613036956161857,0.2644177011120428,5.9551459572895,6.420976204282924,6.60794682805528,6.76277877385084,7.3621921053221,0.039984307189704305,0.8252586678712339,0.17164004678387768
LPLC_at,71.0,7.214841218875702,0.3422961233801978,6.22594614299532,6.998686395515245,7.22372545031629,7.39269525000503,8.00718928844708,0.047443334232314296,1.3001595580443548,0.8887871729469063
LPLD_at,71.0,8.078246969578004,0.273168281849216,7.3913654000069,7.899981126720345,8.07562979682381,8.243472725812644,8.90141621630507,0.03381529221351423,0.8881501332106652,0.30955324318014465
LRPA_at,71.0,5.836496174080272,0.4093645784577555,4.8292578330151,5.585152161703265,5.78809289205455,6.017036622082555,7.04386799151572,0.07013875555607026,1.705399784230098,1.278032743243589
LRPB_at,71.0,6.247076169656618,0.4497186520557999,5.32387839661399,5.98747207453939,6.15766906843158,6.480225527102135,7.71073782506167,0.07198866155021118,1.84673689993247,1.214989401528232
LRPC_at,71.0,7.269745169629155,0.2607816739088755,6.60988655130757,7.16034282794869,7.27526453048698,7.475670590100525,7.87666396673661,0.03587218916535675,0.8482058552425289,0.3108858556903411
LSP_at,71.0,6.938971487450202,0.2422909735497554,6.3999507312946,6.803478125315295,6.94086173913679,7.065704296402014,7.70904112338281,0.0349174188117017,0.9591800258691836,1.0586717922368063
LYSA_at,71.0,8.884058643869677,0.47400498649754,7.84069247279576,8.538465133795626,8.86017233316253,9.167421743348495,10.1981084730223,0.053354553982443674,1.7784399271563176,0.8396537294457986
LYSC_at,71.0,8.388860568101872,0.23523519812839852,7.93114667353866,8.21504900543447,8.41620370170081,8.531467110782192,9.14520005745238,0.028041376563447237,0.7833464328000309,0.3929495441254529
LYSS_at,71.0,8.366760946690535,0.4867202866812828,6.74665934023142,8.048956876607509,8.31958069689903,8.71156014418711,9.24523505029669,0.058173083918909456,1.6581502620395534,0.4741893759468212
LYTA_at,71.0,6.069184832907913,0.6374941777488659,4.72698960733408,5.590287402353516,5.9723972963563,6.56034671747946,7.39248061879279,0.10503785850980994,1.478552511150488,-0.6772425449830735
LYTB_at,71.0,7.325142344936989,0.38148656702936234,6.68245867789306,7.067641032833235,7.24889055252932,7.52709648808082,8.4025468333624,0.05207906537038686,1.3176600361261752,0.5241992243057783
LYTC_at,71.0,6.0859634003509875,0.2983301345314048,5.31088516308237,5.917607104273115,6.08043197267,6.18983916845555,7.02430182434939,0.04901937703309218,1.4609698549522283,2.0522339677066226
LYTD_at,71.0,7.875839404238291,0.4471664468603456,6.1477945310999,7.584631174818435,7.90582818491736,8.176944999315381,8.82261942343047,0.05677698895430857,2.2156320985407985,2.113294407532406
LYTE_at,71.0,8.858854130849654,0.6810334313854554,7.03935486461602,8.414846362886335,8.93171304031081,9.26735219151034,10.3790502095832,0.07687601819899673,2.2113333620651736,0.3050353629410405
lytF_at,71.0,6.84944145276,0.3724727466375642,5.80262044381634,6.582183152146795,6.81647143157855,7.139967994309245,7.66253208890268,0.054380017583400955,1.0163881316433088,-0.24371874020050832
LYTR_at,71.0,6.724430816811757,0.2876063100814729,5.96571844967061,6.567582723078835,6.72654288115803,6.87633362633855,7.91169751178084,0.04277035750928213,1.8903633843861887,3.8263863801443794
LYTS_at,71.0,7.861054130557293,0.18262893325150895,7.36079382663067,7.76395977213237,7.84486076164839,8.000021629746584,8.28196579117461,0.023232117502104244,0.5257409865289379,-0.0849160066965684
LYTT_at,71.0,7.630785767592484,0.18652832664528782,7.20438682917984,7.539537036100695,7.62955456677363,7.749775252517004,8.01296527932799,0.024444183381148385,0.5085068298716918,-0.24646562111044457
MAF_at,71.0,8.967073328599563,0.5815569498468012,7.64823980322561,8.590918557763079,8.9321768619724,9.404698321449976,10.0210903271259,0.0648547110674321,1.4035359509585768,-0.577615954266347
malL_at,71.0,7.9672920571686685,0.25126920285927556,7.47083300487656,7.81528819278685,7.94282379678199,8.167184769537865,8.75357783895246,0.03153759157519436,0.8122180881638136,0.2896142355377602
MALS_at,71.0,10.662854033582514,0.5732123388415932,9.3479668587023,10.3738288246501,10.7512633686664,11.1309792674766,11.5489604324555,0.053757871676407526,1.5065992483443316,-0.35003978875700303
MAP_at,71.0,9.917108882297295,0.5841607839318306,8.43976919202738,9.504753249024684,10.0346258423347,10.3667844815772,11.1220245588682,0.05890434307670018,1.5370650943926234,-0.3469773586335143
MBL_at,71.0,7.95579951054092,0.3439306198834605,7.20867434975941,7.719518093739985,7.89347443510224,8.172140502941744,9.04826403785556,0.043230176857495556,1.2729128827662197,0.7857925473887364
MCPA_at,71.0,7.412025056768163,0.31601461926691593,6.77134795088606,7.2139173924974855,7.38053612384801,7.60194428626966,8.1412346967314,0.0426353954346596,0.8785847896306597,-0.1892479841380652
MCPB_at,71.0,6.720793252145951,0.21684036845286261,6.05053225427403,6.584737148337235,6.72562181256584,6.874565125944056,7.2033346830577,0.0322641034052975,0.7041110693464842,0.3051560804359368
MCPC_at,71.0,7.470225711476544,0.39333050796992014,6.74004275227008,7.172000019954375,7.48273480602385,7.71411662846632,8.39259650541693,0.05265309552369276,0.8827628886188833,-0.756644450905938
MDR_at,71.0,6.623385564237654,0.3704192052918233,5.72775439722378,6.440742353436271,6.60018255666646,6.81788034326254,7.55032380227107,0.05592596138323381,1.2760857444878215,0.5146306697900824
MECA_at,71.0,8.8948979293058,0.5355143099004055,7.70015797978582,8.54408540974765,8.93842614232422,9.271852664947879,9.78594364319352,0.060204660487003424,1.252450372985585,-0.6566366076010977
MED_at,71.0,7.919132632569781,0.20607088188447592,7.3484244852679,7.816525507067295,7.91384532607766,8.02528023690753,8.46196201996984,0.02602190055978458,0.828929924377537,1.1261756838455161
MELA_at,71.0,8.46968901663536,0.6031125789318533,7.43149558078093,8.012336895181015,8.47506521686455,8.838760121627097,10.008831422292,0.07120834988714188,1.7007410845588116,-0.14717385719313691
MENB_at,71.0,8.804600056278082,0.41798016227286017,7.86434659234516,8.498265193120535,8.79185646151424,9.067191652142174,9.74204616544067,0.04747293001398982,1.0379974881403915,-0.5035465710480294
menC_at,71.0,7.97314460109095,0.24814848077521878,7.44655075284814,7.7929042917385996,7.95876537802977,8.152409940805196,8.56805489470538,0.031123037796312526,0.6102638050020528,-0.5290607059997239
MEND_at,71.0,7.819911863916206,0.3263904217759433,5.72170139301236,7.711605064263715,7.80858924153548,7.961415900907189,8.53916496754532,0.04173837601444362,8.454207241538011,24.292792722198953
MENE_at,71.0,7.712813765789458,0.2374962868220581,6.72651652603759,7.587469196071165,7.68088374688012,7.82163195880982,8.33524566336699,0.030792431145619494,1.5646766022134313,3.8427647445118316
MENF_at,71.0,7.691744253439546,0.2540961345616633,7.21989658827978,7.5097295502534696,7.66705437249673,7.838485706997935,8.3491768530086,0.03303491720334282,0.7744672302940192,0.09422766796507887
METB_at,71.0,6.9504014912519985,0.2175841279392425,6.46787520047092,6.818618493610565,6.95604911236055,7.0593409835822545,7.4748215484469,0.03130526030950888,0.625559859213271,-0.08884795771999476
METC_at,71.0,8.59293202893884,0.7376189669484777,7.35057810803188,7.98034147752665,8.46912170296811,9.220387239942536,9.99561295508799,0.08584019569389843,1.3930071702578977,-1.1333843527901692
METK_at,71.0,7.938992025402022,0.32797954776494026,7.05403809296938,7.70593929118127,7.94795212546993,8.170418928584201,8.63058573041926,0.04131249240653214,0.934144682941873,-0.11727266766724664
METS_at,71.0,8.012024881320864,0.43831697609212816,7.20072387196445,7.669664173833095,8.04593215430076,8.353844414940326,8.889405346013,0.05470739077633358,0.9401268445786138,-0.8619682101929365
MFD_at,71.0,7.584698310840049,0.260604202220745,7.08153311545042,7.41547917781418,7.56401627879946,7.694408614716355,8.77011489643832,0.034359204748894166,2.044656865659115,5.174359513029286
MIAA_at,71.0,7.034293140364219,0.2809751324098141,6.41451923239379,6.800648443166245,7.08255405865051,7.220642781695145,7.68497864860539,0.03994362003447384,0.7503351280130746,-0.30543786846913124
MINC_at,71.0,8.23919948715678,0.3355303027893953,7.62972046046557,8.01120526133143,8.19550508844475,8.459881834168005,9.00137720886943,0.04072365322777026,0.8550445684234549,-0.4347522571961395
MIND_at,71.0,7.737198954823314,0.3283167773470371,7.25409230928008,7.506404630993835,7.63921525879111,7.904260348624205,8.67638132031628,0.04243354465408529,0.9833609711031259,0.03835256253801722
MMGA_at,71.0,8.203406168159885,0.3896420249974307,7.34955421244026,7.9299741845314,8.19010273359813,8.484109676697026,9.12738182869544,0.047497590270461,0.978662097079472,-0.4735500976985403
MMGB_at,71.0,7.423396137212312,0.5090913646184022,5.96338190365499,7.115004986262575,7.5132514768482,7.77523010722301,8.41677250181921,0.06857930726159253,1.7271441397965834,0.459173992864486
MMGC_at,71.0,7.444145241730333,0.3008259156708078,6.18707773032154,7.259814072736045,7.43198353777551,7.614966664510259,8.08533640880251,0.04041107553684473,1.806161012598392,3.224191939092523
MMGD_at,71.0,6.896799772800384,0.3709276701499313,6.02857625029163,6.699622994103009,6.87989454855204,7.128673961628641,8.03069395698333,0.05378257777075053,1.327644566488908,0.6568066518420737
MMGE_at,71.0,7.645288491459256,0.26181916102224034,7.184502098165,7.486356457533676,7.6035247635653,7.78132820428884,8.63363475633794,0.0342458183644378,1.2969542799136506,2.112023747020112
MMR_at,71.0,7.563222398209427,0.354799393954966,6.8287634894008,7.35636032572274,7.56020984632046,7.766606823721926,8.78908805340578,0.04691114121395714,1.532688893585373,1.4409925537985888
MOAB_at,71.0,8.267182608173657,0.22813633619028686,7.77874817473471,8.11248995035048,8.24194115767369,8.435737124204834,8.80058206098635,0.027595415149622,0.5438907823192907,-0.6086931851655311
MOAD_at,71.0,9.363968667922045,0.3618714772814465,8.640875151042,9.14234392452627,9.37247082370343,9.62551407261663,10.1522297647402,0.038645096979136866,0.8761988565029242,-0.5692645290915745
MOAE_at,71.0,8.855465549494903,0.2921086855666329,8.1339645409187,8.6943466257351,8.87728879084545,9.023297527115725,9.65440002120341,0.03298625960814608,0.9986439688235793,0.486851189592461
MOBA_at,71.0,7.787376698940823,0.24984056079014993,6.98483346266172,7.62905373307104,7.77829980217588,7.942624060718876,8.30603549906445,0.032082762969991074,0.9193755274285068,0.7633183346340067
MOBB_at,71.0,8.652199892661764,0.40555514490747513,7.47710923964878,8.38479580393115,8.6588903673549,8.94555085980823,9.58442994272116,0.046873066958547815,1.2387559520111224,0.10115219196341485
MOEA_at,71.0,7.892058730148412,0.3351532458959683,7.03578202869115,7.698590473187171,7.92950943012284,8.096617713199825,8.66299473834038,0.04246715050607152,0.955755658696278,-0.11354796217471641
MOEB_at,71.0,8.10048394126787,0.1838955562042424,7.36473614414757,7.99859269793982,8.08694410843903,8.211804002234508,8.48521038078701,0.022701798749008996,1.0711550090242292,3.0344439642566376
MOTA_at,71.0,6.4119891738583314,0.458497660942267,5.50839340088152,6.121845671870085,6.46129387734573,6.764491039097525,7.2360144367277,0.07150630615715341,1.0170039066650844,-0.7843921978303481
MOTB_at,71.0,6.214645141829155,0.26920751247714186,5.31570713518164,6.030314149757896,6.22866749154592,6.378417253332826,6.80787496883433,0.04331824365403848,0.9707108241407235,0.684922898689317
MPR_at,71.0,8.935340343536259,0.35969168709529836,8.35225866066677,8.672313877829101,8.82998297109611,9.214403550513936,9.77869562168497,0.040254950932618466,0.8170233082353039,-0.7279228362596379
MRAY_at,71.0,8.0121685667243,0.24692949180125875,7.40955752551567,7.86106698805064,8.00223599300092,8.151115565679959,8.77411536177237,0.030819308124244015,0.9164242921349282,0.7965974367356532
MREB_at,71.0,8.81634300122038,0.2877434264561017,8.19480808286024,8.602258268984034,8.81685395108632,9.001211081818635,9.47770496286461,0.03263750360169421,0.7483705529982841,-0.37917667988867
MREBH_at,71.0,7.542432562515917,0.3502185453243117,5.40573235278689,7.393500116472285,7.51994172969631,7.711685161276405,8.12811433497303,0.04643310263916895,7.394625011037358,19.223342188308372
MREC_at,71.0,8.681525098214157,0.5086844266640904,7.32034255189759,8.316139149580316,8.67558149453061,9.02178115265699,9.7561257943061,0.05859390152183398,1.3658077915647542,-0.2900717452547199
MRED_at,71.0,6.670512474704162,0.4973764277206771,5.8358259079213,6.296096864857715,6.5904831618844,6.91577286332082,7.9847555747122,0.07456345065042934,1.5390855525241138,0.14343957805907026
MRGA_at,71.0,10.385999672167356,0.7960309526651872,7.65901993672692,10.0725454726036,10.3524226467036,10.804472043910451,11.9399601106466,0.07664461561638689,3.2473140811587613,1.1863529757398572
mrpA_at,71.0,5.920752308880278,0.20765891771765055,5.55718039890171,5.784437925938185,5.88360553529206,6.04383850233791,6.4566445387651,0.03507306282787611,0.5710919810744054,-0.22107487317704377
mrpB_at,71.0,7.365573370579487,0.23433163252269754,6.7012087014187,7.20468125889916,7.33676233290501,7.538657423134775,7.86148374845561,0.031814445492959836,0.6522064762348748,-0.18600836434771395
mrpC_at,71.0,5.3368000729695755,0.24375379374185266,4.88862748236688,5.149924886475155,5.30710663641086,5.487652925052656,5.92669434629659,0.04567414750581425,0.6091770001291388,-0.4868347787521299
mrpD_at,71.0,7.970744722826949,0.35284634868985304,7.13615975341696,7.709038852940335,7.98746270838303,8.22569777912503,8.83149745001537,0.04426767647938304,1.0309818351053612,-0.039215590100404096
mrpF_at,71.0,6.918046571265944,0.3054829235264082,6.30025183844841,6.660740841115315,6.93796349375816,7.14861514870033,7.67830438987949,0.04415739622153301,0.7607940197383488,-0.49603115180893953
mrpG_at,71.0,7.330084641877585,0.4038973604730422,6.51191557681222,7.02721300471487,7.39450512068834,7.62840286603,8.13897283044804,0.05510132286406788,0.86796264869345,-0.8576140629204443
MSME_at,71.0,8.539715151961344,0.5779017231534613,7.60100503158589,8.096418913930815,8.49570502316129,8.917190841016915,10.1292029777791,0.06767224818040128,1.6652310937845196,-0.08197899176623391
MSMR_at,71.0,8.033796540884842,0.3411224927757666,6.73917099002237,7.8429776204812995,8.02792100164123,8.23394794744176,8.7939970715302,0.042460932516744494,1.6860056457785026,2.1002669454105964
MSMX_at,71.0,9.593528710954649,0.4281438363411252,8.4229937206176,9.36341212139926,9.5915179930051,9.866479093350016,10.9389504164931,0.044628399960093594,1.639926054049838,0.9226360506167595
msrA_at,71.0,7.86603249735925,0.3924043700574298,7.27099412736094,7.56716139265638,7.72473653411182,8.153938380870816,8.97801595341365,0.0498859329896191,1.2125713460862844,0.1388852823019482
MTA_at,71.0,9.048507985593885,0.3292111749813613,8.48219562785017,8.853280276818476,8.99808401633332,9.164498979199266,10.3435717033268,0.03638292362735358,1.8665482122388937,2.870282518975369
MTBP_at,71.0,7.388145965906992,0.47995257459435736,6.34944367402943,7.088319054909411,7.34421360785812,7.66421951265897,8.95099617431529,0.0649625192584344,1.896456232847749,1.050780378793644
MTLA_at,71.0,9.050957234162338,0.9857553492794693,7.48055145227156,8.23011609210309,8.66235672738348,9.769103528347014,11.037310276019,0.10891172323285213,2.03439188521815,-0.947803073573871
MTLD_at,71.0,9.17354309254801,1.1091517138726263,7.55294862369605,8.236626269169768,8.78028231946045,9.994263597234195,11.6849987111357,0.12090766922691289,2.5424670493850345,-0.705890695575683
MTRA_at,71.0,8.7785697093534,0.38278351239355957,8.0650738686668,8.484664603231405,8.64966783343311,9.09729975932144,9.72466887589337,0.04360431426382717,0.8920878943479453,-0.6653738896419901
MTRB_at,71.0,8.84341092485395,0.6470889869541235,7.39617786468816,8.393325494638654,8.76738275774541,9.30148989892816,10.0808875371534,0.0731718781873534,1.44374802696526,-0.7706056814607103
MURA_at,71.0,7.76695149934093,0.5667577079064443,6.36663147954951,7.378913888982336,7.66760063885507,8.180109721162214,8.79188415536283,0.07297041934078473,1.3830237649987451,-0.5492107859984152
MURB_at,71.0,8.543708552486498,0.3044615192871473,7.86095732398786,8.33939439733416,8.53165464576158,8.742397575458385,9.14294490399757,0.0356357566994182,0.743940295151162,-0.545796773629176
MURC_at,71.0,7.7146952512303555,0.37626933372314153,6.91991963467166,7.4455113913275195,7.6781039972533,7.943065075132865,8.57534745897046,0.04877306510106583,0.9493419619506781,-0.4615399482278626
MURD_at,71.0,8.112434560615267,0.3373277609656772,7.30671848109746,7.8739070805889,8.07425992528272,8.318649128853764,8.89951725103294,0.04158156943457593,0.9818727927323899,-0.05103425531699379
MURE_at,71.0,8.586211753485065,0.22343830745999727,7.89516566804855,8.447320901957395,8.59950006496726,8.747306539730955,8.98469364431315,0.02602292068668184,0.7267839593820247,0.3110722367668295
MURF_at,71.0,7.374990060348718,0.20033441157329301,7.01394313648445,7.23012066093427,7.34758012432486,7.519593821481595,7.88349310744007,0.027164024620233918,0.5319482220888292,-0.3214968406288219
MURG_at,71.0,7.793111317430664,0.2019286369301323,7.3861109824855,7.651119767742831,7.78997817563478,7.905269228218695,8.27864367888413,0.025911170610187922,0.5992875648209105,0.009403838740271286
MURZ_at,71.0,9.162174353058742,0.5479576815017736,7.62381674791488,8.844038487999535,9.14772533670367,9.51158067859131,10.4446186727751,0.059806511029648866,1.7765263239044442,0.2998053792274633
MUTL_at,71.0,8.601372346978696,0.2856190022383552,7.90286466541186,8.411329078973065,8.60677117061613,8.7755357627374,9.35286811790269,0.033206212999101384,0.8742355450683681,0.10790256447351654
MUTM_at,71.0,9.397410611642824,0.4782773982422821,8.39472955894477,8.96800665691338,9.45060341183411,9.806247771957196,10.1721839635899,0.05089459405442232,0.9402465431410167,-1.05144892392549
MUTS_at,71.0,7.890543084840392,0.26315202597206644,6.71564489093046,7.74550258463833,7.85383191798219,8.037318684634435,8.5222686638232,0.033350305947589844,2.0107132153577223,4.957351858492576
MUTT_at,71.0,7.606651051869227,0.38461358604463824,6.41046022389585,7.429174823670885,7.58955338633197,7.8563009848170005,8.72373829492318,0.05056280134608316,1.5294655665669579,1.0775560985503523
NADA_at,71.0,9.150551237631046,1.3071662291496666,7.05075482957225,8.28547051538381,8.8159719759121,10.10115470964195,12.2965868518482,0.1428510911751448,3.6212780733473746,-0.19970477364934025
NADB_at,71.0,8.340722311215444,1.1755558930645957,6.77490332839752,7.445573456977655,7.9341524860149,9.01659391246889,11.4944740114364,0.1409417373221827,3.8723297648704063,0.3548162003917983
NADC_at,71.0,9.13506295730418,1.1990919015398027,7.41921491092566,8.27363800846439,8.74547958106557,9.918760716530365,12.1810121621393,0.13126257663950058,3.6451361977065284,0.08574008929557353
NADE_at,71.0,8.998829304713558,0.493404989799193,7.83783179944375,8.654728461710254,8.99049601881091,9.32539493403762,10.2076796400655,0.05482990876832713,1.3430519945591097,-0.25086692842856495
NAGA_at,71.0,8.467780138145454,0.21936522807257536,7.84878149876971,8.359868038080554,8.47815968174514,8.594276785883764,9.10951137501123,0.025905871963347763,0.9257290048089638,1.3352803371897544
NAGB_at,71.0,7.240763091399258,0.23823048163423288,6.59258318728974,7.096053661939245,7.21250559150109,7.370081749825565,7.95991737041708,0.03290129488108904,0.9605922770976296,1.1363929258773755
NAP_at,71.0,6.136089332795939,0.3785528862148797,5.3244009328259,5.89896416016979,6.11776888754948,6.366412484102746,7.37033960091398,0.06169285772806541,1.4005780403761152,0.7844655442561219
NARA_at,71.0,8.420149271702245,0.3928449819071401,7.45921638140801,8.115497429097651,8.39263949920414,8.692895556986475,9.20675060368663,0.04665534650643091,1.0003703643870947,-0.43672349685371836
NARG_at,71.0,8.313028227240522,0.36746933244146035,7.32483265503913,8.162689732482535,8.3312706517602,8.550330248242101,9.26167734589687,0.044204027990344064,1.256608487640762,0.48779046050006025
NARH_at,71.0,7.087580952129093,0.31256496343128776,6.38181630548117,6.90683343805348,7.1098000125977,7.28173990508923,7.86173054525765,0.04410037296821195,0.9252949247442156,0.001472992128852546
NARI_at,71.0,7.592604808376336,0.47872939170780615,6.71032524062483,7.2638091858678,7.58496611432683,7.857182165229065,9.4911701795654,0.06305206234093218,2.508419082304045,2.414971077375606
NARJ_at,71.0,7.189437466025411,0.3054928580676734,6.02365677911734,7.052710230336805,7.19026364680947,7.37805172803058,7.81392612637403,0.042491900028523544,1.7097278702200243,2.7928421072939633
NARK_at,71.0,8.02009349739888,0.21283318792842285,7.61145097366184,7.894549107235035,7.98058927168496,8.144273318773514,8.68916554792633,0.026537494606197552,0.7628616415860842,0.6621669880539924
NARQ_at,71.0,8.61672478804989,0.23597331127642934,8.09354195618819,8.41563426711844,8.62916582727683,8.77509616627129,9.21138660084243,0.027385499372532946,0.6084819331018566,-0.4027048024537718
NASA_at,71.0,7.917889943669759,0.29965813384115403,7.07523808037961,7.73880887549181,7.87369253533882,8.03882333095363,8.87669539718894,0.03784570586014857,1.355941721349884,1.658144094238633
NASB_at,71.0,8.098174158231656,0.30174220709226013,7.40974557827245,7.938136173627665,8.11628417045368,8.28526872308629,8.7681933235999,0.03726052332247564,0.8689312175652493,-0.08388352861823467
NASC_at,71.0,7.020535031453446,0.2963694600768526,6.07598097482685,6.82711142202971,6.9853507479702,7.24181296944121,7.63604896724164,0.04221465440298443,0.9662034653008208,0.3189118026833144
NASD_at,71.0,7.941275164549611,0.22370939599961048,7.51771361399059,7.796518628022644,7.93918777837164,8.070813825240755,8.65081031295706,0.028170462723450806,0.79133928540113,0.6124411238607324
NASE_at,71.0,8.359298604513471,0.2605385282027657,7.90903868616688,8.184258684370004,8.33817143122768,8.506032634660205,9.1724473120638,0.031167510640437227,0.8285277949396123,0.23412857450322822
NASF_at,71.0,8.281973210149959,0.2270723006411896,7.64173884686158,8.128892698773486,8.27388542499419,8.43946914957773,8.71748956618252,0.027417656985765364,0.6216920912990725,-0.23408210160101062
NATA_at,71.0,8.00218216782102,0.3196352727297739,6.81085851667323,7.847653824912095,7.96640648247126,8.21743557262133,8.75098308462378,0.03994351365995083,1.5353267790444,1.9529298398117891
NATB_at,71.0,7.831281319127478,0.4101530825241025,6.81824720582374,7.636377385737919,7.88027522591363,8.09919251538259,8.57266546199475,0.05237368775430477,1.2850037521714517,0.1842866744361955
NDHF_at,71.0,6.363764012404791,0.37157976279513055,5.62341443122823,6.054658386186105,6.41351282207934,6.644421274986425,7.32036272783136,0.058389934333016695,0.909996687111762,-0.539939635925355
NDK_at,71.0,9.074337711899542,1.0076726777926321,6.47568924178316,8.438424103164394,9.23266250119777,9.997577030616906,10.8717712668959,0.11104641570384037,2.36177707024422,-0.6513282033788528
nfrA_at,71.0,9.190704170122547,0.632514299662347,7.78228664885387,8.74007100755061,9.21328192109027,9.722273857017374,10.3084040210033,0.06882109226391443,1.3936661886117736,-0.8000070439729274
NIFS_at,71.0,8.009736068286312,0.5214275516648543,6.61754929114368,7.683265300351355,7.9573383937375,8.387967021185505,9.2933245489867,0.06509921765454801,1.5620401559857038,0.0389245875784594
NIFZ_at,71.0,6.678294445905596,0.2558277359717619,5.9892627274272,6.527173040485405,6.69342583774343,6.846035016032645,7.3335924261093,0.03830734599140169,0.8404242026800048,0.3453675037314481
NIN_at,71.0,6.447538345124091,0.24595843745323775,5.6233550437358,6.300337028599335,6.44063716269932,6.5904239047724555,6.94066029124038,0.03814765020191656,0.9602452036399745,1.0007557405861975
NPRB_at,71.0,7.901225950782077,0.38547900840959454,7.03089507590229,7.592367577669715,7.89922204850309,8.215908292603494,8.73907463831484,0.04878724020940562,0.9499428458176512,-0.5237144813478327
NPRE_at,71.0,7.397586399040989,0.3711170185460677,6.2734374242415,7.263062568028845,7.43361282875581,7.664654171458199,8.03562427644771,0.05016731113734322,1.4167151034741787,0.9089976948333689
NRDE_at,71.0,7.612734131175587,0.5594202198145357,6.43039883306664,7.181513765607095,7.52116443025864,8.06306835642742,8.75014675498793,0.07348479668081459,1.2275068713925195,-0.8096705883411475
NRDF_at,71.0,7.799356948921369,0.7798461374699258,6.00645758990855,7.278269662457555,7.76516073538512,8.273953668920491,9.59919991006019,0.0999885173325445,1.9952414050770153,-0.4239854540277119
NRGA_at,71.0,8.027303871098244,0.31516885780504394,7.44905623767217,7.810936029486085,7.95959426004275,8.17678368053301,9.01190919920077,0.03926210628948379,1.1529277664876798,0.7403188093089272
NRGB_at,71.0,8.341261454233054,0.31359274812621,6.5621239697202,8.21871828564247,8.34058364697577,8.456485187275486,9.1642255413924,0.03759536250563958,5.199839460401596,14.423894439738751
NTH_at,71.0,8.838631547838313,0.26220350700476114,8.37553551472815,8.645749294984265,8.85421056069958,8.99234897643565,9.48056759382867,0.029665622510182465,0.6853131891943645,-0.3655780466633991
NUCA_at,71.0,7.305366345374974,0.24984160198912078,6.20995703227601,7.184141043974645,7.32893217059913,7.451737511541506,7.82100040465327,0.034199736218197385,1.7637781663928775,4.341862974438002
NUCB_at,71.0,7.662668884697649,0.2929902279505667,6.47188215206714,7.478155449688931,7.63879053338334,7.818114936990365,8.46513274856021,0.038236054873213715,1.7880093780111606,3.328610209653114
NUPC_at,71.0,7.743058316282181,0.39235427238611714,6.80964109092759,7.51101067556671,7.68825102273383,7.955504473317305,8.90879802147631,0.05067174446575853,1.547875817849819,1.0441696201254222
NUSA_at,71.0,9.105090242685037,0.523814512811838,7.64352106372737,8.74590603318247,9.1339382042101,9.351381099358179,10.1818374559199,0.05752985405418323,1.7009121386914656,0.30518235061526156
NUSG_at,71.0,7.439195390222542,0.2881647378135347,6.72869216639108,7.23195661114863,7.47390808845302,7.648209914110176,7.9568093067841,0.03873600876141449,0.7064237143162645,-0.537331053443602
OBG_s_at,71.0,7.937483806024474,0.3194971593386564,7.21081790027193,7.707826518829065,7.97227122525772,8.12494909363322,8.68560204447799,0.04025169274627825,0.8818203187003615,-0.21061234725566758
ODHA_at,71.0,10.84057099148581,0.5951150075246466,9.35497478291198,10.5316858859745,10.9997104878443,11.24768088817685,11.8654488807116,0.054897016770800194,1.736670406976194,-0.043123198727858636
ODHB_at,71.0,11.496474611871303,0.5123915638456418,9.9753426825167,11.30106636997635,11.5495704635234,11.808943827435751,12.4009634041762,0.04456945117040874,2.10831584587529,1.2237039622650592
OPPA_at,71.0,8.843508001165201,0.7396250374958778,7.17791468272498,8.253054335405896,8.78256818202833,9.263420856776236,10.4313424005504,0.08363480164188537,1.9678416985712024,-0.3158931392971871
OPPB_at,71.0,7.674491955567251,0.4870408236709563,6.95439956357323,7.3174058464569605,7.62625140059068,7.92887745592053,9.29060380442144,0.06346228864278708,1.7209294665738275,0.6082969508764853
OPPC_at,71.0,7.183866291794804,0.5071799805804197,6.43473645961747,6.86450965695951,7.09085621489725,7.4296084019702455,8.86973032232673,0.07059986363606258,1.9105513734918762,0.8556050657886747
OPPD_at,71.0,8.164566341767038,0.4616336550187401,7.4588596183194,7.816969787923584,8.07993735315729,8.39579198913294,9.63939512348546,0.056541111394635295,1.5767135287334628,0.48342810735554576
OPPF_at,71.0,8.787690240427546,0.4582453062256423,7.83760785889013,8.47442872900125,8.71285161887611,9.059410857845169,9.99951810539982,0.05214627435517656,1.2884093744162712,-0.1559882149113796
OPUAA_at,71.0,9.416728636503732,0.45614637520008444,8.57690895112403,9.08499515109966,9.36930098047191,9.75268437348386,10.4815196482789,0.04844000425284036,1.1543159336356144,-0.4535522674240422
OPUAB_at,71.0,10.04199046567042,0.6252817320839256,8.39923116717413,9.651268946980155,10.0366662793336,10.500957534448,11.2104600642824,0.06226671238351756,1.7018575266032667,-0.25114451315166164
OPUAC_at,71.0,10.580013276798464,0.4661100062996099,9.50864249132835,10.34280026123325,10.5623389257209,10.85497453440855,11.5029945387005,0.04405571090555908,1.3076030033243782,-0.1626187924981073
OPUBA_at,71.0,7.815190402290865,0.3047103208715332,7.29456094737414,7.584112251813565,7.7932460715936,7.95330781173144,8.85780027354161,0.03898949420121787,1.3172005330845096,1.4440857098813273
OPUBB_at,71.0,8.415697077579631,0.47139262844054935,7.41788888830824,8.07289551057763,8.32830071044908,8.689433082162054,9.84493033618446,0.05601349764553582,1.6058701255551782,0.4740498101879522
OPUBC_at,71.0,7.609590648836378,0.3269792161951128,6.89955188609588,7.390364986463984,7.61586006727283,7.73970866427402,8.91552029542398,0.042969356866142706,1.8533335926981747,2.86846929038769
OPUBD_at,71.0,7.544796045984571,0.35305364669810546,6.58205233397115,7.296393905398035,7.53317622336111,7.8080235219133804,8.33695468429885,0.04679432612177831,1.0104029066537934,-0.10274924177061262
OPUCA_at,71.0,9.635001016063066,0.508426477437295,8.46601738037839,9.2830370460564,9.63530722580399,9.9655543163449,10.6786119583526,0.05276869992952443,1.2376045069899337,-0.5556191372202512
OPUCB_at,71.0,9.36574163306208,0.6645150562299365,7.67620909421923,8.879663427872806,9.42335208853583,9.8497141571895,10.5909197987748,0.07095167497298094,1.7739249895186378,-0.3064596540956015
OPUCC_at,71.0,9.26328453434778,0.6130483035786087,8.04020446464604,8.803538921597006,9.31863326988323,9.728781305894195,10.4886417463874,0.06618044618034319,1.316098454603652,-0.8598989958577605
OPUCD_at,71.0,9.286340846112932,0.6782890435331831,7.58920748366873,8.83133250513987,9.35694038931329,9.76430669484985,10.428534193145,0.07304158384592363,1.739510618088624,-0.41757949613409595
OPUD_at,71.0,7.954057504808947,0.2599466946446538,7.47566526772761,7.8022441460950045,7.9386921012184,8.06747607216202,8.90144589615236,0.032681017768289015,1.14863028601547,1.5456467878216404
OPUE_at,71.0,6.615351753772513,0.3674687838342079,5.81801230020777,6.397869237458635,6.59050596413991,6.807889492789335,8.10725442997792,0.055547882790155906,2.234874806109433,3.30656970919042
PABA_at,71.0,7.94150376040973,0.4908278725628441,6.85233496417154,7.602607772381345,7.8670285848182,8.190082570465346,9.21720194936246,0.06180540705775862,1.336977646184818,-0.2488378829850455
PABB_at,71.0,7.980049084847525,0.2486888418557955,7.11522096172484,7.81802872801522,7.97559057662326,8.15351490393446,8.44885019655709,0.03116382358198831,1.1194863397178954,1.6333593452826518
PABC_at,71.0,8.111538387213532,0.3089246868177326,7.21543688859753,7.965677298248934,8.12971558450446,8.28570283512729,8.97028739181199,0.03808459900833362,1.3371654473272454,1.4500737038117606
PADC_at,71.0,7.768006650541056,0.30065580671641295,7.14298604302905,7.545963669508695,7.79188533476093,7.937011625362205,8.40404317180163,0.03870437040569111,0.75293397275044,-0.48137480117037823
PAIA_at,71.0,7.266925502997907,0.5692676114754667,5.86278885029489,6.89256081931617,7.20032275820485,7.581597397721335,8.54275162657544,0.07833678922958826,1.5902102857948057,-0.175240940547702
PAIB_at,71.0,6.495594107624236,0.27984567602275,5.95790647628102,6.331920458411995,6.44824238958105,6.609420926940135,7.33147261377853,0.04308238344115125,0.9330551799647436,0.3973133497742838
PANB_at,71.0,8.932319555435278,0.7025936735687319,7.52959718643636,8.438051579324735,8.97273139683713,9.48989231735004,10.2973582082107,0.07865747180318988,1.6372517191370548,-0.6656193506254424
PANC_at,71.0,9.94012925308931,0.639770172111047,8.49190702561438,9.527379717299425,9.97833934187442,10.3679908696916,11.3110238137593,0.06436235946451217,1.7199358724622977,-0.28648798841956014
PAND_at,71.0,9.613519698930245,0.6524506872863358,7.99543631808446,9.24924809449112,9.68210583918417,10.10871839894105,10.8978709698969,0.06786803457207645,1.6370072217965739,-0.476390383294949
parC_at,71.0,7.493923751607927,0.27703438588381646,6.9386055922469,7.303488268474515,7.47872996025392,7.63950105039188,8.26430453028119,0.03696786824450607,0.8439188779427229,0.09245985623170583
parE_at,71.0,7.340541333034877,0.2750953856902971,6.33353173870805,7.19091535921402,7.31753092493084,7.53710506538929,7.96506464697781,0.037476171471479414,1.3067758441856847,1.8966994939592379
PATA_at,71.0,6.778795758343736,0.41936010891896874,5.8902302459005,6.54168851243141,6.68843670064709,6.927777605551116,8.07154087782446,0.06186351143605351,1.798699839212591,1.4084642194119459
PATB_at,71.0,7.78721964546892,0.22304167322919044,7.26243429122399,7.624922423986135,7.80952102926998,7.9563527990729295,8.20378515881339,0.02864201645563827,0.49047077116052096,-0.8046292664418893
PBPA_at,71.0,9.298538032317568,0.6674590494097574,7.51480794322576,8.90128687331152,9.35681684266338,9.79891490202844,10.5230976838355,0.07178107430329023,1.808170970536273,-0.2646006702353634
PBPB_at,71.0,8.127650975639742,0.3915538594235997,7.24416303815645,7.829871895318625,8.04000642323234,8.372697521124369,9.16693854198428,0.04817552581885811,1.2032252077664072,0.12071883012323292
PBPC_at,71.0,7.267690730435031,0.30012446261176673,6.55068786179021,7.034093678405375,7.27053916405752,7.4670831320999405,8.06665692726424,0.04129571190404821,0.893623705431516,0.019665731617565463
PBPD_at,71.0,7.782534370024682,0.49225045377183196,6.67414445769733,7.44473179150757,7.74716605918466,8.079240583111835,8.90305528438816,0.06325066236363705,1.293477386705314,-0.35074137907011327
PBPE_at,71.0,7.681107175368463,0.25205768533307815,7.19829567597636,7.5191369394744605,7.6127411115462,7.83928289975137,8.21554916752675,0.03281528034674076,0.6108721496047897,-0.5668900297540436
PBPF_at,71.0,7.953416216792294,0.2561632554173106,7.2591920158994,7.791509895289685,7.92016435639813,8.06507085006476,8.6257508236882,0.03220795296447144,0.8996990316936597,0.5858177829849103
PBPX_at,71.0,6.733673441526746,0.3690028979575499,5.73248892161742,6.43731357736072,6.76110445327242,6.992218374541345,7.5199465391042,0.054799642596550506,0.9951971206990454,-0.2773558713067552
PBUX_at,71.0,8.995426109281903,0.6081182397706195,7.51420849742527,8.625051343092835,8.99454223164393,9.348731672959794,10.6726850735388,0.06760304985920951,2.083664595316168,0.4949749931921721
PCKA_at,71.0,9.596009918424825,0.8183875778554497,7.76316345205053,9.032537876106996,9.47297173269582,10.1856155494155,11.2429168693476,0.08528415297738533,1.945799054114191,-0.6155325347793359
PCP_at,71.0,8.703139114287628,0.2601216100132329,7.5969036274262,8.544654210614945,8.75375925129566,8.8951791272866,9.12612248197749,0.029888251422547144,1.5803953874494043,3.299998080159904
pcrA_at,71.0,8.55659548000803,0.28167052335710546,7.94868849545701,8.34742337626243,8.51313518167531,8.728083494960831,9.35263859940931,0.03291852746985781,0.8581100858576621,0.09271669927503101
PDHA_at,71.0,8.0114460082173,0.5552057576147829,6.9361759132561,7.59423560194812,8.04668235686469,8.391474010929596,9.25812330300677,0.06930156641451632,1.2578951185141387,-0.7340817779922988
PDHB_at,71.0,8.622744170755354,0.5994356477385707,7.211542080252,8.17141214047054,8.71545820467832,9.05906817674032,9.82052135310024,0.06951796735099704,1.347374453961434,-0.7530341447571338
PDHC_at,71.0,8.76094073553606,0.7552906041293856,6.95431404558316,8.195936027149909,8.90541358877722,9.321778280081684,9.90614779746633,0.0862111303944543,1.8121266998243795,-0.5926159774427333
PDHD_at,71.0,9.686011164267534,0.7024735129795999,7.83071089649068,9.291579656796674,9.88429230912608,10.17717533870865,10.6629949262551,0.07252454091433228,2.308816379010637,0.34703796846512036
PDP_at,71.0,8.75247657660943,0.5658412255634928,7.49304690673417,8.31770539679966,8.79475296336479,9.241097581565505,9.97115992153042,0.06464927047913228,1.3104006184577404,-0.6809210658611269
PEL_at,71.0,7.766616982720106,0.39993537299683374,7.0129732977469,7.5032164335153855,7.79697637256754,8.044576990046554,9.40291628081955,0.05149415426132733,2.188653424013607,2.661438222021003
PELB_at,71.0,7.2360257919846,0.5000381203086439,5.58523676175179,6.90663935670862,7.29176908122212,7.59785725591144,8.80489253187544,0.06910397152847905,2.153282551205168,1.4265525114968547
PENP_at,71.0,8.080719848052514,0.2649044987212784,7.54303585887478,7.93665674374283,8.04409509491336,8.187759511922705,8.80265202695573,0.03278228966013733,0.9159612631125055,0.5281056988843571
PEPT_at,71.0,8.539701585621566,0.4087182952477651,7.69722056149957,8.316341438868115,8.53154569963612,8.792480108930315,9.48747296892325,0.04786095756975053,1.136295207315054,-0.18931176338789957
perR_at,71.0,9.484700614161463,0.5380395035911391,8.04894433662602,9.16437050072599,9.54704520531082,9.90878240795707,10.3736476012148,0.05672709403054857,1.5501597693535343,-0.0823879996464969
PFK_at,71.0,9.660086191970628,0.507350058478949,8.098558807583,9.373188202467379,9.69901559358759,9.97073285308954,10.7915193104199,0.05252024137224092,1.7825342059309939,0.5871001958903102
PGI_at,71.0,8.291794203220528,0.7580416083901577,6.48768719039702,7.807615741571015,8.31802121378244,8.81010093090917,9.76613423681225,0.09142069735591542,1.9211491461952097,-0.44955398178371997
PGK_at,71.0,9.426881280243128,0.6626713129383257,7.90090134554003,9.12013433909345,9.56732424617133,9.88204217950707,10.4305260212827,0.07029592218660409,1.864085153949149,-0.15453651783802025
PGM_at,71.0,9.74718713276764,0.6962925358804107,8.17292101099497,9.524858047537066,9.97478415415554,10.32412184759235,10.5941441109209,0.07143522807104491,1.872409935707619,-0.28569525829000586
PGSA_at,71.0,8.026224225192982,0.28985500894939065,7.38125767226791,7.852188985677586,7.98359551190167,8.166531285952464,8.96491978889836,0.03611349506528662,1.1324251769822677,1.0036911373539095
PHEA_s_at,71.0,6.993877807752935,0.15839085704311504,6.47235314975993,6.92540252802954,6.99552670009004,7.071425831016295,7.43679626895299,0.022647072396308348,0.7528023026068138,1.8993990989807923
PHEB_s_at,71.0,8.511129398422394,0.27760310187962317,7.93700706543373,8.29665491337049,8.51305298654331,8.702524190553746,9.19181601309226,0.032616482359095506,0.7881572532247834,-0.1268319532903024
PHES_at,71.0,7.731732858060434,0.3470388003158355,6.0028248509103,7.5632800197751155,7.71951267225444,7.9592065597008155,8.56886247261893,0.0448849962468689,3.6076379658084345,7.8739958258919724
PHET_at,71.0,7.61497980208683,0.16791916679449526,7.2266254263175,7.493201728782189,7.60109096365015,7.734533022696031,7.98789900218203,0.022051163779643675,0.40340208196913535,-0.5893183421002419
PHOA_at,71.0,7.879301443996917,0.20897567241447962,7.44788982480416,7.73517178004716,7.88705711079027,8.04660490010629,8.39584555071794,0.026522106547109455,0.48950777109682775,-0.6527881013004322
PHOB_at,71.0,7.968720347546833,0.21777832673159264,7.22898511222201,7.8386936361542,7.9825198174043,8.113086595360429,8.44668949042457,0.027329146617453528,0.8307038149042847,0.9058335668051942
PHOD_at,71.0,7.0613150215487055,0.2367412940910154,6.53428543668084,6.91635805155445,7.0217838075429,7.197651692256279,7.67311733333861,0.033526516430517884,0.7265387176560697,0.11644623060358006
PHOH_at,71.0,8.255754088047508,0.4877548163637987,7.45891053474134,7.90149277367665,8.09885866833809,8.618376509664746,9.4752666834915,0.05908058926681924,1.2493179475172265,-0.4209591619955746
PHOP_at,71.0,8.777385428354075,0.6183605816341875,7.12818013497435,8.355854631355346,8.91281443392989,9.24244203013778,10.1419727129819,0.07044929115641464,1.6563627586357066,-0.29678977148809027
PHOR_at,71.0,9.5989475831949,0.6085765972495462,8.24309177004251,9.103939309773565,9.63616413499751,10.05755002275075,10.7374756471236,0.06340034592073357,1.3661458644327111,-0.7561224437596219
PHRA_at,71.0,12.049801912791846,0.5925639257185068,10.627148227389,11.5813465539458,12.2048283177622,12.5415932918817,12.9869098788212,0.04917623791719364,1.3593175669868915,-0.704094175789435
PHRC_at,71.0,7.922394555638049,0.4060113752871795,7.12630088171032,7.648638478021445,7.96745395647122,8.21018883912921,8.67783832436903,0.05124856789646226,0.9453430248082613,-0.667663770193446
PHRE_at,71.0,9.761389865540941,0.4534106697157036,8.76105132652554,9.42760930284862,9.75885686452844,10.0561489232485,11.0098129993391,0.046449396649580206,1.369946807288676,0.06616466315962288
PHRF_at,71.0,9.596033803442905,0.40388431099154176,8.77937857584613,9.294415127892929,9.56536764091069,9.92067346892952,10.4722465340668,0.04208867113896936,0.9306786563752654,-0.6931241946516198
PHRG_i_at,71.0,9.90963850356973,0.5699728825585246,8.49251176258761,9.51489564090787,9.96730088785541,10.3079847285063,11.0970798263059,0.0575170206615715,1.4299540712122882,-0.4766045185610661
PHRI_r_at,71.0,4.635643142941412,0.464583236144462,3.89224573742923,4.31417530849412,4.46010499227622,4.952912871712255,5.81434803791014,0.10021980161520247,1.387412434463926,0.029035090584559775
PHRK_at,71.0,7.826384465625284,0.5304337363779278,6.72896208347665,7.405682604717725,7.85828689442041,8.154914400180019,9.55236943541812,0.06777506762000723,1.8902736806955096,0.6402711603890641
PKSA_at,71.0,8.143372274263879,0.3648571656062407,7.52221101424872,7.869837359527841,8.15242551755145,8.35626213979204,9.1756642987793,0.04480418594632186,1.1623964305002055,0.2403077120423851
PKSB_at,71.0,7.3140118965700385,0.2588279511752257,6.67663980578261,7.113547521463071,7.32521761977045,7.515309924487655,8.02392651812129,0.03538795873392072,0.7214473641882029,-0.18166716728895071
PKSC_at,71.0,6.915069639673991,0.2454655072157137,6.26434103430062,6.745253888237604,6.91631362896256,7.0684840952627255,7.45708873380169,0.03549718513424633,0.7199079875665129,-0.027645572568810728
PKSD_at,71.0,6.1574154251060955,0.3927276683930069,5.30334861857518,5.888330227208975,6.12427352707373,6.438835427137645,7.12122999926211,0.06378125256771025,0.9999686692291687,-0.4370010823718302
PKSE_at,71.0,7.513970664881997,0.2671156094666012,6.96430957754489,7.33617011031688,7.50196522204903,7.697393615291086,8.15084967914252,0.035549195143257335,0.6740834675997558,-0.4609828640949707
PKSF_at,71.0,8.085540146518506,0.2950258924459824,7.32992685293625,7.91713607063382,8.13277550359956,8.29346169742659,8.80844640577039,0.03648808701704554,1.0926748496429657,0.7885273440314693
PKSG_at,71.0,7.783371588719228,0.26269356078936074,7.13007002046417,7.615388251005105,7.79793182356627,7.92178214737599,8.46423490854546,0.03375061280256666,0.8345551687110606,0.2308002474055364
PKSH_at,71.0,7.661753029834659,0.3108863789515854,6.58736087423158,7.47957723642864,7.70795823458746,7.87602024553674,8.36090453630286,0.04057640304261991,1.3436018026862324,1.443075648471174
PKSI_at,71.0,7.248068692015586,0.26925485395258203,6.3944614276341,7.1112682823803155,7.29169464816651,7.4631775448753555,7.6968428062976,0.037148496433152045,0.9607501845935444,0.6450821860597182
PKSJ_at,71.0,7.490806168273731,0.36721299535914836,6.4219486479661,7.253458416543165,7.45747806711618,7.7196023855439595,8.38328650103235,0.049021825836907645,1.2031346455275989,0.33613128164264605
PKSL_at,71.0,7.363004216198984,0.3149224769704826,6.42388153746052,7.20430847543056,7.42412268192284,7.53928265519275,8.31564930777622,0.042770921722092334,1.2671822024415988,1.1274921731507126
PKSM_at,71.0,7.476363443324463,0.26360201735329697,6.72300586610296,7.30276182368958,7.4579926702399,7.65211103025459,8.11010983101141,0.035258052842343214,0.8398096112221651,0.24031333059665272
PKSN_at,71.0,6.730554154055921,0.3195757331912293,6.15614908356564,6.48649660411425,6.70230704636193,6.92210626263096,7.50058037509502,0.04748134044782163,0.889564560020694,-0.18567252409042512
PKSR_at,71.0,7.414379820087711,0.29251543586506606,6.79491794061042,7.234384166232955,7.36739675979429,7.54356936513153,8.26240811837236,0.0394524482105107,1.155934265134873,1.0511642958857195
PKSS_at,71.0,6.8293095941299775,0.2820453278017599,6.06405483779883,6.69549935459919,6.84892385527707,7.03061311440287,7.46775780627335,0.04129924466218187,0.892715479560519,0.21834187907485392
PLSX_at,71.0,7.603506587589564,0.3189349601261347,6.94964799675594,7.36259138607413,7.49912462952499,7.8817568526339254,8.2778890210145,0.041945772842059484,0.7106745276576136,-0.7736432257812638
PMI_at,71.0,8.28563652123918,0.20932146709039426,7.8924340123894,8.15219481279763,8.25207882632721,8.401464886731276,8.78289019923009,0.02526317278748895,0.5883024770497193,-0.15714606673127696
PNBA_at,71.0,7.298021988403921,0.38617645992914734,6.45199493566265,7.00770740271176,7.24162728363981,7.54802744159457,8.57099735327024,0.052915222856653,1.3782124790867238,0.6458081765636945
PNPA_at,71.0,9.060879204335524,0.40820433049886834,7.84235698560063,8.79897467790258,9.10591931126358,9.372681774457245,9.81703044612308,0.04505129373135748,1.239912500452184,0.08316299437255337
PNP_at,71.0,8.901232487721341,0.4588846779364641,7.92190971316209,8.590692507053605,8.89909532474182,9.23441996758732,9.71342094416566,0.051552937030851065,1.0867136796398733,-0.6255257043558178
POLA_at,71.0,8.2463641760592,0.4281014495455184,7.54677656850244,7.886198753485945,8.21243054293305,8.576014630373209,9.20050660137557,0.051913963585113077,0.9503028112368528,-0.7826079087380116
POLC_at,71.0,8.324498588063104,0.4681931178838316,7.29403580242432,7.96250010927588,8.3141471184635,8.642445393363944,9.23820883445163,0.0562428010445213,1.0840594173898253,-0.6813808564394179
PONA_at,71.0,8.489376084625711,0.6022283786407319,6.98408315175718,8.13759682747127,8.52672966102302,8.977416196052104,9.49449483648816,0.07093906226293467,1.5547065060572727,-0.399544538574236
PPIB_at,71.0,9.285710576664195,0.573779008911516,8.07383229098376,8.92167774835457,9.3467618449962,9.72411305503418,10.3398953132259,0.06179161025689008,1.4217373561591422,-0.5093882185282084
PPSA_at,71.0,6.78063669310695,0.5085114841482758,5.70983284699696,6.446719661969535,6.82317382564846,7.13688520697609,7.93153903965751,0.07499465126412358,1.3247117857509645,-0.37467505791109046
PPS_at,71.0,7.7619429043746155,0.4288808487865784,6.9146438246012,7.491398329813035,7.72431038182323,7.99169576101321,9.6859384249545,0.055254316357424116,3.2481964940274417,4.886174034946054
PPSB_at,71.0,6.6457792345456665,0.3762839801573391,5.76174492555062,6.399917060000435,6.58857798645,6.888598832109855,7.63915308729635,0.05661999396569836,1.2382406842384508,0.3512866764823266
PPSC_at,71.0,7.441154510186415,0.44563319216486014,6.34724280643429,7.145632159889001,7.46685624955179,7.747298036649211,8.48760010907832,0.05988764130012618,1.2433146411922846,-0.1788793490184588
PPSD_at,71.0,7.175319677752826,0.3518367809870975,6.36866002189106,6.968771562176546,7.15930472946362,7.38363024640716,8.06337457167638,0.049034300461618746,1.1081019890161279,0.20174844551918358
PPSE_at,71.0,7.117816034763376,0.3434456969437814,6.27129338369703,6.870163849418425,7.09124541553374,7.396714416495305,7.75551372147591,0.04825155571124548,0.8501090772187971,-0.5121544437187988
PRFA_at,71.0,9.007129983571469,0.2721161523255504,7.46332953302428,8.858410850482185,9.04449899547798,9.189002175674144,9.45893711584504,0.03021119411198417,4.31207885516075,13.645616783132285
PRFB_at,71.0,7.946156911798645,0.5612274702616661,6.68200462756429,7.54644298703914,7.9837468727213,8.368772010229236,9.33308432793619,0.07062879282289808,1.4910028107869782,-0.3200351181537946
PRIA_at,71.0,7.9412930640873425,0.2175464891296077,7.42041235284047,7.825621000187075,7.93637777113845,8.115730145685825,8.3985604900111,0.027394340867913727,0.5999950119676606,-0.2127482970308332
PRKA_at,71.0,7.306301487479734,0.2977017745452584,6.60605354310426,7.106649784768795,7.30095991909099,7.45619289333281,8.03404526457171,0.04074589244030072,0.9505391804045065,0.24775087235966797
PROA_at,71.0,7.545748172034787,0.18172018545366972,7.05268407570717,7.41063489942411,7.54945736989813,7.650316838083705,8.00086613186175,0.02408246091847338,0.5107212559048466,-0.15718817345323632
PROB_at,71.0,8.069969231093184,0.3329099785019973,7.52066027167027,7.817250001084959,8.05933750445325,8.27965925814431,9.2019361316178,0.04125294272737893,1.1495965078438921,0.5233109090583081
PROH_at,71.0,8.602748719245923,0.6930686227972399,7.21518424935166,8.093559434673256,8.59197486922676,9.092393835784495,10.1373052164732,0.08056362511748351,1.6538884370116014,-0.6062930445989712
PROJ_at,71.0,9.692303423798732,0.5992379791006563,7.9670536573244,9.329406002310614,9.65328305840587,10.145051264196152,10.8506029725369,0.06182616792921195,1.7118249892673072,-0.10828321331471447
PROS_at,71.0,8.155624891512215,0.5377453085787205,7.272932204714,7.708169972994475,8.18694505110298,8.615351160129165,9.30041771162558,0.06593551269607396,1.1087019234751154,-0.9499520200830038
PRSA_at,71.0,9.046036529293911,0.7275994563551299,6.71461389624619,8.679420518548941,9.13297858513527,9.55118630033642,10.2611962690165,0.08043295580323317,2.6887406932958133,0.7797399949066235
PRS_at,71.0,7.814864737298841,0.7664580418535794,6.22663210716317,7.184008044730829,7.85012093922845,8.3888872076041,9.48222419410446,0.09807694280304342,1.7359944543405819,-0.7348026355478829
PSD_at,71.0,7.958255868374285,0.32811574079161904,7.18182162042646,7.7472758451949755,7.9341374683437,8.1875382690075,8.73645074035396,0.04122960435282494,0.8913180555145682,-0.25672516904086917
PSSA_at,71.0,7.782647319319361,0.35852731175601926,7.00675735737791,7.528844749039405,7.82886878713561,8.04486220913279,8.49569020330236,0.0460675265171048,0.8582793524190891,-0.5982722562542522
PTA_at,71.0,7.375249829658462,0.23312920137925847,6.84609335966587,7.236715697490824,7.37345872015305,7.508650704788125,7.87583279572924,0.03160966838597987,0.6204464199357492,-0.315055902925542
PTSG_at,71.0,9.307953043070833,0.7482399506109331,7.58733010756882,8.782199792292985,9.4204453215259,9.744996689613945,10.7498125627466,0.08038716430439549,2.083621319226052,-0.184489942029062
PTSH_at,71.0,9.947315746479648,0.9374198111256254,7.21347735956983,9.597281564987915,10.1501230881813,10.7034325207228,11.3530182610575,0.0942384694541719,3.490665121624846,0.8097431687353431
PTSI_at,71.0,10.302685350322083,0.7004259359531683,8.40674788313128,9.89917347412251,10.4856606028024,10.77380718124895,11.309588397223,0.06798479349185128,2.350389278521757,0.4200563871844034
PURA_at,71.0,8.520566386475195,0.6548674806647758,7.4898879013875,7.96019610366998,8.48662009263797,8.8648020036089,10.5844689213584,0.07685727109693734,2.5337016046964207,0.9636271487419892
PURB_at,71.0,9.939257034592167,0.8436997601413242,8.22777658036972,9.472381291189174,9.96420310805025,10.23205224149965,12.8714304760883,0.08488559629808823,3.7154716451835976,1.5298379668181425
PURC_at,71.0,9.621928344719995,0.958293385101748,7.64647230575782,9.02156130209695,9.72292086332633,10.0292123906259,12.6060182207939,0.09959473306903274,3.3354640738896877,0.5523799165082512
PURD_at,71.0,10.461297238840022,0.6894859134848309,9.02450715671601,9.98489816306656,10.527724629489,10.867386781791751,12.1657968338016,0.06590826144629106,2.0387326384159623,-0.0021697166119269973
PURE_at,71.0,9.355765446564943,0.7886271423167126,8.17025566732701,8.7918908920817,9.26885109680016,9.676541654649636,12.5432620219999,0.08429317160855763,4.972964531002157,3.54379011368371
PURF_at,71.0,10.428807499529025,0.7035951276002026,8.90839887146899,10.02247614248665,10.3282967756914,10.82858418834355,12.7044951931191,0.06746649869910606,2.749157001765847,1.0041484874734499
PURH_at,71.0,9.807749695012044,0.6862567192443875,8.38816749693125,9.32802645740226,9.85925200429882,10.0695478473404,11.792766229937,0.06997086391727544,2.507509088437393,0.7358362736491979
PURK_at,71.0,10.021145538941123,0.7659007105972511,8.74279872727145,9.622679300405245,9.9413043412358,10.25555841360245,13.027391777919,0.07642845896420135,4.369118121233845,2.9071183626142476
PURL_at,71.0,10.516326076825935,0.780166421955029,8.75591578793061,10.0221619917962,10.5000503613666,10.873596232003951,13.1681774536658,0.07418621448741734,3.2734234766868426,1.3096210706313967
PURM_at,71.0,10.966427798814149,0.5995982707386824,9.81160613540024,10.6415704898751,10.9509995847795,11.248207996993951,12.9421834133449,0.05467580526117354,2.4940936766422275,1.2712983423396986
PURN_at,71.0,9.741779542515623,0.7199528806845219,8.07217852770065,9.278826516759064,9.72937703887774,10.081279284066799,11.7868404415927,0.07390363100935132,2.5102820599565447,0.5588405437175608
PURQ_at,71.0,10.829199390772004,0.7114020130719492,9.52713624755283,10.3002045974999,10.8011560511069,11.16489517032285,13.1678545061709,0.06569294620968595,2.5914229916154627,0.7239824741710947
PURR_at,71.0,8.16799369292234,0.6858320902178983,5.0647160855199,8.050700925261914,8.27051367501594,8.537128858720585,9.07586143832121,0.08396579576355204,9.01326821602393,10.782163583453857
PURT_at,71.0,8.481421428392357,0.3040558527287689,7.87994584254803,8.281704462625694,8.47761235933027,8.71293211138996,9.15668870077471,0.03584963384921698,0.72685663154928,-0.6018359720895035
PYCA_at,71.0,9.867847610947619,0.6052220236070253,8.51062754206245,9.625610300194793,10.0217638390957,10.313573833952098,10.9033963687558,0.06133272902751132,1.5011345642651306,-0.5067881651569381
PYKA_at,71.0,10.261621872810334,0.5519263963354667,8.6048135222218,10.07170941295985,10.3916276684151,10.6157600901581,11.1891337329598,0.05378549348011705,2.1751036880936025,1.0397578421405607
PYRAA_at,71.0,8.188598367216843,0.39178944005327565,7.19849421459038,7.951719243252955,8.18858242655343,8.488784292936899,9.08828516359724,0.04784572676342384,1.0970941503275522,-0.16806019395023597
PYRAB_at,71.0,7.30822564571273,0.3738188058939132,6.48696486258474,7.04328180263662,7.30840879114927,7.52204778051765,8.24175000945168,0.051150419269444546,1.0863931664697333,-0.055836687484007275
PYRB_at,71.0,7.463941856863961,0.34628436416706415,6.66824538629262,7.245322372199871,7.49062693135064,7.69330725264847,8.13141841503134,0.04639430086779353,0.8645072519730056,-0.48961389490924745
PYRC_at,71.0,8.16859869375568,0.3149327893002632,7.54198618257937,7.9590941057525555,8.17213580374759,8.378834241332964,9.05636090142811,0.03855407776868843,0.889473112502821,-0.14252867196280317
PYRD_at,71.0,8.156825615690154,0.30064381330844253,7.55510185164371,7.9813380234094655,8.10924826420351,8.321358086845073,8.91714846723504,0.03685794296375979,0.8727515240505854,-0.05928913412330994
PYRDII_at,71.0,6.807969673759433,0.33327483616453724,6.02303398818424,6.600724378275365,6.76465501955898,6.91455066641344,8.11376013542759,0.0489536311316292,2.174913719252073,3.776769738341611
PYRE_at,71.0,6.681908097621884,0.32884398344501015,5.93005757357194,6.46226046612613,6.69088652061267,6.826962270408956,7.80224853644306,0.049214083558264884,1.4426223614507732,1.5120143543972988
PYRF_at,71.0,7.072569417984907,0.29313331246176655,6.5720140019258,6.872939294378685,7.03948943375666,7.2009390951621945,8.30433954933975,0.04144650906025114,1.8433637424234226,3.5254010409998013
PYRP_at,71.0,7.970597583916547,0.34117991855644375,7.36008181908276,7.719719348811015,7.99475121475738,8.179076826381344,9.07208230553566,0.04280481042536797,1.1431739268170522,0.414752970907708
PYRR_at,71.0,7.256578342102918,0.3928439552026147,6.3785512633558,6.97785536059367,7.22942304817497,7.5019436120614404,8.4970547457322,0.05413625219524201,1.3616065420430479,0.5369153431559943
QCRA_at,71.0,8.633794764343726,0.34103200924432103,7.82200838657316,8.391149593995522,8.64338539944679,8.834390644522571,9.53883103348407,0.03949966596990838,1.0808777963138891,0.22287695215393288
QCRB_at,71.0,9.072384695139622,0.40299530288954843,6.85836823462375,8.851847946156845,9.09263194634705,9.334168741113611,9.84805976462069,0.04441999721478372,5.711212529093061,11.87255777189285
QCRC_at,71.0,9.13855472952192,0.4088772698676193,8.06674027748601,8.8583843920388,9.12508393755316,9.455877549797986,10.027938528445,0.044742005926467716,1.0381345903238712,-0.444651810694205
QOXA_at,71.0,9.127202795210033,0.522486871659997,7.92501993690367,8.735262143476426,9.11686121036486,9.498847598072256,10.3157220571332,0.057245016176719406,1.3316390279581076,-0.43441593824914415
QOXB_at,71.0,8.152628574651633,0.7282115060737661,6.61580303167805,7.62771338436421,8.14434916295638,8.63226949927807,10.1770981607893,0.0893222964109932,2.1520527090989723,-0.003895868544461667
QOXC_at,71.0,8.599739625656484,0.7296928171101609,6.81682392413443,8.074080889002675,8.52701946947615,9.097448944611305,10.4312290147589,0.08485057093277493,2.038941806940031,-0.17437808632199303
QOXD_at,71.0,7.693464751232488,0.712378659026714,5.82931357321632,7.207245001026,7.6611703379014,8.239645593746165,9.17411577438018,0.09259529770544428,1.92611831736286,-0.2701617680657842
QUEA_at,71.0,7.918825341512131,0.3231279061958647,7.01584735965502,7.75815353234894,7.91948551050783,8.097702835430155,8.78737198251467,0.040805030072069017,1.1857058118527504,0.7523211614326519
RACE_at,71.0,7.969581866821344,0.33907468645616945,7.12420937119871,7.78618593952943,7.93275962649273,8.20275414295233,8.69496230803179,0.04254610745236109,0.9752271818596754,-0.08766476998574513
RACX_at,71.0,8.274584553418608,0.23520012685536265,7.66042402140511,8.1018710860863,8.26276233744266,8.410687154585311,8.78123854733337,0.028424403102895453,0.7064081881469294,0.04711484765745455
RAPA_at,71.0,10.212672168255438,0.9728358818081105,8.0463882613952,9.507017683588476,10.200688692136,11.0406861908155,11.9029608418522,0.09525772156204379,2.031991618299217,-0.9213957186716817
RAPB_at,71.0,6.454294804335111,0.23431829589563088,5.81505741942231,6.294210937262955,6.4873343463696,6.6368716688332245,6.90900388231416,0.03630424438286394,0.6459354240708112,-0.21417788791890358
RAPC_at,71.0,8.010447108484826,0.2578321878927581,7.18202429499061,7.897208516952925,8.02289263373011,8.158052037628714,8.60431048828129,0.032186990863425975,1.1937198676761642,1.7691833619921082
RAPD_at,71.0,7.942615604405199,0.3838248519024488,7.09627257088011,7.731690580707455,7.91911420042763,8.1764312107229,9.03208962484591,0.04832474225361841,1.2067690392531094,0.1960142416293662
RAPE_at,71.0,4.790186753793896,0.34732058897722595,4.09416875761354,4.584381599029985,4.7105445989004,4.97585045999795,6.4116254523421,0.0725066906216429,2.9093588314257133,5.736328075685444
RAPF_at,71.0,7.697364546469159,0.4220184398266692,6.59797603290595,7.417431011366405,7.70139317059077,7.92643962137206,8.67284504894153,0.05482635482299618,1.4467206086003122,0.49675859418183776
RAPG_at,71.0,7.1542470848545285,0.2581141868573538,6.6746014205522,6.991141522157285,7.11032713767225,7.292590388795585,7.94404805953914,0.03607845574746489,0.9858027563503927,0.910920045260335
RAPH_at,71.0,7.882766843322243,0.3300373464366147,7.20055406648253,7.659155384244,7.90928757597502,8.091110303445216,8.59583892505134,0.04186821112388989,0.8004979480934469,-0.5648403535406632
RAPI_at,71.0,6.083894338567405,0.5753575571877708,4.86649843153599,5.67390910649555,5.92931854978755,6.446904603137775,7.57817774393693,0.09457060316455992,1.5219900996278808,-0.33209241932501765
RAPJ_at,71.0,7.5909002212021095,0.25149917706973507,7.01487550500425,7.411996290317974,7.60850500087571,7.74582443455245,8.28205446525259,0.03313166683014405,0.757188655402969,0.054808022064514184
RAPK_at,71.0,5.440580853280964,0.414459180547734,4.62407389176597,5.1985750308149345,5.3171336744195,5.6749937994011646,6.86165701257057,0.0761792153677475,1.8612340016015054,1.621923107327886
RBFA_at,71.0,8.051801513115208,0.6330781048970485,6.53984436968355,7.577637046579595,7.98938129472552,8.52837624408215,9.75618226865006,0.07862564717546214,1.7422027237606024,-0.21915717392447398
RBSA_at,71.0,11.018885376878055,0.5967406253719529,9.56090288666412,10.5777321555847,11.1589460752128,11.51736521539285,11.9448921640759,0.05415616960896507,1.415127193482892,-0.6220689783207818
RBSB_at,71.0,11.439201270102934,0.6191575698726641,9.64955857750843,11.0685208342346,11.5470672514548,11.9364587093559,12.473559440964,0.054125944220499995,1.8940154392988662,0.1059701109215645
RBSC_at,71.0,10.77425264433199,0.5784271267563946,9.08543825195508,10.31280536886305,10.9229934892996,11.19297041166875,11.6657261641235,0.053686055622678176,1.6902403021456072,-0.03897041952816682
RBSD_at,71.0,10.039182340723153,0.7604453749778572,8.0145674661571,9.532471990971235,10.3010028364935,10.636462254982451,11.2324534445034,0.07574774012154062,2.0230479239852523,-0.31615522962470965
RBSK_at,71.0,11.183369085840917,0.5191652688308951,9.64546891765264,10.910562133580651,11.2840683569015,11.54509001456875,12.0731105504879,0.04642297547777457,1.6508940763059623,0.23396150699914786
RBSR_at,71.0,9.728751499996676,0.5810694415043902,8.31266942440898,9.330534254042298,9.78854058455943,10.15953254884105,10.7098429860348,0.05972703090469406,1.375644728738182,-0.6262953599117167
RECA_at,71.0,9.031425290256907,0.5340804339944193,7.61057854058535,8.67970766320381,9.04634457738761,9.41759068386308,10.1081827584657,0.05913578608357473,1.519811825985267,-0.11993957500020302
RECF_at,71.0,8.230558568570746,0.33474137985927643,7.62652071990842,7.94427489257062,8.20438045807895,8.502923285314594,8.85497075096881,0.04067055438224103,0.6403710792855682,-1.1074286919782823
RECN_at,71.0,8.532324958445413,0.35652084505118575,7.74183295497328,8.251812731651144,8.52274500957931,8.776776648627774,9.29391217802129,0.041784724185674214,0.9253181990256786,-0.38490986621077417
recO_at,71.0,7.7731800478905315,0.3421952826213066,7.22314779795955,7.5188604185221255,7.69750566006763,8.03176416590713,8.7099827414916,0.04402255968767516,0.9668621613640201,-0.14131927358180008
RECR_at,71.0,8.820816571244325,0.3261612387210061,8.1153716599264,8.615220772355185,8.78016621275594,8.981952537572461,9.67494429029904,0.03697630894902461,1.0454275092205965,0.26079918936305413
recS_at,71.0,8.648779833811021,0.393493781445035,7.90501902999958,8.347337510883769,8.58154515598492,8.960109747708955,9.56913367329823,0.04549702836771657,0.8887073710149102,-0.7416349042911827
recU_at,71.0,8.757466398000059,0.3835202290404314,7.95283653923744,8.462280616968195,8.6971758411578,8.940808325186804,9.90395638843439,0.043793514198126514,1.3320721782731195,0.5445956026354075
RELA_at,71.0,8.426506703727782,0.20754915493120013,8.00496546208707,8.290024434375105,8.40131646079156,8.556418736627295,8.83262783856402,0.024630509679578486,0.5030382199724422,-0.5667149379116863
RESA_at,71.0,7.66221463286594,0.3478314991597632,6.92497792218705,7.449417443812445,7.67702264651123,7.922384962412565,8.41677534463971,0.04539568725571733,0.8015403592012972,-0.693047140844028
RESB_at,71.0,8.175488844968468,0.37081026817943846,7.31815844136549,7.968771672177899,8.15741829813476,8.380574014989474,9.21276644381319,0.045356342013438175,1.2742092769128186,0.5054256981490637
RESC_at,71.0,8.199221537052892,0.36912528747194046,7.39336849839203,7.899942167626341,8.20719177348461,8.45227474505559,9.16390573890085,0.04501955286899321,1.0134511276297156,-0.2259416964202714
RESD_at,71.0,8.698659486356764,0.45443385252218615,7.51051979172932,8.370505382322305,8.72197223216529,9.105324499358666,9.56024467702087,0.05224182567842019,1.0825586152084528,-0.6106482559716082
RESE_at,71.0,7.887742086868463,0.5187306329413609,7.00374913335796,7.508690927797635,7.82941678904815,8.232915277154225,9.13349356740005,0.06576414736036378,1.2874071858705567,-0.5051602045467467
RHO_at,71.0,9.440751350477369,0.5485921355305341,8.09129945672824,9.013141568717284,9.53195294028693,9.823085495884914,10.4876213351056,0.05810894865934529,1.3205062907484348,-0.5843171991148721
RIBA_at,71.0,13.23207633392723,0.24186933378197897,12.5186722302497,13.1263117298589,13.2588154758666,13.3966558408747,13.7111724775611,0.01827901590635648,0.904142914791603,0.8250447547358855
RIBB_at,71.0,12.518129013863641,0.2871707168467339,11.3754942539297,12.426094950333301,12.5720732168417,12.67082535576245,13.029922547934,0.022940386421061536,1.7781615328255433,3.423244641097263
RIBC_at,71.0,8.034163582153036,0.3515231107161352,7.35898553327071,7.80465203890729,7.98469601563917,8.225615232390954,9.00154123542969,0.04375354162529165,1.0310429497683087,-0.02738560687226599
RIBG_at,71.0,13.905379051213206,0.26777805245422526,13.3053140457673,13.7142662298124,13.9931635541099,14.084514157271851,14.3895996020274,0.01925715591556365,0.639221385590977,-0.6054414793266996
RIBH_at,71.0,13.752706353611467,0.23106605114515005,13.1384061183566,13.6131502814656,13.7654801658533,13.9342447627655,14.1980438096892,0.016801496752998874,0.6997699278494114,0.07359237475606317
RIBR_at,71.0,6.334793468184749,0.3167934921140844,5.61866775951704,6.13428588769301,6.33538608713436,6.504624605850195,7.43240153403551,0.0500084957315684,1.3365985422560716,1.3343405602951721
RIBT_at,71.0,13.765668362754562,0.2514310810510653,12.9354993352892,13.686616750992751,13.7914787802214,13.934216381638,14.1406590302307,0.018265083425324728,1.0686324460509888,1.3672197126160368
RIPX_at,71.0,8.370630745966979,0.2545283548032447,7.9014812038733,8.186696099295375,8.35590690926635,8.541326206083315,9.10556447832287,0.030407308902722537,0.8452875630083094,0.38335602417328873
rluB_at,71.0,8.424050103924678,0.34613233824259837,7.47817353231113,8.200345519794695,8.39537128229606,8.66120886464366,9.09963487059342,0.04108858968933944,0.9976292166622469,-0.0812309877758346
RNCS_at,71.0,7.659813223382423,0.1891497642960625,7.22837281668995,7.552402385619935,7.66448827446894,7.760207094849481,8.22587422161386,0.024693782835156088,0.6535875293777348,0.525663326849402
rnhB_at,71.0,7.855345131826648,0.2610749252147993,7.16639217754447,7.69405621444172,7.81377268127069,8.015577812258531,8.58625585894738,0.03323532204295269,0.9040740852655509,0.5335984531276563
rnhC_at,71.0,7.685317762563741,0.30951670275919113,6.8830498245437,7.48811390948118,7.67784857831702,7.878175169209395,8.32147253235407,0.0402737677636298,0.8621871576580546,-0.1835422939849689
RNPA_at,71.0,8.212655481906337,0.22386361505781918,7.02055815348153,8.103815638922264,8.22913471614253,8.302629422482035,8.80809297474049,0.027258371613301323,2.962303846854578,10.878025110669059
ROCA_at,71.0,7.784533815172839,0.3629749992305516,7.00411535068438,7.5742724323445945,7.76309567693512,8.033089159513924,8.81728134979526,0.04662771179991239,1.057821748413143,-0.0472520986512297
ROCB_at,71.0,7.468304097273581,0.35738490260914435,6.77347956164439,7.165638867643535,7.50413319209675,7.730522593499369,8.2219191995677,0.04785355523211932,0.7420956933677287,-0.9343869148919222
ROCC_at,71.0,7.733138999821193,0.34796287308135926,6.92687113887975,7.4882638598061195,7.73951572442043,7.947673503330765,8.64741160549863,0.04499632983312532,1.0173466437667158,-0.03728687336339087
ROCD_at,71.0,7.834931370173199,0.20064307636618467,7.30787740803851,7.749257232491335,7.8264188075576,7.9679254660679355,8.30397790101467,0.02560878543620852,0.6290021662736562,0.18634620034916383
ROCE_at,71.0,7.928068283390939,0.30156726271618745,7.18600760886793,7.7009335415488,7.93537325043216,8.10783508877509,8.62679632204674,0.03803792449012601,0.8048529321871215,-0.30709798246861775
ROCF_at,71.0,8.83675141613538,0.3140278071443095,8.14299194196467,8.561233602606086,8.89602613416093,9.04036629886848,9.44546971973928,0.03553656681695419,0.7077120589115057,-0.7467635827259533
rocG_at,71.0,7.842055206147055,0.41771173142912876,6.8072710177348,7.59768221638714,7.89879765352258,8.109520790742849,8.93244147074211,0.053265594343393834,1.3611833555349293,0.3173607660296702
ROCR_at,71.0,7.960732866443968,0.30827740546527765,7.16401096758495,7.70286101622265,7.96670550470361,8.194717342314284,8.68218046730003,0.038724751933923905,0.8262418984599706,-0.2951445072996557
rodA_at,71.0,7.574839139479067,0.3498380737488461,6.66627412804285,7.35794023523396,7.58205180349015,7.7679989360651795,8.51370404133569,0.046184224814166154,1.2918152976738018,0.7768292028461343
RPH_at,71.0,8.930549095760927,0.47357045959315486,8.07457203253245,8.613808199442696,8.8917753872527,9.13978619087165,10.5705970114875,0.053028145807735946,1.9932689085597777,1.3236201535756518
RPLA_at,71.0,8.775269160215123,0.5856810730435562,7.55417693701446,8.348235728594336,8.83092990535671,9.20941257631067,9.8128834159918,0.0667422346084708,1.2770733510071188,-0.8242352664550263
RPLB_at,71.0,8.92160131906903,0.7090839916130188,7.13427752706501,8.464518584286035,9.04353791266051,9.494207359396846,10.3858389667314,0.07947945287550821,1.9702403379416782,-0.19097579183048508
RPLC_at,71.0,10.018200504305886,0.6620739085755378,8.35069819807064,9.522958441196515,10.1415826724778,10.496652304237799,11.3950941262809,0.06608710898638676,1.7941830555153209,-0.2636401135943087
RPLD_at,71.0,10.149778481656835,0.6146284047113473,8.30931975237195,9.671728591864074,10.2630047048951,10.571482428461,11.5089035227773,0.06055584423070248,1.9892946910989395,0.2939759183642563
RPLE_at,71.0,8.792868668499375,0.7370293266776423,7.0611385883975,8.174997800265805,8.85496054553888,9.386404883495365,10.6318246628166,0.0838212595302446,1.934039139162398,-0.35453280991415426
RPLF_at,71.0,9.651262021526545,0.6427949825247224,8.3718143728172,9.158401010281398,9.71440726575424,10.187125363126249,11.2878827208295,0.06660216882424369,1.6175012063399168,-0.4686150644975515
RPLI_at,71.0,8.77329169156709,0.5170503081573821,7.57877898320496,8.40864061717285,8.81408489962091,9.14817729996074,9.61249619974561,0.05893458536826857,1.0726739667360656,-0.936354171563901
RPLJ_at,71.0,7.188985690961963,0.6857439090670578,6.09577227343218,6.5874742704835505,7.1468228308278,7.675866186917735,8.94087639319354,0.09538813103066533,1.6059640966884114,-0.653301949542894
RPLK_at,71.0,8.914098189394071,0.726973525597644,7.33662832474576,8.417537679897595,8.96215238650345,9.433551246458336,10.456327321726,0.08155323288480172,1.7505945914732752,-0.5832835984418501
RPLL_at,71.0,8.241634377464116,0.7732000391281991,5.63156482698314,7.646317406197015,8.22667473605052,8.743642171133896,9.87763994095762,0.09381634803436967,2.872968161528579,0.8012628908662909
RPLM_at,71.0,9.253038781332474,0.6195720316898368,7.41382005800233,8.837942881635305,9.31673070591476,9.685279153709505,10.6054511861697,0.06695876309735037,2.005180410847267,0.2937798494382333
RPLN_at,71.0,9.745056049050506,0.6137889347448413,8.27652936139017,9.29514596842423,9.70213012458366,10.128792215904099,11.1785739815915,0.06298464900103318,1.5984123725613455,-0.3756330235939842
RPLO_at,71.0,10.28952721229616,0.5798246375128933,9.11087460311829,9.9113607828711,10.3303180525614,10.67717997062155,11.6532787928609,0.05635095039352177,1.5625993459892773,-0.27951414183400214
RPLP_at,71.0,9.978821935294153,0.6165046890406761,8.71229706119406,9.54986129406986,10.0056268941516,10.34761755576,11.5542219964212,0.06178130976164201,1.6797004854963742,-0.24817015484437377
RPLQ_at,71.0,9.855046091858183,0.5722603964409372,8.28648569923437,9.49481631668703,9.95731556384022,10.235031362954551,11.1895896328605,0.05806775443837997,1.739994445008117,0.08642853572121512
RPLR_at,71.0,9.157490996592117,0.7149836061453569,7.83508981352592,8.591727543045975,9.28346367218471,9.700847688965315,11.0689793619191,0.07807636462994418,1.690763557643697,-0.6291303896681852
RPLS_at,71.0,10.758457677315622,0.6021653903814872,9.19531935649754,10.349839842301,10.8709782253121,11.19506924851175,11.9921314350802,0.05597134909506243,1.6436690826294948,-0.24283037675578267
RPLT_at,71.0,8.565464102276268,0.7533423882556523,6.67536768659219,8.099980691182235,8.60366750163005,9.22597003322371,9.72731074086931,0.08795114651819647,1.814473151258115,-0.5827483798739168
RPLU_at,71.0,10.865002873907892,0.5710851964560166,9.46293019917925,10.518404879335751,10.9359880985173,11.2315373932458,11.9007198857377,0.0525619001746854,1.5520843695055286,-0.25534209187893664
RPLV_at,71.0,10.063469609801514,0.6731206888378515,8.20877855642065,9.64607589153564,10.1914858829926,10.524953899196401,11.4849215782831,0.06688753630082535,1.930179389893913,-0.09680671029040422
RPLW_at,71.0,9.837047100638976,0.7197363492109995,7.88268670676397,9.339974461044214,9.98680366162861,10.34511011941025,11.3561746654964,0.07316589438351355,2.173157043592805,0.06399753341509262
RPLX_at,71.0,9.460969862710327,0.6699902580410778,8.13158160389776,8.9876917415689,9.5474309322252,9.927266510478955,11.1001603922789,0.07081623425118307,1.6197034856303476,-0.5732832261171033
RPMA_at,71.0,10.712443039384222,0.5436211597658673,9.29928343823165,10.3390124528249,10.7969573189803,11.13575502789725,11.7618089082972,0.050746702481147196,1.4675653735466436,-0.27458124356906577
RPMB_at,71.0,8.890238367671346,0.7514377056560017,7.01860562967795,8.44338868824369,9.04097229537163,9.476575472453955,9.95965043673051,0.08452390977372956,2.1112583495840793,-0.1580950066954352
RPMC_at,71.0,9.141285108323611,0.738495515818643,7.50532453317124,8.546153902410035,9.23614378085319,9.72831416711459,10.8648425948625,0.08078683763470026,1.8206408057583248,-0.5226348066336537
RPMD_at,71.0,9.320935802221106,0.7018639408270227,7.67759632740085,8.789371797305819,9.37777291857359,9.906285399585816,10.7988529292487,0.07529972909584616,1.7213902383012294,-0.5361236444335398
RPME_at,71.0,9.99824100537773,0.5162012523346776,8.80090372299772,9.807389628012185,10.0640116501155,10.36337914067035,11.1018302484526,0.051629206783176125,1.4003425151113311,-0.26063276308824346
RPMF_at,71.0,10.188732935905598,0.7658585010649935,7.99816952252837,9.736092615107086,10.2377499253312,10.865383134816199,11.6540476408215,0.0751671975193373,2.4583838688139665,0.26580089750134483
RPMG_at,71.0,7.455875245040215,0.6179973079478002,6.343881680864,6.92237598141131,7.46027082710416,7.97284436837746,8.75925609009454,0.0828872919190679,1.2356790091589693,-1.0158860020283944
RPMH_at,71.0,10.315902703361026,0.563408173075923,8.60531039726351,10.0415952742618,10.3581422399856,10.79045534045645,11.1817376421373,0.05461549893179574,1.8184626528866952,0.284478586698393
RPMI_at,71.0,10.88209689497368,0.6003955977004384,9.18988629314777,10.5863397654763,11.0078043277825,11.254285261805851,11.8044064671746,0.0551727854930013,2.107436950528964,0.5835636209428419
RPMJ_i_at,71.0,9.477719399973887,0.8798616403055053,6.68028647338396,9.025141032734155,9.59646477627052,10.1164635864463,11.1102722648286,0.09283474253394013,3.5615203008465475,1.152933234413073
RPOA_at,71.0,9.18128198118682,0.6625129058637024,7.74595472639666,8.698409186248945,9.27139112338974,9.67683286195324,10.3964353147404,0.07215908488828078,1.6175037082671073,-0.5479091236034512
RPOB_at,71.0,8.625186530897325,0.5311480962739017,7.53193702463898,8.27320788492168,8.63033551690736,9.0631772074405,9.60459492539009,0.061581056174404084,1.1741499899586934,-0.7923689774031777
RPOC_at,71.0,9.824546693296297,0.5361998944912579,8.36545043012256,9.502744040347189,9.91221749082456,10.2085575895413,10.8279078510412,0.05457757097914042,1.538374357120601,-0.09519432871366806
RPOE_at,71.0,8.805790983565064,0.35225119637561714,8.22601038874549,8.517765694559815,8.76132048068744,8.986284877209524,9.72304048653191,0.040002220928596996,0.9475405805652878,-0.28480253525731136
RPSB_at,71.0,8.483160585351857,0.5953871724029629,7.26712708148397,8.061376910689745,8.51718924480689,8.893141843528085,9.61543694868078,0.07018459292531097,1.343311437656353,-0.7440766378018848
RPSC_at,71.0,10.133794368602977,0.6489901802708942,8.32467848220163,9.69291265129741,10.2023206461075,10.54158172347025,11.8051140164449,0.06404216985906361,2.1472230487875845,0.37018900891052775
RPSD_at,71.0,7.465878570005296,0.8826071472382575,5.78370747659544,6.76672457508435,7.52942667448576,8.25907458512729,8.99840849139613,0.11821879219737047,1.6674090603281733,-1.1326777460095911
RPSE_at,71.0,9.738984380341474,0.6996546439498942,8.08180079494706,9.229040472957276,9.80954085877771,10.28621337695585,11.4290926122185,0.07184061670354198,1.7741760190712534,-0.4480400719137223
RPSF_at,71.0,8.616344092978252,0.9250634356951213,6.23323601795094,7.91985424243061,8.86140568920277,9.275239257654594,10.1586473032467,0.10736147787423977,2.3075776136775183,-0.49174916605796026
RPSG_at,71.0,9.339517374115053,0.8280225536068537,7.12875133143312,8.8882518379357,9.47544879275291,9.93081441058905,10.9590988285035,0.08865795955385879,2.6948953455190545,0.31307153733019444
RPSH_at,71.0,8.405762663205437,0.7252875993134033,7.18328504069782,7.7382777255510895,8.42257836706247,9.006664109839795,10.2445162642562,0.08628456790580184,1.5830345402814323,-0.8219722289823359
RPSI_at,71.0,10.167583560221832,0.5350044690118699,8.81947389219253,9.898797840608534,10.2736163615401,10.500267613570749,11.2643358735589,0.052618644916275215,1.5258788882397893,-0.11313630095726968
RPSJ_at,71.0,9.019082254662665,0.90368717692774,6.77370801572478,8.42273827860392,9.18469035476886,9.72082841985746,10.6842232707382,0.1001972430687783,2.3797431792446613,-0.34471764949798445
RPSK_at,71.0,8.151314077804884,0.6953357277073685,6.49131067850459,7.6865318794712945,8.19563523063087,8.694825529229705,9.64940936010731,0.08530351316000569,1.6851381986933238,-0.5669455905325043
RPSL_at,71.0,10.76529751821666,0.5355156479084106,8.58087017819621,10.3974385620721,10.9070453814887,11.17614216928895,11.5628272339844,0.04974462127054359,3.0201192414711104,2.8383986618397605
RPSM_at,71.0,8.884113081056109,0.7425002806742546,7.00024550980722,8.35513783312071,9.02676256248554,9.460119956246729,10.3697625866509,0.08357618525337242,1.9028892137200641,-0.4194258469315111
RPSN_at,71.0,9.927569724641101,0.6255109808492154,8.43416532436878,9.463647153299025,9.99414375449778,10.3883977917671,11.5131180318928,0.06300746287348072,1.6412128768854395,-0.35485594923110275
RPSO_at,71.0,10.199864416722358,0.6859935539183648,8.47547794588144,9.759420287097464,10.3666851606026,10.75531516003575,11.3765976689128,0.0672551639797976,1.9768568150622765,-0.08173550707929511
RPSP_at,71.0,8.027889079931619,0.700246895800674,6.06545604825866,7.573544399783545,8.07027205061214,8.51861723966551,9.68656136198423,0.0872267776533154,2.217263137048604,0.21966856193391626
RPSQ_at,71.0,8.859948921976665,0.7102234473689237,7.23648211900227,8.287695210037455,8.95920808149318,9.3798359536283,10.6936938786426,0.08016112210390397,1.8603059208207986,-0.3595895508647353
RPSR_at,71.0,9.544653789992356,0.5416679226891599,7.88126653880247,9.206112999811467,9.55878087524857,10.00699221080815,10.5579164780168,0.056750924088739906,1.5657057670997123,-0.07243430482206037
RPSS_at,71.0,8.905536914382399,0.7939514519405453,7.05453738319533,8.26691673498822,8.95307493266862,9.47650409445278,10.6850910970276,0.08915256425003612,1.9231086123573555,-0.5683107673011989
RPST_at,71.0,9.68408427735262,0.7313351872912995,8.08969534686503,9.12704722400629,9.83851875723497,10.26166320419565,10.9326179092174,0.07551929189645878,1.7152161254209306,-0.649710758009511
RPSU_at,71.0,10.78666552450657,0.6749519111279576,8.78835929101163,10.5717203155471,10.9000615679696,11.18293416165505,11.6880704330222,0.06257280431978843,2.6753918394744,1.063999759518933
RSBR_at,71.0,8.32770692316051,0.5246176231068226,7.19131867122323,7.8692371830061045,8.34978610339866,8.716170894026124,9.39934314944896,0.06299664817067326,1.1735478700978326,-0.764447995225304
RSBS_at,71.0,8.741319183162895,0.5047006499952073,7.83349639638064,8.41998859193725,8.68891247857674,9.15112733954898,10.0354709167172,0.05773735513140135,1.22254568291738,-0.568184584665202
RSBT_at,71.0,9.868008743163434,0.5340241891264063,8.3465813958713,9.476869629967986,9.91648524763984,10.2533560262981,10.8223455401613,0.054116712198535366,1.570312922894389,-0.019492405162064408
RSBU_at,71.0,8.853059816601617,0.47894011308409923,7.70613438302411,8.59541453607763,8.81421048302708,9.17485617222674,9.80315245242273,0.05409882266761276,1.3808859659677286,-0.08017943435923858
RSBV_at,71.0,9.546962907606039,0.4884364372546743,8.55414259972641,9.225261771138754,9.53155936515835,9.80802209547494,11.5149668513109,0.05116144704673968,2.664079973021228,2.642151262502762
RSBW_at,71.0,9.653220364982051,0.514591247357849,8.6379570448097,9.308710254964886,9.64301827789755,10.04564823928675,11.4847611142448,0.05330772818826102,2.0127231931738736,1.0083891789607637
RSBX_at,71.0,8.976319659690514,0.5355121035294049,7.68301775402304,8.564347342720676,8.93902216677221,9.35347959707301,9.93147130910894,0.05965831474721215,1.4487427230720926,-0.2685138718034743
rsiX_at,71.0,8.308829159654586,0.5704158845228213,7.35903106235503,7.91580373156329,8.19663872468667,8.688172710530704,9.67366576563369,0.06865177675003907,1.674960678819407,-0.023878739028173168
RTP_at,71.0,6.68342239977721,0.3080515965129011,5.80990976324363,6.465821604272945,6.67836371401143,6.88701988308689,7.35176780984946,0.04609189395588253,0.9104304565629833,-0.0036945077337153798
RUVA_at,71.0,6.881691895734194,0.24725995173051732,6.42668502112206,6.70850647270519,6.84967040569137,7.039038812367485,7.4684363268821,0.03593011071649229,0.6619445436182865,-0.29839475892225975
RUVB_at,71.0,8.02561044440539,0.18179043457513747,7.6902119179427,7.91782274152259,7.99833617715625,8.1153626612426,8.54404942500488,0.022651290619502048,0.6219243342909622,0.48935513112414375
SACA_at,71.0,8.363265520053336,0.24441134082590782,7.88143107684588,8.164366498311434,8.36436886344998,8.545115888609502,8.98490016760142,0.029224390908056345,0.5981961097570879,-0.5415245416522114
SACB_at,71.0,8.040930162865706,0.45415850597910895,7.17428322490959,7.70669487893991,7.99445295704605,8.369917363878116,9.34089572247969,0.05648084198970974,1.3362892211962791,-0.01757237843929227
SACC_at,71.0,7.570254724328943,0.27245812933628966,7.06577010086159,7.38671818820527,7.55147753231325,7.777779210882365,8.3138047909186,0.035990615805922097,0.6992364877900519,-0.41562783653959023
SACP_at,71.0,7.961583466773197,0.3113641506630289,7.35515126890697,7.734078592822085,7.97642856423929,8.12346107742785,8.86322844953847,0.03910831959025153,0.938064487327957,0.05698554636629005
SACT_at,71.0,8.042357277646413,0.37525741783008815,7.15385532456185,7.75679701819193,8.00577741778027,8.35431173225976,9.02311872107446,0.04666012773059826,1.0336908086021934,-0.21633805677580176
SACV_r_at,71.0,6.55138515249464,0.7909839066049225,5.08381712695162,6.013625735885364,6.51766675470177,7.13180329169729,8.08550457205108,0.12073536942088212,1.7757201666561382,-0.7559853131818097
SACX_at,71.0,7.8890484250795305,0.4021765539856188,7.08787363851977,7.62853288398171,7.8590614497229,8.076412569793774,9.8333041735035,0.050979095616536844,3.819587533892582,6.922962236504592
SACY_at,71.0,7.094249282913067,0.3975501424659228,5.99216555718747,6.85376676907307,7.05932255802153,7.3358255815678355,8.93471028686655,0.05603836665613748,3.3653677438391885,5.830230601439432
SAPB_at,71.0,8.067433514784822,0.2727536162939168,7.22644345640498,7.933421424258736,8.08364682555731,8.211502626725416,8.63402940786515,0.03380921773870879,1.0207459027536105,0.8295207790472268
SBCD_at,71.0,8.539650376315526,0.32975939222876477,7.93615600118792,8.312149632213675,8.49657599757314,8.773545530282595,9.44404569672919,0.0386150928547781,0.9537852534945939,-0.07048586900397025
SBO_at,71.0,7.296613631147232,0.3306656698671112,6.39177475440374,7.06915021829554,7.30465467365282,7.526287707378,8.1442752277875,0.04531768935326254,1.171294606190788,0.6176065461317997
SBP_at,71.0,6.837955415963115,0.38383318481431056,6.0521719896666,6.5879632698071955,6.75412488785034,7.0276351202300695,8.08488462610905,0.05613274165524056,1.418137648162003,0.7790131198574168
SDHA_at,71.0,11.40676980973159,0.4723253668859167,9.8773028998624,11.17246838848395,11.411638808705,11.69842362134915,12.1781599618013,0.04140746019814972,1.8234526091950432,0.9546867657822009
SDHB_at,71.0,10.750055066529953,0.5204357598783109,8.84542658514724,10.52172065784735,10.8845895794342,11.091599684904349,11.4125742545727,0.04841238083502247,2.6152686732682295,2.1877565920347486
SDHC_at,71.0,9.216093787155067,0.6958841981960553,7.51765701049584,8.835663375761035,9.33179553036804,9.732015286211094,10.5611910268631,0.0755074996270051,1.9056988933517869,-0.23337363579953907
SECA_at,71.0,8.617483345032658,0.4221267949160458,7.66693056251227,8.350229531362832,8.55132403104401,8.91305591796498,9.5973645874154,0.04898492727106583,1.1854517415279526,-0.15951560892717165
SECE_r_at,71.0,3.8746216012005426,0.21348046653788824,3.60047861522969,3.7303590035221648,3.82447426263256,3.9602334385711497,4.81225224928936,0.055097113605039987,1.5617873960196575,4.613183562459087
SECF_at,71.0,8.37802738628949,0.4998782727959925,7.16089755533627,8.074689561759879,8.30901426670637,8.699451004487084,9.25695068253117,0.059665390162609806,1.2388533887562339,-0.5088992453246632
secG_at,71.0,10.615883398749279,0.6342393630628146,8.87322200885676,10.15962756920155,10.7269870056231,11.116267159316749,11.4832044154401,0.05974437917597495,1.802088312650209,-0.1245169493986733
SECY_at,71.0,9.79109128686866,0.6487734726955111,8.24429848420894,9.410125717070976,9.88865805507733,10.29371143531085,11.15156319657,0.06626161003785297,1.74299148344142,-0.2883624651668937
SENS_at,71.0,7.195540120415708,0.28427353318594256,6.3521356800596,7.019812986445865,7.20821476662636,7.381186624999369,7.73551158582877,0.039506906837942724,1.0061786189917838,0.6146854273645475
SERA_at,71.0,8.001150035220851,0.6321031808645604,6.80439405531847,7.4718506653550705,7.94903117715537,8.419210893969879,9.27360852888214,0.07900154078876898,1.3893024296558778,-0.8057993207167549
SERC_at,71.0,8.132035607713801,0.5948463551185939,6.82757975907665,7.704335420035405,8.16097737530618,8.55854949827339,9.39154102330261,0.07314851825714348,1.4704380093272194,-0.5156200438848098
SERS_at,71.0,7.403428180745342,0.351059834968766,6.05729823100089,7.253083553734189,7.36809350762199,7.67813872609677,8.09176594038075,0.04741855075757931,1.7083339907660282,2.0194747034408653
SFP_at,71.0,7.442982355390917,0.6704031730615926,6.05590213892103,7.0171259805592,7.39429894276216,7.967434571821769,8.95819485583185,0.09007184768831579,1.6102647645066528,-0.5897671611481843
SIGA_at,71.0,8.423190951726227,0.5301103862220439,7.33558346274707,7.9871059718619595,8.43049978427329,8.801991964430766,9.86327064331395,0.06293462765597216,1.3116227921176116,-0.5132038642414196
SIGB_at,71.0,9.491555225215324,0.5078447721809283,8.27738201270269,9.25536125560383,9.53758647814287,9.810723044397701,11.1048253106466,0.05350490621724296,1.894280718869607,0.8164605494192352
SIGD_at,71.0,7.3737640150038635,0.21452214404388806,6.99840912247416,7.233166660531975,7.33770540608403,7.449412042651096,8.06546990515427,0.029092624012293625,1.0653597715825784,2.1253365899958236
SIGE_at,71.0,6.597295146700032,0.22894849734872802,6.08904362669337,6.430712150413585,6.59198221406896,6.727968580539095,7.19738258792985,0.03470338862484394,0.7264516065396833,0.22664559509503412
SIGF_at,71.0,8.09101496246081,0.31884419156835664,7.37972965455405,7.88117234876698,8.07038760684771,8.26387327363006,8.9454059620768,0.03940719341734885,0.9891133608592548,0.1516731218676468
SIGG_at,71.0,6.6080086155661695,0.43068909765786517,5.65504561763052,6.26989874559556,6.61133176035,6.9186421795405,7.52634062842198,0.06517683658028403,1.1035852398080743,-0.4198936560161246
SIGH_at,71.0,7.923304302560566,0.3813962819941045,7.03945293080516,7.698506940900985,7.91685931643174,8.168645752629239,9.19681136379612,0.0481360133891171,1.4819173158753451,0.9810722211601961
SIGL_at,71.0,9.66508605072099,0.6092855233185632,8.26155614100134,9.207749733250203,9.76083653272694,10.170642566507599,10.7930664295606,0.06303984466575051,1.396257250107047,-0.7065600998727146
sigM_at,71.0,6.409819256445201,0.2352857695782696,6.02827934837272,6.24366124792591,6.36208145197129,6.54922666845429,7.1203964776758,0.03670708333026475,0.8231401976862707,0.5712699868280904
SIGV_at,71.0,6.554764947963287,0.4064167268247464,5.65839918028104,6.272985360980369,6.50740313334437,6.834682031091756,7.51176946349098,0.06200324955222524,1.096737034318374,-0.27570102790028406
SIGW_at,71.0,8.523500974642978,0.5555709936442869,7.5901387341985,8.1371271356322,8.43712634112483,8.916978625694458,9.88096242849411,0.06518107938241398,1.3791006145095035,-0.504661840760416
SIGX_at,71.0,7.449346531875413,0.4166042198923789,6.7148072699462,7.137915267699955,7.34380859913678,7.677053531286489,8.59118117136674,0.05592493490667248,1.4047124552661965,0.4371649794369814
SIGY_at,71.0,10.177149987072369,0.9292893046807408,8.64289497318347,9.420701160957126,10.1307716683919,10.80040169356305,12.4351069626856,0.09131135002050478,2.3000075441702528,-0.5123852749379751
SIGZ_at,71.0,6.387164521124896,0.2582515689176637,5.91533586825137,6.192002496034229,6.35215865919533,6.530075039283229,7.01438296635857,0.040432897581316865,0.7094442982593684,-0.22429241529073662
SINI_at,71.0,8.308141821359618,0.35103498435591324,7.47964449099445,8.094323810497285,8.32365118908469,8.535187129370826,9.30113021320333,0.042251924907375595,1.1389767386878293,0.3024925220662986
SINR_at,71.0,7.902695281117126,0.6143500287483895,6.82361821711924,7.388374970803545,7.87083675749894,8.45249299369964,9.13131808256619,0.07773930373050458,1.255005064338868,-0.970008963695784
SIPS_at,71.0,8.612423971764107,0.5227662783808432,7.05268651976991,8.20583683245538,8.63207645262317,9.01953448230455,9.72501855391041,0.06069908774750711,1.4746135833988732,-0.1462741256315061
SIPT_at,71.0,7.550555590191467,0.5550916722106101,5.96135223650845,7.113777313939685,7.46942584516107,7.902495069008525,8.6213281086472,0.07351666583737237,1.5407920887634514,-0.19396982137638474
SIPU_at,71.0,6.46955252365868,0.23312185179714948,5.52120752510072,6.347240782502645,6.46163410592373,6.623747115487475,7.12595568515149,0.03603369026600216,1.4585345587753262,3.491572025508912
SIPV_at,71.0,9.321047602869912,0.46850121486104285,8.51201365887193,8.95890819870884,9.25451645383412,9.651249354912874,10.3791536018423,0.05026272097535402,1.0535917336871543,-0.7518507579621798
SIPW_at,71.0,6.905185324713425,0.30897338126265916,6.08969837067687,6.772846710509685,6.89106319381853,7.103606211147355,7.73164216087251,0.04474512511008993,1.1123344040576273,0.6788759791444909
SLEB_at,71.0,7.659835562179064,0.3491934604779312,6.88828928041237,7.4267342871243205,7.65306618892221,7.856964176771825,8.46264620741913,0.04558759227183631,0.9796328579480387,-0.1625520483278282
SLP_at,71.0,7.137957527682533,0.37359327136684084,6.29948137338503,6.851671145608435,7.14210931368623,7.42342351631153,7.92033454948291,0.052338959697920004,0.8577915578456643,-0.7018728335514837
SLR_at,71.0,8.50114440484329,0.4729189264822362,7.41285274799217,8.214814457491524,8.5378977779239,8.833403821017875,9.36988736673069,0.05563003096533731,1.2252467917467147,-0.3897734376340489
SMBA_at,71.0,7.478988692048123,0.37317814040456543,6.95899119157889,7.164841903432309,7.38185281035729,7.73932281298016,8.55683818413732,0.04989687185933831,1.1068358054514602,0.0074483017046520494
SMC_at,71.0,6.7183255618698015,0.2601396156604907,5.95350298775358,6.564577224164675,6.71069981504616,6.856991530754071,7.38405698102358,0.03872090050784772,0.8923186708679507,0.49893432882450384
SMF_at,71.0,8.490033737225739,0.5133460373763354,7.66052384206407,8.078574268865864,8.45378218871293,8.888458238224095,9.46152189789552,0.060464546227360444,0.9913225639583276,-1.088298145405218
SMS_at,71.0,8.128367963043582,0.3986677565391387,7.22621154052552,7.878110988423855,8.04744847119111,8.310361952695915,9.55724920630831,0.04904647013419183,1.8154573939307541,1.688689320595011
SODA_at,71.0,11.194185458422888,0.7103065567056669,9.01654781144145,10.899616662625501,11.3823117300771,11.611509959043449,12.4455359211944,0.06345317033953622,3.1488337481902353,1.560839133592065
SODF_at,71.0,7.585831923583637,0.29910501186520766,6.84972539017296,7.38321970283017,7.53350834333098,7.78196448060951,8.40875895584023,0.03942942776458286,0.903397994780465,0.06501176936277808
SOJ_at,71.0,8.74168342610254,0.2681181517001157,8.13876284411551,8.542347386032885,8.71575697431737,8.93300270794094,9.25052383881279,0.030671226425280834,0.5836583831807666,-0.8280710628724801
speA_at,71.0,6.431063349468144,0.3070379780098518,5.60609464303611,6.187420346732365,6.46183900803688,6.625519022721869,7.17106193442359,0.047742956541587195,0.8516713193582109,-0.1959952884108267
speB_at,71.0,7.913472318829439,0.18054523007966777,7.51018077756219,7.817574925648936,7.90999901950419,8.033479015190554,8.32446003976593,0.022814919014763676,0.502428120095521,-0.1864580148252446
speE_at,71.0,7.062933053176702,0.28357665202796484,6.46784129506185,6.842882867684305,7.07858686303409,7.237490289611065,7.6856950219996,0.040149984417652135,0.7832325797263721,-0.2085446392874566
SPLA_at,71.0,8.252349194501026,0.23688721326488646,7.75417247352145,8.05490837055501,8.24393059740709,8.445111484670619,8.88481878644269,0.02870542771296407,0.588882772565804,-0.5008412413521119
SPLB_at,71.0,7.889013864453472,0.19266731302537746,7.53096463586442,7.77598467598059,7.87376651508206,7.998901308935325,8.5122391675956,0.02442223024775035,0.7333032139706518,0.8969527886650646
SPMA_at,71.0,7.024221163594617,0.3715470593404278,6.13935264704302,6.7977592196665,7.06991229433359,7.29813795077407,7.66024657468789,0.0528951254077954,0.9458849226965683,-0.4374381920568209
SPMB_at,71.0,6.982372009642888,0.34739654543999565,6.19325948236207,6.764947692481235,6.95562531826904,7.12046189715174,7.77313455301838,0.04975337105502678,1.085551489107295,0.1756400529563007
SPO0A_at,71.0,7.880471323316721,0.3491285931434491,7.30604893520846,7.62509116554234,7.847701640637,8.10243292692003,8.98157500088326,0.044303009150029916,1.1441573133840497,0.3369631805803648
SPO0B_s_at,71.0,6.765376677906023,0.2171613760529082,6.18570201889016,6.6099379500412905,6.76090015385195,6.8904289613603,7.23719895155393,0.03209893349502642,0.6349711103738037,-0.037035005762202644
SPO0E_at,71.0,7.672495213072484,0.5074098006058123,6.56213711437535,7.3296013636218,7.70633852446768,7.90579436693896,10.2296983351393,0.06613360927762872,5.37407457996757,8.081210881341724
SPO0F_at,71.0,8.185823670708405,0.17461152695138546,7.67527033356631,8.065168021799924,8.19982357821142,8.303166485842066,8.63816244059648,0.02133096606712938,0.5654961910903318,0.2961093096978944
SPO0J_at,71.0,8.002365408073917,0.447913223131127,6.89202242848942,7.700243815203005,8.00147409423838,8.317896939152956,8.98025406939331,0.05597260313546903,1.1441759588895342,-0.4282710454382146
spo0M_at,71.0,8.65079313952553,0.4149875171407969,7.28774244082864,8.432436595650994,8.67325272720358,8.96492229190879,9.59654019440565,0.04797103692662771,1.6998994962595972,1.2042311069097655
SPOIIAA_at,71.0,8.073433427890796,0.2864068797749903,7.38989483736663,7.907439032424735,8.04592383015861,8.257915744886649,8.82544075641135,0.035475226535659286,0.958562186644792,0.4107360859366014
SPOIIAB_at,71.0,8.259028003479969,0.29897918487225217,7.52584687734088,8.086374314118075,8.28402714988705,8.46659597477704,9.04877066884363,0.03620028709749819,0.9592317929028036,0.26409096095513274
SPOIIB_at,71.0,8.10116768431578,0.28915841364428757,7.41890550031042,7.918946516618496,8.07115983602035,8.24680548595806,8.76094956045696,0.035693424073187756,0.8692575124988364,0.05000447965072086
SPOIID_at,71.0,8.2182940853684,0.26286591839252005,7.50109573716567,8.066570295434035,8.1877672643137,8.42028019632294,8.79412204568224,0.0319854602015908,0.7327332793749519,-0.18154376480715317
SPOIIE_at,71.0,7.113007138981723,0.28166885519340457,6.3789158412478,6.93694643928653,7.12084594654916,7.266806300480935,8.00124848779755,0.039599124489804384,1.0872160558842143,0.9539697925109074
SPOIIGA_at,71.0,5.8129493660189295,0.2748573042219968,5.24969183395692,5.63708531992486,5.77587261938404,5.9599777722615155,6.55108133592065,0.04728362263548086,0.8316570103105129,0.07077194373324192
SPOIIIAA_at,71.0,8.275166302349941,0.4505566047093354,7.16999917062561,7.99545887924364,8.29467852995075,8.587261817654475,9.85082696591504,0.05444683384567009,1.8407623353395246,1.192862520483656
SPOIIIAB_at,71.0,7.5979028709421925,0.27714378125619804,6.19217727901468,7.4731030943578745,7.6261658421804,7.750239438202875,8.09685877760518,0.0364763522203108,3.076953099839833,8.622459396067162
SPOIIIAC_at,71.0,7.447597974212496,0.6007656091571411,6.02334666592339,7.054818176271585,7.52372507478377,7.876923104321055,8.80850975189716,0.08066568727760384,1.7444919587734666,-0.05840033231059927
SPOIIIAD_at,71.0,5.15060458849318,0.2247835940096732,4.49395069936863,5.02693862398406,5.14130707808786,5.273337532729091,5.69848495496536,0.04364217639844765,0.8245083222526128,0.7507822676757381
SPOIIIAE_at,71.0,7.154736469494819,0.36661154208207736,6.19336238848984,6.942307863685015,7.16986198852412,7.37845552472867,7.87824070522336,0.05124039769251809,1.125921636685088,0.11882106188396158
SPOIIIAF_at,71.0,7.074745046373326,0.32989974545704526,5.92364565850092,6.861383600326645,7.0995624692162,7.251677730999456,8.03232863876385,0.046630619661150806,1.4475951185574503,1.5131093859495177
SPOIIIAG_at,71.0,7.494566971899876,0.4259330303945044,6.68364509104891,7.18356123212057,7.38110945683522,7.80992026106502,8.51760323868949,0.05683224020700561,1.0083817427398358,-0.6262641807994394
SPOIIIAH_at,71.0,7.634247292860602,0.4096867688230838,6.74663212510892,7.3324011525870745,7.61285334636292,7.926603453940196,8.52784216196519,0.05366433036642851,1.0589605709756418,-0.3961395544793289
SPOIIIC_at,71.0,6.75349342810176,0.3847492240142977,5.96719942179739,6.514432258850775,6.72609254887536,6.95260801977604,8.41593407635341,0.05697040029880375,2.6078520070187587,4.043773456449199
SPOIIID_at,71.0,6.625772893222623,0.5012777134272876,5.38377643287476,6.28468526820831,6.74940326905308,6.98268194460344,7.69904251700258,0.07565573428271817,1.405383022269071,-0.164472937903267
SPOIIIE_at,71.0,8.086555141412003,0.23996611383290697,7.65906430208883,7.8775272026685546,8.07946068957888,8.20330851311818,8.69392417375473,0.029674701975878223,0.6800968761576089,-0.13214123529638533
SPOIIIJ_at,71.0,7.313978098737071,0.393498768213994,6.66657513238227,7.076225962185525,7.25030410766081,7.49371898686846,8.2496852210431,0.05380092241210577,1.0471338146271507,-0.31537252539732563
SPOIIM_at,71.0,6.337771275148858,0.27562685993432623,5.79624598611432,6.1681165916715255,6.26681058702136,6.527961079989405,7.06512220518433,0.043489556181222785,0.8610512822020879,0.17474537948538016
SPOIIP_at,71.0,7.427213534373025,0.39088221314669,6.47074750649619,7.1544026771517455,7.4813619407841,7.76748907225906,8.11702311408759,0.05262837958511539,0.9610670797964435,-0.5296494194354469
SPOIIQ_at,71.0,7.429567031936664,0.33162249501661933,6.72110072243099,7.172343648021335,7.45516943480306,7.656220169468275,8.1698648397463,0.04463550750549933,0.7968785635155593,-0.5886722471135242
SPOIIR_at,71.0,7.799588602473677,0.187310424040747,7.2290834402608,7.68116028992175,7.84028500360582,7.901710029270076,8.19267180193139,0.02401542358033353,0.6530767619220557,0.5587031325980591
SPOIISA_at,71.0,7.944250857428022,0.3353485610456336,7.25709639428527,7.71540089282014,7.93072554074186,8.1568287124215,8.77340167827325,0.042212735607672365,0.9050658526137677,-0.275353644120647
SPOIISB_at,71.0,10.047635513256447,0.46742840503695726,9.10308292745405,9.72637974320763,10.0130433364216,10.412679143850351,11.1091105560014,0.0465212342167718,1.1916213860465845,-0.4337195658042532
SPOIVA_at,71.0,8.23243510561789,0.326304560578862,7.52373316413147,8.04406501345669,8.2229200477929,8.46285078701767,9.10701683560939,0.03963645706191947,0.8716807907802867,-0.3044810439895369
SPOIVB_at,71.0,5.591750890090229,0.30473841947472646,4.91705633076468,5.388255527928615,5.57130359596865,5.734054762436795,6.36940867259707,0.054497853260020525,0.9817049863040729,0.27797351091385636
SPOIVCA_at,71.0,6.716565277883851,0.3036943316890843,5.85321589051658,6.539151727473104,6.72328560040189,6.87575521970642,7.55434905625185,0.04521571951203718,1.1697404434006342,0.9452816986544246
SPOIVCB_at,71.0,5.541127453536758,0.2176012404241942,5.03672573773437,5.37821393929375,5.51749894097196,5.68300467449564,6.13654438349882,0.03927021030445798,0.6797342209143711,0.1745190886881649
SPOIVFA_at,71.0,7.462743887174363,0.3874516658856187,6.59405154878107,7.176559631651186,7.50375204676435,7.74420534058289,8.22077974382468,0.05191812445171832,0.9065095863490312,-0.6556931848527201
SPOIVFB_at,71.0,7.149458765921622,0.25514893733611377,6.67851965348707,6.96860785073388,7.11598187784452,7.325232436501411,7.73242571870704,0.03568786752814051,0.6183887072365857,-0.566787190943455
SPOVAA_at,71.0,5.702339215218105,0.22274491611471656,5.25716671113525,5.532758144885505,5.69250166441542,5.861935393352081,6.19906336006931,0.03906202484767419,0.5355440478049938,-0.5872703026246122
SPOVAB_at,71.0,7.115801305649966,0.30257697973452363,6.4354609696573,6.90234272199727,7.13146411784046,7.33721581285199,7.85357677398054,0.04252184212820511,0.7851597875341162,-0.3854414128233401
SPOVAC_at,71.0,8.038597657586033,0.27004486509470715,7.50077209323057,7.82411980661568,8.04782558886312,8.25335561066694,8.61531518215404,0.03359352919471788,0.5555692103773339,-0.9546515099688442
SPOVAD_at,71.0,7.706221228064263,0.28242025219932415,6.93516044496972,7.52037603718067,7.72432581575768,7.91480407692878,8.46838133500535,0.036648344738769684,0.9215796573285397,0.32210771524029624
SPOVAE_at,71.0,8.126699509451608,0.3532366226047325,7.48613272251538,7.89687941393726,8.07111712998158,8.34548820987873,9.56990165772429,0.0434661847892748,1.9808674207347747,2.804639558742881
SPOVAF_at,71.0,7.445896646838474,0.26333912217799915,6.58737413860423,7.27819580859045,7.43797354052899,7.626930437293975,8.0801874901971,0.03536701282172818,0.9563802959435003,0.7123837490620311
SPOVB_at,71.0,7.65440813219087,0.3315736360658564,6.92217748551675,7.4208737082423255,7.67743306158376,7.843344976687286,8.55099845841444,0.04331799798751419,0.9709985982200243,-0.032274866774259614
SPOVC_at,71.0,7.545560197301083,0.25429927118431467,7.07872271337069,7.38251299413791,7.51943831029442,7.6661067574627655,8.61695065194586,0.03370184115359296,1.5750860422368318,3.4251788958606344
SPOVD_at,71.0,6.604389624286062,0.33538528772283105,5.72480098986419,6.383243855964199,6.61382412787968,6.8840337461250645,7.39078520872429,0.05078217773365943,0.9759510493440828,-0.0518794329515706
SPOVE_at,71.0,8.221158079350658,0.2791203163649269,7.54176186878502,8.03400096953824,8.22019461098915,8.429089132277909,8.87356616988874,0.03395145959618538,0.7763928177614954,-0.1878001098368851
SPOVFA_at,71.0,7.338788381986425,0.4625362669141962,6.14939786627011,7.0589726177075995,7.30705537226439,7.614565150416065,8.39212110891765,0.06302624395731647,1.2241870317083479,-0.33062173225302427
SPOVFB_at,71.0,7.883408644683471,0.4056529991635456,6.77376088131979,7.612083074993874,7.91202792959226,8.153780682110956,8.72794566325962,0.05145654848643623,1.2241822438498917,0.06233216610307135
SPOVG_at,71.0,9.737129860847462,0.6980481443932935,8.2338724874761,9.277308279270866,9.73975729209398,10.2724965840204,11.1594163406541,0.07168931239174617,1.6573462878218235,-0.6190722488957818
SPOVID_at,71.0,6.081764863926191,0.2737359629310861,5.44491431903871,5.906188029228559,6.13026786753609,6.2593208644401255,6.72529353889153,0.045009297310184236,0.7457439241695986,-0.2484198898544001
SPOVK_at,71.0,7.269375241181257,0.34982003868594447,6.38131222827696,7.08168151289075,7.28215840298873,7.525453956746195,8.09913171026318,0.04812243515841665,1.1540567738699965,0.36006790737856775
SPOVM_r_at,71.0,7.340027107932425,0.31636822883920074,6.34048443264154,7.1327464930110995,7.35605024990993,7.572430235351256,8.03991736774285,0.04310177935137312,1.0852123563811025,0.49900441756885483
SPOVR_at,71.0,6.133271148762202,0.322378957224195,5.50966679622288,5.91676003224789,6.0973459465843,6.277685838583325,6.97119038449063,0.05256231942219879,1.0889084123544286,0.44342549562965416
SPOVS_at,71.0,8.851546826946862,0.5896600806326558,7.06949671850527,8.48085241612332,8.91986081066093,9.29504103676615,9.93136342458123,0.06661661426650844,1.8663335011514544,0.21829070781682924
SPOVT_at,71.0,7.653260578565925,0.33934811904703827,7.07294318280328,7.445602345184165,7.57722647510534,7.84756535204078,9.26698742083345,0.04434033253714531,2.9282813492186053,6.003740777262182
SPSA_at,71.0,6.713991249031061,0.47520791453217553,5.57511538727028,6.448161943151625,6.75032276537163,7.024131535483516,7.74624433913203,0.07077875095544038,1.428381817753253,0.049623600043638305
SPSB_at,71.0,6.4816408874948594,0.2854409514852179,5.77300705564695,6.3001364633492205,6.47720542305124,6.688461484604661,7.2029009335943,0.04403837800331148,0.9146189917771863,0.2597237629556748
SPSC_at,71.0,7.117870452932174,0.3033582760542026,6.58893790843219,6.9125200835692695,7.06464785569679,7.279984416740859,8.1073437086457,0.042619246593513876,1.1577524527128846,0.9079573843459547
SPSD_at,71.0,7.018259070091619,0.4037329278786345,5.96309093728728,6.77920791601393,7.0323272771185,7.27138905870581,8.2456562145517,0.05752607930920453,1.5701228229720603,0.9847867147464777
SPSE_at,71.0,7.799758916379143,0.2542774762968427,7.18759738119457,7.64987586455591,7.77111779890982,7.940626275320826,8.51337852615724,0.03260068407535923,0.8786721807846478,0.525840508336302
SPSF_at,71.0,7.474883846099486,0.4212662720852638,6.57428155447615,7.18147056357151,7.49187204606247,7.7630060168559005,8.47798320656434,0.05635756765706631,1.1635815354230101,-0.2084109171416726
SPSG_at,71.0,7.842560608873122,0.31262409481309705,7.06742349703072,7.6379706335162805,7.83477074981743,8.032865346645895,8.67585208328921,0.03986250287430258,0.9868865821715291,0.20948431279436708
SPSI_at,71.0,6.521720041601519,0.4060285080202305,5.57412866660937,6.266872837242105,6.51198237272466,6.831490443448545,7.5528229067197,0.062257886789099784,1.1776835592728427,-0.06188023023842426
SPSJ_at,71.0,8.39483002747808,0.25958357651629854,7.88609405367137,8.170508224857269,8.36767067814522,8.565382867478665,9.04130827078302,0.03092183828220772,0.7124828657882748,-0.22682379111404005
SQHC_at,71.0,8.185353238883401,0.2704921876745528,7.71651492810907,8.00148104452933,8.16258562779806,8.31485380644139,9.12365480724546,0.03304587838550652,1.2035468743081055,1.5782112021079353
SRFAA_at,71.0,7.85077286706818,0.3208104572539108,7.22669717539388,7.650155581072525,7.90026656577337,8.048013937319435,8.97140237077159,0.04086355097593281,1.2398141389089974,0.9589702402236409
SRFAB_at,71.0,8.202365371839216,0.2734031076962649,7.69269078110129,8.01036066953979,8.1868829436292,8.37441758025551,9.03634189544577,0.03333222738832466,0.9684263878774136,0.6174867898175393
SRFAC_at,71.0,8.07713306062157,0.2893020191367282,7.50023238678257,7.890565597327255,8.05932915789358,8.24508296284762,9.14860088612041,0.035817414045976506,1.3113653784395398,1.6665058665667551
SRFAD_at,71.0,7.832299517573129,0.3185074662380741,7.0925476869364,7.583661690212304,7.84303601081584,8.086203394759174,8.84712033872173,0.040665894546479876,1.055504165907135,0.37585052474891745
SSB_at,71.0,10.661328882757443,0.4969003553495749,9.24791407517189,10.35849227517285,10.7306561376955,10.96275436920455,11.6050888919272,0.04660773162651528,1.711473743283681,0.5139132339803183
SSPA_at,71.0,8.19166664614555,0.6959646095144979,6.50385072508424,7.634114398305135,8.20366560621963,8.74978719003385,9.5399900390334,0.08496007461948812,1.6750441512813845,-0.5846211373169576
SSPB_at,71.0,6.892926321997336,0.400503792886144,5.45725148178984,6.64758519198163,6.88498951198561,7.17183716407002,7.89063608471561,0.05810359405816072,1.7346286410570793,1.4528958778551404
SSPC_at,71.0,6.505833859448943,0.34838417355853557,5.25144044717982,6.2772199856570445,6.45716722756904,6.7008429502376305,7.3531614456567,0.053549503581704495,1.6335339708064573,1.8317113981687374
SSPD_at,71.0,8.162748982522162,0.3400083351877247,7.39992557808613,7.929934906011475,8.12684414179884,8.38057998830109,9.06974172517958,0.041653655639263265,1.0260091629977957,0.062113588418176935
SSPE_at,71.0,8.98921636342096,0.629038921311678,7.0702863442188,8.62550833102612,8.9856450376024,9.43232963764278,10.1195642610809,0.06997705872019853,2.360316752002056,0.8399874505361842
SSPF_at,71.0,8.183619712362582,0.4042072894729883,7.31638593196568,7.93133195538571,8.16701326493152,8.48352388267024,9.27800323763879,0.0493922376258971,1.201921073492846,0.015447461459794365
sspG_at,71.0,8.572289212453336,0.5883368935172713,6.8294402933124,8.188866390903975,8.53906111688101,9.019153256001026,9.66045742704416,0.06863241299215252,2.0192321317658433,0.500997850738218
sspH_at,71.0,10.145433639721483,0.5791137233384406,8.86959163822305,9.773436706499405,10.2203990111722,10.57375881083765,11.3324943791309,0.05708121938436322,1.3839829398448453,-0.6025848409663834
sspI_at,71.0,8.248922961860147,0.38640093143453436,7.42330399865031,8.025213029982925,8.22575932908979,8.5298004067752,8.97453386136355,0.04684259184151724,0.8964475565089649,-0.676528875811683
sspJ_at,71.0,5.144758913308793,0.36916896854697334,4.42034615882897,4.89292124508967,5.11538694238108,5.331453161134865,6.2363671756733,0.07175632031891394,1.2937845914651018,0.5777463428573921
sspK_at,71.0,7.956239616881779,0.5200992025713539,6.52965115359167,7.5599128421754,7.90972268755794,8.333340127240493,9.21340957244775,0.06536997722740683,1.4665305356408358,-0.14741374916300076
sspL_at,71.0,7.996215492966375,0.3189636737466106,7.02661293131219,7.75998065451478,7.98013415205668,8.18347836397713,8.76788232267225,0.0398893293992861,1.1861772332727116,0.8046108168701926
sspM_r_at,71.0,3.8775149033038234,0.17697375213764382,3.59989946321019,3.764330994654435,3.83484145267859,3.919154540785175,4.75961403708293,0.04564102435476236,1.8197801329782766,7.7546449627949805
sspN_at,71.0,6.852316543754991,0.37867124605496993,6.06475223888221,6.569694227302875,6.77298813824229,7.117301703180974,7.76205080501668,0.055261785359300174,0.9450739987703791,-0.4904188619696255
ssuA_at,71.0,7.633904233171349,0.4437098670488779,6.94023403527158,7.3663865509714554,7.58596861297717,7.806108681182645,8.94660601043788,0.05812358309668599,1.867429549581241,1.3232492247240275
ssuB_at,71.0,8.047610721713493,0.4296695528948271,6.85225960276005,7.782925510027525,8.06515126758063,8.318507588108162,8.92165323746674,0.05339094642531891,1.253964980924723,-0.04287896486161946
ssuC_at,71.0,8.230676225695932,0.41149552978883064,7.45777619655556,7.93691696249042,8.18593307623362,8.43291505625904,9.29844892929866,0.04999534892456996,1.2648354802976267,0.12156931528740333
ssuD_at,71.0,7.9593767628571985,0.42928978713423604,7.22544671017625,7.68810715983578,7.8705495175151,8.16522103068961,9.27481010264684,0.05393510068998578,1.7826404446497666,1.2638083975628005
SUCC_at,71.0,9.738107191025719,0.7791220910764124,7.88809440131476,9.35329730495463,9.73483991350664,10.2744754995298,11.1857379047371,0.0800075492899095,2.130395701758509,-0.23779384459241903
SUCD_at,71.0,11.020439461234778,0.6313707204306229,9.48301600406584,10.744218408563349,11.0713600183425,11.328118956639049,12.3512691407365,0.057290884147725395,1.9171040540357138,0.08203620509334941
SUL_at,71.0,8.649168160495577,0.2002198353518622,7.98652395092883,8.507995288818524,8.61625172077776,8.768624044590524,9.16732635368132,0.023149027933848158,0.7679923082745926,0.9283851329610506
SUNA_at,71.0,9.737405588382385,0.4751252467863062,8.63662183703922,9.467328335908565,9.64833693044385,9.92379175149631,11.0074981030658,0.048793823208224375,1.5606949299442145,0.3450390448585594
SUNT_at,71.0,4.65489528770428,0.29901341132556675,3.92682385222491,4.465960318618265,4.61401348461081,4.782576888540955,5.7768050843556,0.06423633462075909,1.6337112884256766,2.652072445422311
TAGA_at,71.0,6.8489816082594634,0.32301643043180844,6.34701884091513,6.6170700684591,6.78812474897813,6.96271733323045,8.13580272229475,0.047162694968003696,1.874167139363551,3.0103863935114195
TAGB_at,71.0,7.102526036043649,0.27908722726347135,6.48503307079349,6.94547904210947,7.10639553294032,7.223252219558785,8.56649992448352,0.03929408014094835,3.426648781950659,9.867302931343174
TAGC_at,71.0,6.958242600485481,0.3335830898178279,6.25589239986619,6.67366290917052,6.92222024932169,7.169900736519136,8.13072797433441,0.04794070988478522,1.330864133772246,1.0912933222989691
TAGD_at,71.0,9.196974632651589,0.6113371797145144,7.820176484259,8.73256116357504,9.23140386940865,9.65888064139506,10.3502339693403,0.06647155223676628,1.4384215072727295,-0.6416756078042964
TAGE_at,71.0,7.211706918172722,0.39662688338203655,6.44422981364389,6.95161176067952,7.10801189900028,7.443011211274751,8.16965568831095,0.05499764312143352,1.2418665664704336,0.18225834287728437
TAGF_at,71.0,6.680682333584242,0.4881210118566488,5.43774253638916,6.38300077849264,6.64209296832032,6.950539491612355,7.90346242437708,0.07306454453055364,1.5209370414205565,0.1661976011410653
TAGG_at,71.0,7.482733675789041,0.44436081334446087,6.55262178907865,7.24862556005176,7.40422330664246,7.69401853347454,8.65523697613319,0.059384822793068844,1.641567725101389,0.7785374031213852
TAGH_at,71.0,8.260189969675421,0.4295193093594304,7.19992143329512,7.981209306923946,8.26140813540749,8.562905910117404,9.10226456127848,0.05199872048176491,1.1941093748523026,-0.1893502716211377
TAGO_at,71.0,8.21046542629102,0.4228736209343593,7.25433670759402,7.9600616358281,8.13115420280755,8.501609783609036,9.08712304490595,0.05150422040390802,1.0502098070274677,-0.5033961561912683
tasA_at,71.0,6.930692655335962,0.4074470526856974,5.94707470843181,6.671897836092665,6.86413147816188,7.255297925769945,7.97897115361205,0.05878879254182519,1.0867036920933533,-0.3089997837881273
TDH_at,71.0,8.232951420660703,0.24523025639572837,7.59377669504083,8.097041810685646,8.22680104361072,8.38291952066918,8.74098082829762,0.029786433062184692,0.6816078797570481,-0.19003385427008013
TDK_at,71.0,7.658496931710344,0.28202324204920065,7.00848123446138,7.46293887394219,7.66578649405997,7.87196612377097,8.33540365863133,0.03682488150925164,0.7589426981452864,-0.283630053417792
TENA_at,71.0,7.820604340027879,0.6799853708497635,6.69887573245567,7.347346271405115,7.67731642548076,8.167364108491771,9.45797249882564,0.08694793155171171,2.0166841822524013,0.0072409116125018436
TENI_at,71.0,9.842565124002945,0.6038508267546028,8.65419647579367,9.39972020974393,9.76593717513035,10.172926658930951,11.3634396381866,0.06135096076550198,1.7303531518100528,-0.09890087604633147
TETB_at,71.0,7.555575565491171,0.3920050195619634,6.89369642770807,7.33492271122403,7.48456837629491,7.690818230912205,9.0202741373402,0.05188287988970434,2.5498103333554067,3.7541622797634977
TETL_n_at,71.0,9.254069378131001,0.5202580740144227,7.9118983356719,8.91701389414177,9.26789420450804,9.513844574620245,10.482060392475,0.056219383360566144,1.5964946830900562,0.11617615164122741
TGL_at,71.0,6.189575549469487,0.23821314794299625,5.57243329728604,6.063073665805585,6.19904063785996,6.3073569072104245,6.84140795714141,0.038486184721246944,0.8900748621491587,0.8232637194540859
TGT_at,71.0,8.492977975169724,0.20314669878442262,7.98689384702345,8.334238101008175,8.48547460721966,8.615290938633681,9.12838391018117,0.02391937190680904,0.7096949448095884,0.5660178498382771
THDF_at,71.0,8.208120060439045,0.22566962662401022,7.8150987740806,8.06806126923922,8.19302418056683,8.308738754056465,8.80008774900827,0.02749346073916216,0.6476640737042558,-0.09420518240672049
THIA_at,71.0,8.795137985867914,0.5987696363996389,7.75287779911941,8.384511887065045,8.65858750084811,9.04846196244825,10.3912295179486,0.06807961823472763,2.059845862209725,0.5094990971884705
THIC_at,71.0,8.264854713355337,0.23746871438883962,7.66831834048677,8.13671679707247,8.2647292524966,8.420491977997045,8.75665771097102,0.028732351943841116,0.688953997249811,-0.06108997236366864
THID_at,71.0,8.68317989944411,0.3323696142294843,7.85155986467674,8.40906905302718,8.64417613956862,8.884947735820596,9.49175129920252,0.038277407364410626,0.9389257318563774,-0.14187456359422201
THIK_at,71.0,8.583559969003879,0.23318241933564432,7.99165197198612,8.408875183485812,8.57330248163424,8.76383392413254,9.27752272206935,0.027166166506401784,0.712975575517613,0.10445292002795714
THRB_s_at,71.0,9.146057461062517,0.5161608785946165,8.14988306585956,8.792803679828666,9.20333933218595,9.46212341058642,10.2400846443602,0.05643534176250987,1.2785080888660498,-0.5103324103249722
THRC_s_at,71.0,8.958188454489127,0.5872067953924431,7.69415285822337,8.473513185010539,9.03015862997458,9.370955900399164,10.2021931906848,0.06554972563656909,1.36583034582853,-0.6701916263259093
THRS_at,71.0,7.635274260069317,0.2994368004110347,7.05360087105951,7.40590844082508,7.62050171522844,7.80007049299312,8.44138866017624,0.039217556594793,0.8529152757586935,-0.11704117731213559
THRZ_at,71.0,7.543574735910666,0.3430733366862226,6.70942325117022,7.355476541117705,7.50693715826862,7.7258133715305455,8.36256213298021,0.04547888086175453,1.030291604840043,0.04678551225632166
THYA_at,71.0,6.466217880987596,0.39306558178783635,5.44140910172484,6.19724533562254,6.43611617831691,6.767551545849685,7.55430264928513,0.060787556036977025,1.1759738902476344,0.03479666933196013
THYB_at,71.0,8.377721290702679,0.3640197803795738,7.71431803973421,8.11654114468385,8.28490973637097,8.563916761726615,9.18529717644946,0.043450929882753564,0.8861745406563227,-0.5553784025559776
TIG_at,71.0,7.279910132722608,0.6955001716434029,5.68555926502872,6.7842569638729096,7.19754324902149,7.926812683792891,8.6197249664902,0.09553691720962129,1.5434738000771815,-0.7832209783656436
TKT_at,71.0,8.884343655595531,0.6683730494194384,7.42744993340321,8.40807701329412,8.93523357260486,9.42490790780677,10.2334813464208,0.07523043629660635,1.5311367258359867,-0.707395434328463
TLPA_at,71.0,7.882751643860279,0.3815915086993382,7.1412893752716,7.58455338566656,7.87136243771262,8.13001416748006,8.87977003859251,0.048408414464833786,1.152623182069534,0.06525637025472664
TLP_at,71.0,9.072741491516037,0.32769155677838546,8.43087460439253,8.86769331219017,9.0732289707931,9.273311107017244,10.0033409874456,0.036118251256779595,1.1519109237843264,0.5890150440788076
TLPB_at,71.0,6.634049295387017,0.36988769653480597,5.77366340873833,6.381491056022581,6.66337246412776,6.93201374937031,7.44223944056815,0.05575594634064706,0.9475581435646896,-0.4205559114180164
TLPC_at,71.0,7.156953092420243,0.45162761921202127,6.36323932531246,6.82850254964114,7.21289070723895,7.4825953997980506,8.5676701661617,0.06310333648690938,1.3605228021314666,0.05670089314951321
TMK_at,71.0,8.0673069502648,0.4203253081009169,6.91642469064183,7.853714843818615,8.13635095612475,8.345930418063915,8.92079365684097,0.052102307584456074,1.2549284865763453,0.02824441880970685
TMRB_at,71.0,7.889817580969939,0.2789873850542008,6.95837851929965,7.708517298107495,7.85382466920869,8.119274454229235,8.59076726447331,0.035360435420853334,1.0093135827017246,0.6975929505738176
TNRA_at,71.0,7.711467259829944,0.3195468018566968,6.88932878282679,7.515840409094469,7.70103893983333,7.861528979896065,8.64831965662371,0.04143787311673597,1.1545627423728622,0.6926701130137856
TOPA_at,71.0,8.542822081694077,0.5762194979840802,7.32817323919976,8.12840234523915,8.51396333360682,9.02789740489248,9.53281267603099,0.0674507197356747,1.1875559132419902,-0.9508167018761604
TOPB_at,71.0,8.823532740027716,0.2524020324242218,8.18714840467226,8.676163563924451,8.84775115942019,9.021458336498485,9.29699202282619,0.02860555288464074,0.6573205705977242,-0.37554033765486183
TPI_at,71.0,9.62204893088873,0.6578563127665354,7.88550001495914,9.19559729023818,9.79018058547083,10.138363534407851,10.5502741815522,0.0683696702741433,1.78933493022925,-0.2530474376410745
TREA_at,71.0,7.616357848928254,0.4431626260783651,6.90978528902778,7.264375294675959,7.53415332349722,7.887013312307505,8.64618994808682,0.058185636083357785,1.1312066534617324,-0.4302639138450841
TREP_at,71.0,7.7668871404697,0.4837655876122731,6.92639749387819,7.40237725585467,7.67352873851411,8.195411618807984,8.80629519399987,0.06228564659985745,1.0081725634356173,-0.9263929759282634
TRER_at,71.0,7.401671981342415,0.4966733690195017,6.79494349557729,7.06800973002668,7.29844682065052,7.617573609123525,10.0738107776396,0.06710286139016686,6.546489595055226,10.823015082448915
TRKA_at,71.0,7.049741653683435,0.4854861651961506,6.05698908056335,6.738490757166041,7.04053904427802,7.33581720665239,8.45332223791702,0.0688658094218939,1.4550877544248544,0.04048873593394964
TRMD_at,71.0,7.9439057340627155,0.38670330831073557,7.3224493083372,7.62951808891617,7.8617215031852,8.19988735702319,8.97975392192329,0.048679241830953304,1.1022263722856973,-0.11501137754547752
TRPA_at,71.0,9.220522011892651,0.4647882753805035,8.17500088145596,8.89660954866016,9.20109963669676,9.579607981249305,10.2900335641059,0.05040802188650691,1.2175395499837445,-0.35934335255710925
TRPB_at,71.0,8.59410560176223,0.4245604298382269,7.65059131723645,8.306165783877411,8.57882081849028,8.812446794188025,9.63810274946074,0.04940135128793045,1.3007830087924845,0.11106802204864019
TRPD_s_at,71.0,7.794657819423091,0.5328345185396748,6.57322591628436,7.44560894221211,7.79874955419169,8.142067227985235,8.96119381779467,0.0683589364515698,1.3731053176522707,-0.40442244665447413
TRPE_at,71.0,8.10167530726357,0.33419832193241433,7.27850431967298,7.95890581924656,8.07366627337503,8.215701898765555,9.15357606212027,0.04125052032544285,1.4962003101589454,1.6073429440658575
TRPS_at,71.0,8.025338129680323,0.26356786301053814,7.3736120371436,7.869896745126665,8.01186257516503,8.24275306457206,8.57792993630086,0.032841963634625944,0.6738108038297452,-0.4261117338152802
TRUA_at,71.0,8.032188781891783,0.26965353219792565,7.53194524578118,7.853004193797791,8.02285120318974,8.181826271358336,8.76090676932876,0.03357161285923056,0.7977085692907631,-0.0007040317371935778
TRUB_at,71.0,7.476116618648548,0.3082087409576941,6.71381644004711,7.2543693231190005,7.48348301013617,7.670982816629425,8.21421088314782,0.04122578026523733,0.8975408736369419,-0.04957103093328197
TRXA_at,71.0,10.289000971879618,0.829737484024376,7.30726835341929,9.959772235619925,10.4695143272766,10.8720238856049,11.3499204163129,0.08064315343074534,4.264022259425292,2.30830348624172
TRXB_at,71.0,9.119393566932985,0.6106228011447105,7.73603769290614,8.677841285410945,9.10225581482406,9.573527050952656,10.246650475382,0.0669587069209114,1.3521454401286583,-0.7883641796596006
TSF_at,71.0,8.294801764416155,0.7882160224887172,6.65726975117594,7.80748282704408,8.22904872743068,8.919447123392425,10.5073760052632,0.09502529956412976,2.0554225105909003,-0.37190950869288253
TUAA_at,71.0,6.942152635666848,0.40725156553384056,6.10687904564838,6.688890500182955,6.9178299563934,7.247701701190265,8.16871230385458,0.05866358562061793,1.3807621674485886,0.4568857606404646
TUAB_at,71.0,6.151925125704514,0.4409117504381698,5.05283340190077,5.828566053428145,6.05654038794255,6.49866800762751,7.03537839788762,0.07167053262659417,1.0724674199235544,-0.557525155955362
TUAC_at,71.0,7.598995266937652,0.2521232976620861,7.09571299415247,7.41012656173258,7.62402197969259,7.7238417201449,8.28951815401878,0.03317850436873482,0.7762241208716771,0.12685859040801262
TUAD_at,71.0,7.641422999377415,0.21970627929350964,7.14181318604794,7.497444791625755,7.6154381895992,7.826475812652035,8.0784414445485,0.02875201115177241,0.5034374112471052,-0.706792319206341
TUAE_at,71.0,6.331568189187783,0.37396734917157354,5.56875906298336,6.04340092920157,6.3146822212376,6.640736527937365,7.12595220769713,0.0590639377161231,0.8316403557181865,-0.7783472531542075
TUAF_at,71.0,7.059484599916072,0.3760357009492277,6.07829415294086,6.822339890883025,7.06456873159261,7.346038357511135,7.86112874125647,0.05326673578318994,0.9996555637111735,-0.31820950357292954
TUAG_at,71.0,7.035726794479353,0.3997537579746518,6.14359709171697,6.737589252000725,7.03912566326545,7.33182112447012,7.81305404866456,0.0568176919957043,0.8939962171278929,-0.765074050134313
TUAH_at,71.0,7.1248917159452265,0.1852535620772783,6.66870730704398,7.018040949386015,7.11329381995273,7.255747001531045,7.50285502980214,0.02600089509608801,0.512054815304612,-0.2063242476072915
TUFA_at,71.0,9.670791843392681,0.7205635916173028,7.55589089231308,9.318148255735046,9.79992586318512,10.2181688959994,10.7783234256939,0.074509264937763,2.4172947941471956,0.4190725220708833
TYRA_at,71.0,8.162689570544618,0.44431061156440255,7.34664411966662,7.82168074254112,8.10181746442981,8.482691133827796,9.01219055980219,0.05443188886757554,0.9431471858523917,-0.8854060530634493
TYRS_at,71.0,7.811995137207438,0.3717767608070968,7.1794319783716,7.536381735103385,7.69016695993833,8.072851780358494,8.83797870060056,0.04759050079746929,1.0650179297840197,-0.09981176800893587
TYRZ_at,71.0,7.586200615414239,0.2569889944952424,6.76998707754569,7.44234825725104,7.60112430260387,7.75320020218404,8.26704319709444,0.03387585004976956,1.0522602342102898,1.202438056470477
UDK_at,71.0,7.173284264729197,0.28294744960943385,6.59781546284436,6.988081868057975,7.1441149517155,7.30682286710275,8.57635748932404,0.03944461688221073,2.952826955065848,7.916842766114373
UNG_at,71.0,9.184851456353053,0.3068995275623529,8.40902062089388,8.998255289476514,9.14391779618986,9.347933914572275,10.0051070753716,0.03341366259658714,1.1036613756938949,0.6747119150275149
UPP_at,71.0,7.937456524245042,0.3931633998268298,7.18163368358257,7.6305391936083105,7.86826905318366,8.242184985551795,8.71892510162166,0.04953266813190197,0.8561850651131252,-0.8272108307360493
UREA_at,71.0,7.937026071417686,0.4432503688626523,7.35239126270453,7.676845175551865,7.86470811063171,8.1233113690009,10.260597900197,0.0558459005771516,5.420656340646815,9.815713148185484
UREB_at,71.0,8.342543123095997,0.44340300546071654,7.5139208270532,8.04717345259958,8.28124105641094,8.57704596813946,10.2280723295624,0.05314962103500227,2.8115132257012942,3.58075638421949
UREC_at,71.0,8.442579612547325,0.44258419728535475,7.59829332524254,8.1378337937812,8.46467059374741,8.65262404829909,10.3601167608102,0.05242286334233533,3.0879666500320297,4.254555097841289
USD_i_at,71.0,6.553472990993637,0.6174775847354309,5.28310333848822,6.1827602890916395,6.51547787357027,6.93830259249226,8.0964814001435,0.09422142817770414,1.8422094498419965,0.025947786117363147
UVRA_at,71.0,8.413104619970554,0.2710820639806973,7.81028258133032,8.2540993514731,8.4225655160976,8.585685430853694,9.25682268721005,0.03222140651112527,0.951222792612032,0.5824031500794482
UVRB_at,71.0,8.23065656806119,0.26323971624940606,7.57140735787231,8.077911611466774,8.18661745672179,8.405610425956006,8.85243491873336,0.03198283321295407,0.7696095488456095,-0.037408156451160135
UVRC_at,71.0,8.075587365284527,0.28604400738919933,7.54823508974602,7.866001896726395,8.04457831660828,8.221762764450744,8.76638297418048,0.03542083002146076,0.7741808204568895,-0.26727639714620555
UVRX_at,71.0,6.504246649048481,0.6405579839463538,5.03608584852329,6.085197094173165,6.45463804026914,6.9145209383170005,8.23274529028329,0.0984830401596259,1.8691671254327575,-0.043313980655894646
UVRX_g_at,71.0,5.3387686053557974,0.7285637997194607,4.06184072798888,4.7675688124361955,5.30241180654087,5.83661802409149,7.34722963458923,0.1364666374542948,2.0096552477346967,-0.21235550307295048
uxaA_at,71.0,7.560580999667038,0.4611465831216181,6.4916512994692,7.24173044857221,7.49116196890351,7.8535768888237545,8.63545288438118,0.0609935378169914,1.1989592922405725,-0.38010125997947686
uxaB_at,71.0,6.6381914723553015,0.5423316740090564,5.5361119350074,6.2226407246256645,6.63676654699269,7.11908123798632,7.80695134784798,0.0816987090938236,1.1597201957729655,-0.8688077155004654
uxaC_at,71.0,6.213416753124554,0.38450114171452876,5.53218001309627,5.88523134223599,6.19732382632388,6.468939617247351,7.04426614016204,0.06188240013373863,0.958183306229019,-0.4943862998234496
uxuA_at,71.0,7.516446485655525,0.2728322721424886,6.93915614842349,7.32510887824428,7.49247261534141,7.64543098970466,8.18836123366819,0.03629803959399763,0.8726012344020214,0.25344986850500506
VALS_at,71.0,7.725230039755695,0.2532088811099924,7.1283915131554,7.536831135184995,7.67814285437842,7.90464556379783,8.27417784646036,0.03277687263769817,0.6537228635281277,-0.3993711898143175
VEG_at,71.0,11.526243155501037,0.5260430122585965,9.89549619774464,11.331024707304,11.584864946142,11.8711580645684,12.5448567958673,0.045638722449433684,1.8822332934123582,0.6555817102407069
VPR_at,71.0,7.668363674924747,0.2859680282804559,6.9372189001191,7.519082576677465,7.66770140486183,7.83035872807381,8.4665339596697,0.037291923075526576,0.9370113013638925,0.33638017268109976
WAPA_at,71.0,7.71158047860463,0.3147791491953294,7.01572347261892,7.489868078340735,7.75076455635954,7.970056922712095,8.34192396344303,0.04081901888577412,0.7033652156507325,-0.7670807286955021
WPRA_at,71.0,7.308565129483844,0.29697284406412855,6.64790757600026,7.13513469352365,7.27147847413392,7.477671100070265,8.05820652550339,0.040633535968106205,0.9374358398741914,0.20933052946199826
xepA_at,71.0,8.496418620666686,0.5534544595753601,7.56788279058599,8.166070078959116,8.35553903499674,8.672828094218069,10.7181235093956,0.06513973525611574,3.296529650800585,3.17365693579002
XHLA_at,71.0,9.849776839025596,0.8576804505441249,7.59276937785603,9.32155980586409,9.81812474004546,10.257447562616399,12.2304307669312,0.08707613020692276,3.1091083165675055,0.7052635626723216
XHLB_at,71.0,10.026246698618984,0.8297259871040068,7.9902416033723,9.509991729984556,9.94221440385073,10.4579220836494,12.3450221124547,0.08275539312415815,2.9346214260483037,0.6119141406853368
XKDA_at,71.0,7.910991124184113,0.43327177653300764,7.0240823619035,7.64779522173104,7.90699527832434,8.251765388239455,8.71656431891342,0.05476833050772667,1.0049610180288726,-0.6770825966530776
XKDB_at,71.0,7.46822102030383,0.2230278116427981,7.00054698192425,7.315555514806521,7.4879179011871,7.58430209243474,8.05540362818774,0.029863579430289097,0.7028174764831363,0.2036304709334904
XKDC_at,71.0,7.70848238984727,0.3316871655867689,7.09793734855066,7.507586305832925,7.68694198917497,7.91433439130686,8.85890651143025,0.04302885429479988,1.379784224440166,1.2716037918839582
XKDD_at,71.0,7.400657237579528,0.3569476007537269,6.72106490998558,7.157955243704975,7.41272559556172,7.54938934889107,8.5630805953197,0.04823187850684337,1.4562574312742345,1.1867443226579546
XKDE_at,71.0,8.77551111546681,0.4209098872406698,8.10470880616947,8.476400370900084,8.68472431449797,8.94795874054321,10.4693820574499,0.04796414496003743,2.3555648690528725,2.792569376018111
XKDF_at,71.0,8.939412263834491,0.6920652069330764,7.53024055839877,8.48800569390113,8.79799785026078,9.21061894490645,11.2792815695094,0.07741730513234216,3.0291717081351757,1.5014817757545948
XKDG_at,71.0,8.985084074355436,0.684516695182979,7.78366262634519,8.53583890667985,8.90368304904029,9.319055364501866,11.4433860598334,0.07618367168501806,3.4130359886331036,2.1463570835757606
XKDH_at,71.0,8.85294113223543,0.694824404546627,7.42242970106278,8.446423155372294,8.81279786483983,9.191830956826074,11.2506692386578,0.07848514907849376,3.145498845735179,1.660345626523677
XKDI_at,71.0,9.374376046485763,0.6780140109000071,8.27840034636241,8.907063943457645,9.34529197214276,9.67775199971334,11.8206003917019,0.07232630817644434,3.4850518502744547,2.309454054225058
XKDJ_at,71.0,8.296847849036576,0.6206628448024313,7.41793000961373,7.83682279522991,8.21451422777554,8.50683523172085,10.6157867686041,0.07480706602019974,3.1652707618399325,2.2668204496695328
XKDK_at,71.0,8.657696005229894,0.7514685559460209,7.27732745704775,8.13794202188587,8.56164766375849,8.963301847395286,11.1171132283329,0.08679775259977687,2.901809648290837,0.9556742032204406
XKDM_at,71.0,8.369425134563532,0.7711530917906131,6.63658317664288,7.856516529919645,8.32333108564779,8.717974195577366,10.9781396180913,0.09213931415742678,3.2306146969173346,1.3027687322402155
XKDN_at,71.0,8.31151336506614,0.6306932599844878,7.29506399239623,7.84580640987561,8.24533684522106,8.70920740836268,10.2416766076058,0.07588188002383954,1.919218474025956,0.08903937538372597
XKDO_at,71.0,7.3694471206794985,0.5168529665325655,6.38135413353982,7.058600158129295,7.30198242988672,7.60284318908279,9.17925472867167,0.07013456478739333,2.2730687237211757,1.5236098486697758
XKDP_at,71.0,8.325652507050439,0.4364207137462837,7.55666028794029,8.04019593141664,8.24294396826832,8.534760740789654,9.81566496345426,0.05241880001317713,1.8532318378192538,1.3632321036286221
XKDQ_at,71.0,7.84920269441311,0.46635730099953254,7.08640729077614,7.55959411500791,7.78227397132444,7.95837804068924,9.72820722719525,0.05941460797432017,2.7592504627938,3.1316449095439705
XKDR_at,71.0,8.419852202448869,0.47943824031559795,7.61795623768351,8.118125319911435,8.34360829404744,8.555800407899465,10.3409976911102,0.05694140808981848,2.837776814387662,3.134144103626766
XKDS_at,71.0,9.279498063246695,0.5076879474547368,8.38472578794658,8.969270593654205,9.22240789407756,9.597036838134505,11.2454358388175,0.054710712152151446,2.588360837615377,2.2652397386406165
XKDT_at,71.0,8.45678819745877,0.525670922372805,7.59121235140896,8.11533929056234,8.36945745328688,8.55190156652076,10.6741768109747,0.06215964147367045,3.633230409496723,4.185178949799227
XKDU_at,71.0,8.302824420280443,0.5480351132434226,7.4160079302482,7.95210790479649,8.18618180683527,8.477949974073816,10.4677386294658,0.0660058656551612,3.021663668357383,2.7049704467537676
XKDV_at,71.0,6.839595820795276,0.5605512338407275,6.04445894206623,6.449636342019845,6.71566251880647,7.07215612864843,8.78038271001698,0.08195677764121874,2.5052679396132094,1.5992007029989246
XKDW_at,71.0,8.245100776560712,0.494457663571697,7.48570128212563,7.99115735253378,8.12633690024824,8.337111044263949,10.4065580713295,0.05996987507749429,3.7286935020643104,4.851570770376566
XKDX_at,71.0,6.7096952178074,0.5478790145248118,5.9600962065426,6.370557181234745,6.56256238172932,6.931932171698845,8.76749532021487,0.08165482883197908,2.672151194545249,2.031170715791186
XLYA_at,71.0,9.926064504625533,0.9452822049299363,6.49599445714872,9.33372287183872,9.99922107993589,10.45145883154865,12.2866737009375,0.09523232540846738,4.692098032221763,2.122690867465254
XLYB_at,71.0,8.968669774749069,0.5398996347834915,8.02176396147194,8.5902269607096,8.90445289539331,9.2013426488099,10.787012629532,0.06019840715995111,2.2418101796886005,1.263531051800829
XPAC_at,71.0,7.060115316019517,0.3631943993410091,6.15240259323835,6.80445665888485,7.09056120140638,7.26693067204354,7.83621367860594,0.05144312565503216,0.9994413890002171,-0.21931287398898514
XPF_at,71.0,8.23842514478184,0.24272300186225285,7.75375714023121,8.071485839760735,8.2379514678085,8.390780777544945,8.9299956988234,0.029462305913648058,0.7120307720142333,-0.026921088588999886
XPT_at,71.0,7.884229727402064,0.5323523723241874,6.08110737740734,7.567964365215291,7.79169476297417,8.215889199798355,9.42716537758579,0.0675211644929584,2.5698488792738687,1.9783147727191075
XRE_at,71.0,8.009167543214051,0.18995730871600405,7.38347916968853,7.89654803769279,7.98868831787248,8.140213200624427,8.59501893688642,0.023717484706253858,0.8190483862162722,1.4323898046220078
XSA_at,71.0,8.67893374889276,0.2388866072487538,8.2348932152034,8.52723716324814,8.64879985603524,8.826590742844761,9.4425853725719,0.02752487968688901,0.7904600992775987,0.37058521436206115
XTMA_at,71.0,7.451739659792063,0.514696737500876,6.61951031273414,7.156222993942855,7.37038452409903,7.617891805452065,9.21362248202677,0.0690706816125187,2.206723092082476,1.406632975367481
XTMB_at,71.0,7.3446104672011066,0.466809010202097,6.46362326651894,7.037946465211495,7.29517901289283,7.55098802850073,8.9834836391141,0.06355803514518982,2.2247232797567578,1.9131599609475467
XTRA_at,71.0,8.544965409924458,0.38170334327946404,7.69513989794338,8.301394112772584,8.51947211314653,8.797282998467828,9.47253248960586,0.0446699693876044,1.2362038373236224,0.29616734113902954
XYLA_at,71.0,8.477557673533124,0.6574069145826421,6.92147652216715,8.013722092175335,8.419641079833,8.902478666836505,10.1698379637254,0.077546734554819,1.8028369050359205,-0.2293323682127575
XYLB_at,71.0,7.27578245206515,0.4868828475845893,6.23146248987848,6.962392425499445,7.24109224092805,7.52187450981437,9.06085897832817,0.06691828003273971,2.537698051034725,2.385736500950858
XYLR_at,71.0,6.110786748463173,0.32268822794179486,5.43905435280127,5.90164936091574,6.03084168551844,6.289315748854615,7.3548135439585,0.052806331037971346,1.7306716220186724,2.5457888502641177
XYNA_at,71.0,7.827649094450121,0.3307226085352579,6.98930459661583,7.61725658418807,7.82220632322832,8.038256700834161,8.70782956159583,0.042250566491252584,1.0335627397126748,0.17600596814813496
XYNB_at,71.0,7.907201349323622,0.6447290348981938,6.6222850949486,7.4873108614385995,7.93973107160632,8.279570245843061,9.43581557606417,0.08153694416208884,1.6971862467028678,-0.34574274725833476
XYND_at,71.0,7.295220698592279,0.3397061032416837,6.45169656546293,7.046512563508925,7.30085821657616,7.535006256692015,8.16118878710538,0.04656556905910126,1.0163773648614818,0.03493506165508764
YAAA_at,71.0,8.131421555054189,0.2685167986849513,7.50482849464893,7.956226277203605,8.15773108114222,8.293398328863535,8.93426983493565,0.03302212249936191,0.8686145081922897,0.292154567601957
YAAB_at,71.0,7.155242151160113,0.3430672834901068,6.42419401330673,6.940636704034855,7.09297797304499,7.293625660103469,8.07160524838148,0.047946285568334496,1.1930855193222099,0.5492795803699435
YAAC_at,71.0,6.3711333074962315,0.4484438187409353,5.38867498071606,6.07922248200474,6.38504442409279,6.668840350115795,7.52999330365669,0.070386820852312,1.2545668074162157,-0.17082672401134413
YAAD_at,71.0,9.030876557357574,0.49621041068225036,8.06307856163261,8.696074329527654,9.06860874290479,9.423837875673595,10.0528047577674,0.05494598531279682,1.051267374645959,-0.8897773362742689
YAAE_at,71.0,9.718025204978577,0.48807170299448377,8.63981017247255,9.41162933966146,9.69082993765539,10.11245889767945,10.6358398962803,0.05022334195474642,1.1877878352600943,-0.5562035067758431
YAAF_at,71.0,6.815957847083756,0.41266936687557404,5.60467232719734,6.59251692451651,6.8288522485771,7.04449353941752,7.66452802013073,0.06054458905612758,1.3717268496799913,0.3865726826655935
YAAG_at,71.0,6.767376529701352,0.32878281651798563,6.21603469000322,6.540483974898455,6.71668547148884,6.885151067654499,7.69978022626056,0.04858349688021497,1.1546514209333394,0.5854869584459372
YAAH_at,71.0,7.824764614628434,0.41691162842918633,6.87586840275328,7.532471438517804,7.87847279476666,8.1196376696881,8.7669573203071,0.05328104409042134,1.119731835384488,-0.28922800636671964
YAAI_at,71.0,5.765013987858754,0.4223346676518403,4.85260026711706,5.518943452827415,5.69866438852691,5.997757642668155,7.4943231637744,0.0732582208024623,2.4545626981080413,3.0207737217801913
YAAJ_at,71.0,8.886089834995131,0.2717003377675941,8.27533331031747,8.698636299379285,8.83453043899408,9.056770559334815,9.52220398487336,0.03057591615803679,0.7719685798430436,-0.12460999328278488
YAAK_at,71.0,9.082801557781888,0.7077526845965002,7.44031930674297,8.57088284138809,9.17104305487875,9.608045925395764,10.3658308999255,0.07792228863462482,1.7857920339333007,-0.4613830698993797
YAAL_at,71.0,8.397805910535943,0.44901314923224095,7.28428142264876,8.121294085371705,8.34802149777348,8.709319446397355,9.27611566042507,0.053467912216083255,1.3250512146949707,-0.008372466692093461
YAAN_at,71.0,7.541566833545794,0.33909073721573757,6.74205213059921,7.299061502625645,7.54575103761466,7.7675019636040705,8.39656524745389,0.04496290289537995,1.0038985809260985,0.0017185979620797376
YAAO_at,71.0,7.402796278107377,0.2908631813008117,6.5518287680844,7.21869642881661,7.36036441414554,7.5329110878552346,8.2275641422705,0.03929098821225089,1.155276439781346,1.072537818955781
YAAQ_at,71.0,8.74268997254534,0.4298290574944151,7.86950576545084,8.471706812381012,8.7220647056271,9.049044223352126,9.52755038706454,0.04916439435050388,0.9765465119050836,-0.7274071154270887
YAAR_at,71.0,8.448225320379436,0.5793106598406416,7.00456407648102,8.041322113233434,8.47183763782095,8.829494181977989,9.53149022911064,0.06857187608895628,1.4027275676988542,-0.5691849317920914
YAAT_at,71.0,8.454743839773045,0.43991431760096417,7.42268324537945,8.139948517761379,8.36054331988871,8.723522759674475,9.66071489575946,0.05203165535678406,1.3319800823995929,0.0729316344721953
YABA_at,71.0,7.710962757630086,0.5064038505730734,6.40450139810444,7.3883421841039745,7.64090927210499,8.01155910842821,9.05311566258367,0.06567323257682459,1.5242631250925762,0.054040433219176176
YABB_at,71.0,7.254880545210494,0.30862608554939674,6.56086986017971,7.021697946536975,7.26729593414651,7.50813603437882,7.83625141662395,0.04254047790671683,0.756182152764553,-0.5387091693395387
YABC_at,71.0,8.00794697165642,0.3263045092271224,6.93131532836543,7.83782373696324,8.00638132459425,8.201149049834484,8.77916743050612,0.04074758616435085,1.2770299600443735,1.0108344700678078
YABD_at,71.0,7.882399571218387,0.32968266093747656,7.08580971117746,7.67692269940079,7.85791306029268,8.119062375870925,8.6866421400685,0.04182516478120093,0.992087176126087,0.053239069587198706
YABE_at,71.0,7.939728724579003,0.39352796335025886,7.15719014040209,7.650222499610704,7.91568520498385,8.126740135250166,8.84286595854069,0.04956440918844181,1.0996793059242815,-0.17420303573034523
YABF_at,71.0,7.720101398548727,0.34501704469936867,7.07932956247856,7.4116058231210395,7.71777967686679,7.999903979960585,8.55794463860116,0.04469074004186359,0.8201037257351347,-0.6161742898010991
YABG_at,71.0,6.677618791738197,0.29409898127373213,6.11000134616212,6.47443964866003,6.64807257705081,6.819050665621775,7.60521887530811,0.04404249335670412,1.0697643488487985,0.7184037522171254
YABH_at,71.0,8.66057537849377,0.21666964969919097,8.20286394525037,8.499828120853365,8.68673966901865,8.8097163576267,9.29355132622949,0.025017927820042106,0.7082443405984115,0.3280635862771595
YABJ_at,71.0,9.207452861179025,0.5159122756596327,7.86555698004518,8.876388975080635,9.23771619091938,9.566878508653605,10.2309201199014,0.056032030078030676,1.3476387919867554,-0.36718943911460356
YABK_at,71.0,8.504293993270911,0.3017802452433674,7.96973300754369,8.294642987052125,8.47690902807431,8.72652598318006,9.32757666136613,0.0354856317857959,0.8849571835095272,-0.028039292198671628
YABM_at,71.0,6.856165462036996,0.26033658927198566,6.37450137443403,6.680849964790156,6.80621697905123,7.0607997157067555,7.45489641273389,0.037971164889978974,0.6112450086796561,-0.6469775906920536
YABN_at,71.0,7.3260473413666345,0.17100331202903477,6.98716172024593,7.2000738055519005,7.30539327328279,7.44226643052917,7.79581978414297,0.023341824596663747,0.4796996257559614,-0.16277353584787768
YABO_at,71.0,7.877009782955523,0.419812401789854,6.09405395452956,7.640502813093305,7.90224019685823,8.189592085287485,8.62849699166001,0.053295909660827756,2.5341397988393712,3.2584502179001396
YABP_at,71.0,7.724855960800782,0.254146198553004,7.19328826363493,7.560973673650015,7.73963004543764,7.88881399025444,8.35665447101843,0.032899797723433336,0.7246366835218595,-0.11401201148335982
YABQ_at,71.0,6.423366696463055,0.23184184319653064,6.03243229541429,6.28332270246268,6.41442229588242,6.4822556589852,7.54996475580383,0.036093508926431275,2.2171104042820593,6.992568403996692
YABR_at,71.0,7.394714196371599,0.4682217228953732,6.55377277487771,7.052808063994226,7.28657353021513,7.70518259778592,8.45094212972673,0.06331843401400393,1.177854092910949,-0.4694259723575831
YABS_at,71.0,7.529630424767802,0.2393256185066613,6.85629872592931,7.399917595325605,7.50984259410629,7.69546383590138,8.19122165335719,0.03178451066063333,0.8068715140729777,0.4367656853510975
YABT_at,71.0,7.168957703860132,0.3344766183403803,6.3365742655351,6.981070788134565,7.20289434005029,7.393148857124555,7.81100890475381,0.0466562409986435,0.9025206900839791,-0.2759611029308324
YACA_at,71.0,8.046027759893565,0.3359694813718754,7.42334751807798,7.808122206150109,8.04232225045473,8.267838034369674,8.95778202549693,0.04175594360319727,1.0646589179101085,0.22233003250519534
YACB_at,71.0,7.533293549927894,0.29197564076194404,6.83184611165999,7.313168166871465,7.54079550973577,7.721027970925405,8.16414156413465,0.03875803310024189,0.8118605270388037,-0.18885278755325752
YACC_at,71.0,8.741334362157907,0.2555211255586412,8.15289453736725,8.53956985217835,8.73394159024367,8.902372993680455,9.25483748313466,0.029231363882477393,0.6036774762004243,-0.6314852031329479
YACD_at,71.0,6.640387017679551,0.32696270478684086,5.90043924019164,6.381158807642275,6.66044265323671,6.88997126195731,7.35598848711482,0.049238501297639174,0.7428707144151167,-0.7273081920866109
YACF_at,71.0,9.385176393960888,0.28597955779830664,8.7301361336447,9.163596392861269,9.39998223618383,9.56313366115598,10.0692070017386,0.030471409997400462,0.7837803225484135,-0.2310889403079135
YACH_at,71.0,8.506363221867833,0.5904214056827918,7.26368025831446,8.03784026619087,8.48528530806839,8.945964585152685,9.62723639829763,0.06940938098727774,1.3771833375245326,-0.6632408785704857
YACI_at,71.0,9.261695653298018,0.4875379838456665,7.9663456631614,8.927262964200494,9.28739826123196,9.658663977889134,10.2928530251917,0.052640250996809426,1.4084487873679148,-0.07415636904028178
YACK_at,71.0,9.286938768735203,0.4272639310519457,8.23248637297511,8.9883998157754,9.30149798932504,9.539466834234,10.5404501987158,0.04600697190879995,1.4411366341351017,0.43835846174172577
YACL_at,71.0,9.262781137422643,0.5192881269146619,8.10870352759908,8.893516803339189,9.2207223739054,9.60206674040301,10.7086118333675,0.056061793883554194,1.5021380681152736,-0.07014715816169437
YACM_at,71.0,9.208788749056879,0.37012843995449723,8.08552512950548,8.930301665115504,9.23407609252814,9.45840892619554,10.0977862950507,0.040192955886017484,1.1798704071900625,0.2422537059924772
YACN_at,71.0,8.2932367414869,0.29667899257941976,7.45134046865398,8.112717855345565,8.27496579511671,8.43278696889754,9.07834515824204,0.035773607076147206,1.1300882422574232,0.9002019706546367
YACO_at,71.0,8.702954351999495,0.30537919933020413,7.96620225013916,8.52037278130296,8.69142343557731,8.931766321892844,9.29042033746595,0.03508914179930676,0.758920913041443,-0.5016300032342391
YACP_at,71.0,8.37502212621745,0.40394909189150885,7.65660942497595,8.04363049265763,8.29927138907636,8.673283340349506,9.48578260735758,0.048232599962568824,1.0737206508357273,-0.31857657067547507
YAZA_at,71.0,8.038519369995118,0.36052996181174074,7.27626700128701,7.762044792216406,8.00367457276081,8.304245938344248,9.01221755775006,0.04485029459000479,1.0115368676829344,-0.16225716020246805
YAZB_at,71.0,9.028250965544311,0.40443439597995223,8.21194941458853,8.763586464975115,9.01236290712708,9.30414012162168,9.96856656022747,0.04479653894463588,1.0135909675751993,-0.47937538396149604
YAZC_at,71.0,6.591780108377514,0.4876158314617729,5.61174797982248,6.2459107362970805,6.52962493383709,6.793604513948055,8.0182261968457,0.07397331577278501,1.4972582697446415,0.11819884265733993
YBAC_at,71.0,6.992679328214325,0.34095104655875236,6.29655425249995,6.76212247701264,7.01991179466306,7.205044345590306,8.12510636182191,0.04875828427925621,1.2255778803799027,0.6730399754247673
YBAE_at,71.0,6.933240787486073,0.27173004625274993,6.26259027060246,6.75192258235115,6.93764213325817,7.087301110085971,7.61073719005088,0.039192356732107185,0.8243377713585532,0.07912293384255742
YBAF_at,71.0,6.759949564515291,0.20413603914361927,6.32049824684029,6.64788130704743,6.77207750133153,6.87595936623066,7.21084980710747,0.030197864228925862,0.5313886691909774,-0.37675766854410453
YBAJ_at,71.0,7.448743724143836,0.3132339928148145,6.68134650826657,7.2035839946643705,7.45588053322801,7.6300730010975855,8.28816032198154,0.042051922366387745,0.9390251123454703,0.041190253283243106
YBAK_at,71.0,6.672131745287469,0.4545604796163073,5.57479385318493,6.357500602769241,6.66472670899762,6.9966895700394645,7.68107885292047,0.06812822302817441,1.240332480597925,-0.24384275620351614
YBAL_at,71.0,9.733360889912344,0.40265897662031036,8.61607209551593,9.509203700774044,9.80586324992971,10.01645599147345,10.4610469603754,0.041368955818501106,1.1225611367400563,-0.1811293023315672
YBAN_at,71.0,7.437120111372108,0.2926939895782823,6.86439137060338,7.2809042882966555,7.45234218260398,7.60553083726403,8.44576664351163,0.03935582392043442,1.1474526153362343,1.017929356245161
YBAR_at,71.0,8.777578061910154,0.6165156028914751,7.69501742909536,8.361924534049304,8.63607606136165,9.146111500800856,10.1625239072617,0.07023755283553816,1.6519106619200128,-0.2959483513108969
YBAS_at,71.0,7.751910576153481,0.28352430107978055,6.84688429167046,7.589737836670135,7.77743541104762,7.89760448870529,8.37242891742582,0.03657476415581487,1.1578233295081197,1.1909071744272577
YBBA_at,71.0,7.549393363775061,0.3888081461054476,6.59823369317686,7.313029322143835,7.57137948854172,7.794700541321465,8.40550163534779,0.05150190583141435,1.1265829679008599,-0.06502020230521399
YBBB_at,71.0,5.964740987698523,0.4107021620352331,4.93891414149791,5.6968358273965,6.02953800805319,6.221603294844609,6.84245291689455,0.06885498681036631,1.159546048663164,-0.14358843994311732
YBBC_at,71.0,7.858470601005626,0.25571477914741786,7.27717554252332,7.673108782727965,7.84663934685297,8.001952682525989,8.66616016915478,0.03254001855204431,0.9737496062730459,0.8989568556846628
YBBD_at,71.0,7.330810982582143,0.28712819827887603,6.8090054964202,7.112029558042355,7.35030593474268,7.520206630269735,8.06861705399791,0.0391673170896217,0.8463706522449463,-0.011887655054407364
YBBE_at,71.0,7.729540585999394,0.2518962368889129,7.29756371150043,7.56074410987253,7.69301466361344,7.82324919171458,8.42959255147409,0.03258877213804601,0.8747446505355976,0.5439193631515833
YBBF_at,71.0,6.739148986340216,0.32289580558051395,5.94439643222564,6.545664497575875,6.72218884034564,6.9220720208796305,7.68712013426938,0.0479134392539772,1.080808481049592,0.41113996158017185
YBBH_at,71.0,8.515280371831135,0.24245353484853588,8.0485845319165,8.329120243650195,8.52238277022713,8.69690349111144,9.08806521707369,0.028472760057388267,0.5973799682878923,-0.5241626940192061
YBBI_at,71.0,8.69852753774506,0.2862759175121656,8.16428315329348,8.480395382242575,8.64462940348292,8.941475282173421,9.37970454851193,0.03291084798777077,0.6663424035661016,-0.6684503509677473
YBBJ_at,71.0,7.655095709110872,0.24635491396263887,7.14691378449739,7.458799683015846,7.62447230337431,7.822562213341666,8.2451002336276,0.03218182023112192,0.6546736508387235,-0.31923126027750426
YBBK_at,71.0,7.91058290553585,0.22049439880574773,7.28983425682202,7.788199486129965,7.9234404169719,8.043493339858335,8.33991791848602,0.02787334403024145,0.6479245141633674,-0.021631110960189215
YBBM_at,71.0,8.917135025545141,0.5350179506861235,7.81786177364977,8.60665822500221,8.8311249054712,9.308564395723915,10.2763537816072,0.05999886164709226,1.4062222394177788,-0.3500180500201102
YBBP_at,71.0,7.495109760568406,0.3099858314222024,6.6820519081879,7.327845302934721,7.48507728428449,7.640278396162565,8.27834511138301,0.04135841119406022,1.0749238291240626,0.5386420740523663
YBBR_at,71.0,7.948066256145337,0.2943674378480273,7.38701644734655,7.788248309148205,7.96993579576286,8.08389219809315,8.59393648512876,0.03703635933085314,0.7807789179038609,-0.3245733813406346
YBBT_at,71.0,7.2711302879520945,0.44365836037155615,6.44904862372624,6.94425791676998,7.18906974262926,7.6446453739960205,8.34986367062913,0.06101642286711273,1.0999660312254964,-0.5078419426421306
YBBU_at,71.0,6.961094030294154,0.6059875073964417,5.81791248883599,6.572118093226775,6.99327358252814,7.374426702395935,8.40544264193912,0.08705348681676041,1.497515445731037,-0.5164291635309777
YBCC_at,71.0,5.153034308662911,0.34334164766888153,4.46761066917224,4.946335509869465,5.09238837964698,5.37650305467222,6.06392456772965,0.06662902420262955,1.0390345303182253,0.07126272308252446
YBCD_at,71.0,6.935305286408918,0.4252034320233205,6.06775549800775,6.651596953453305,6.93584313157373,7.230732891354085,8.30892485019071,0.06130998052192301,1.502284080367466,0.607931692425689
YBCF_at,71.0,6.788149284262288,0.5235883448651685,5.67110335108807,6.40246568195919,6.7585531865617,7.10376593396445,8.45198464279315,0.07713270921708526,1.981232696503824,0.8735441375328046
YBCH_at,71.0,5.757015627269867,0.7123378952671209,4.58645622810997,5.168625802853056,5.65152727360475,6.351876459825315,7.65302408642682,0.12373388251595399,1.7637694972496016,-0.5113142493711114
YBCI_at,71.0,6.978765969390498,0.3812423957991016,6.08099919598524,6.72853335288306,6.95920270913604,7.233743658499165,8.47808877462685,0.05462891254288586,2.021131626950875,2.480291363626413
YBCL_at,71.0,7.568489780296822,0.4267614452656346,6.7558556385301,7.279644129588235,7.51509584545727,7.8316978447367696,8.85607682278141,0.05638660520843007,1.328830110944117,0.16392355776701084
YBCM_at,71.0,7.231592837116451,0.48374496589419586,6.015369214983,6.88730603806607,7.27119006361494,7.56372635300391,8.26252077285474,0.06689328019289952,1.259820477901847,-0.3754906293966287
YBCO_at,71.0,8.12557218133401,0.3942201462292007,7.43385491681544,7.842861990335215,8.13613556431538,8.35959371247629,9.60015464353015,0.048515986004628656,1.7601867587901951,1.5946380948565606
YBCP_at,71.0,6.752861341271205,0.3522089640958855,5.91250407699476,6.528648760740655,6.70107177106119,6.946707139006565,7.60999861930567,0.052156996315517894,1.0636645606347508,0.06463515804629605
YBCS_at,71.0,6.014084604168927,0.597170411496779,4.86906129575449,5.55353686290018,6.10563256971617,6.4140525167471,7.28347048957747,0.09929531272021416,1.3025694484245012,-0.8234485955725059
YBCT_at,71.0,4.505389891373113,0.3968427515084499,3.6195306415592,4.22656184747317,4.4642839509915,4.71789450271229,5.41515540184268,0.08808177784309443,1.026349820407259,-0.3945692740934428
YBDA_at,71.0,6.516863908983501,0.35606876807706067,5.67677485241844,6.262655650947825,6.56116417666087,6.74215464500928,7.76042567001504,0.054638054906474214,1.4279431371779927,1.1132093276440544
YBDB_at,71.0,5.180165503537625,0.4185444632995919,4.43311302500467,4.886374939629665,5.19077146662186,5.42275889333737,6.16666004426769,0.08079750792011581,1.1296168983116346,-0.27531517229282043
YBDD_at,71.0,6.469310678542725,0.4566811057153425,5.64225341798721,6.1175062090962395,6.44535968791396,6.850368657860296,7.39868410767174,0.07059192677668934,0.9170430671930921,-1.006811136867313
YBDE_at,71.0,5.848832014602131,0.5397123723151185,4.69679787470309,5.516994410330745,5.88874612300572,6.23591286525241,7.00508111379013,0.09227694879382387,1.4147363659671335,-0.3575211152181379
YBDG_at,71.0,6.4062115938917685,0.4793342033203466,5.45051838986536,6.050308774611725,6.37960543739023,6.7655438782564605,7.73675905106716,0.07482334860393698,1.3432379862913633,-0.16585170682782957
YBDJ_at,71.0,8.430121390168999,0.3684991224454685,7.52071952880347,8.14876948687669,8.40320023811294,8.698018839127691,9.42328626696304,0.043712196466732155,1.1556308177588088,0.18752874480441895
YBDK_at,71.0,7.484885347722976,0.41411796380759025,6.53182413401894,7.21131973315013,7.50692474588539,7.758092328559335,8.42873703147214,0.055327228750881495,1.1041314138494298,-0.3099312126113838
YBDL_at,71.0,9.369900327396836,0.26988695858901773,8.78121555060019,9.236534177496605,9.33699808099108,9.546318950257005,10.153784683916,0.02880361040766783,0.9125401797287939,0.44709549489114453
YBDM_at,71.0,7.293287629431578,0.34761727748372523,6.4612556254161,7.044690487246865,7.30928243784148,7.577304864475475,8.05607434068243,0.04766263105830885,0.8578317761357385,-0.5200828787203577
YBDN_at,71.0,7.768591598773115,0.4558161310460282,6.61260805978394,7.48076083694973,7.78625021761495,8.1096708162526,8.57927869711975,0.05867423010343532,1.1761753189047903,-0.40083342041379133
YBDO_at,71.0,6.577016738043915,0.3735467637253151,5.8218288541187,6.35092421416467,6.53832278010033,6.86458784719136,7.71733750224975,0.05679577513686128,1.3418561680490109,0.6705177596909104
YBDT_at,71.0,8.476956954937123,0.32884847808543566,7.72036229354769,8.28802579360092,8.45713694254252,8.609522190602629,9.69544462658894,0.03879322259551038,1.984562950615884,3.2568865613698064
YBEC_at,71.0,8.426327046314482,0.5977814053558728,7.21053669653254,8.008333670380136,8.33694737321854,8.896084785763474,9.49123683622102,0.0709421082365099,1.266773503454892,-0.889212946013251
YBEF_at,71.0,6.970148928503947,0.6971511593227923,5.33571495164272,6.4857472883017255,7.02672092579756,7.53160715795047,8.36249032582295,0.10001955000872942,1.586201602139609,-0.7238912934270942
YBFA_at,71.0,7.245476694247568,0.27013817762328796,6.5744043691896,7.08252887740548,7.24681034395995,7.385231481218765,7.96372808774165,0.03728369975128895,0.9452716894596175,0.5720593439400252
YBFB_at,71.0,8.527509862761686,0.402715817642791,7.74534169115975,8.2941749588594,8.45938583357867,8.639564199371835,10.2598184632862,0.04722548834582867,3.2035367764898224,5.2897712386087985
YBFE_at,71.0,5.065151265503028,0.34247539088851026,4.34845005838227,4.825202866926389,5.07475870859768,5.301610953268465,5.99069367755793,0.06761404999313451,0.9955035144451588,-0.055216309731284774
YBFF_at,71.0,4.917788000876852,0.2718999235267671,4.4372601075695,4.746464792130505,4.87781557510719,5.065843024986515,5.68821011831626,0.05528906969521394,0.9625628241930861,0.6153874204952374
YBFG_at,71.0,9.500845124796099,0.8232015217246694,7.55024058280946,8.918871806821095,9.49621446625132,9.963569182103704,11.6081826042114,0.08664508377009635,2.423879332698507,-0.015334740267083369
YBFH_at,71.0,7.301980622624848,0.24838246128776298,6.57697395184495,7.139467659708615,7.29186959553713,7.453511811617879,7.9789946874817,0.03401576560175488,0.8901058912653983,0.6614183425887106
YBFI_at,71.0,7.354430444143336,0.1675285152255622,6.80425224201494,7.242535152185105,7.32504967875705,7.457872906145155,7.73431433829381,0.022779264349283866,0.5843169422470446,0.5600418182070235
YBFJ_at,71.0,8.526865745367585,0.36870115690369,7.77724637065504,8.287076839813485,8.44597303942725,8.756535454033944,9.45730151120491,0.0432399392595099,0.962603798580492,-0.36861925081364033
YBFK_at,71.0,6.872997425544681,0.3110199175320489,6.26627173235706,6.68750909408884,6.85224034998381,7.034501590074925,7.76345854760861,0.04525244202421635,0.9754137522087042,0.18766649071131303
YBFM_at,71.0,8.53908539596904,0.24377372516297285,7.98694635519877,8.387409033204246,8.54071714456346,8.66956121830952,9.15081910154292,0.028547990078427912,0.7121710624102877,-0.03969965465432779
YBFN_at,71.0,7.584630967559994,0.35093945902881507,6.77392065330375,7.34897916186166,7.59874018051148,7.844679224346985,8.24828916768733,0.046269813327742396,0.8604889509162776,-0.5368010909901395
YBFO_at,71.0,6.55502255586324,0.2882440601090694,5.80911900444875,6.375165553071695,6.59751961917476,6.7411249423554,7.19397162272231,0.043973008125081904,0.9575164288663776,0.38430799201784094
YBFP_at,71.0,7.0104115646194645,0.3214955755080685,6.31589799378734,6.74730761068096,7.03013988554086,7.25528299615977,7.81026514963837,0.045859729139243445,0.8017931430984148,-0.49234184783118407
YBFQ_at,71.0,8.462452251428994,0.24599904511138812,7.93431805502576,8.302875101987125,8.4295857066688,8.62258792550925,9.06619469035992,0.02906947511223452,0.7597691143588619,0.13718872085436207
YBFS_at,71.0,8.086302246619422,0.2715560022962492,7.57445666286104,7.90694983898025,8.07042190700558,8.18455070109988,9.21858647055967,0.033582222629605085,1.6617202494915773,3.3462181654379215
YBFT_at,71.0,8.08177573263187,0.20727009254339324,7.61923639754739,7.959638107013535,8.06527319967053,8.16449050580258,8.68266880009322,0.025646602850719628,0.8036417163763229,0.9723503589553202
YBGA_at,71.0,8.20733105737386,0.2303642034305197,7.73203425998727,8.034318344550297,8.20973171122237,8.357421433437786,8.91811975794267,0.028068101776344143,0.7089251183399201,0.1254418595053406
YBGB_at,71.0,9.395743115106916,0.6455364053877131,8.11423218554711,8.933082263683126,9.29895783398201,9.933638620261265,11.2388208338242,0.06870519952272741,1.8898697229890533,-0.03318492142730145
YBGE_at,71.0,8.834233827238345,0.5245934154316947,7.57942866398128,8.547797884910265,8.85835627292585,9.152847727809124,9.93336270583177,0.0593818802728801,1.4895468634462112,-0.12653585882528828
YBGF_at,71.0,6.467243942573907,0.2724243261398804,5.8731129862387,6.305760625505875,6.45727635121329,6.643497789501235,7.04640107958994,0.04212371275289453,0.7464775664504628,-0.23168016212998754
YBGG_at,71.0,7.558102985889084,0.19263798170737378,7.10587541702664,7.42971234755925,7.52182803748991,7.702943160976285,8.01506717131621,0.025487610061284863,0.5195559991835833,-0.2772828151145408
YBGH_at,71.0,7.580331079635307,0.31892383270294544,6.6338960612702,7.420785118359425,7.58693193539154,7.75546016752261,8.32899009365178,0.04207254661471712,1.1963591743117605,0.8389066450412446
YBGJ_at,71.0,7.542810234064522,0.26775960550766914,6.66090311253081,7.430533962598915,7.56173412785259,7.711715392281304,8.15530683443472,0.03549865331337974,1.2423961281759597,1.7799154686726224
YBXA_at,71.0,7.841362559216272,0.20685743768761952,7.36510790745075,7.7110699428603855,7.83825009486006,7.924674457731594,8.58610157706818,0.02638029247155414,1.1582871428865553,2.7958333141635876
YBXB_at,71.0,6.60624690752628,0.4128022975689469,5.86051259721629,6.311455449790975,6.58494521623647,6.884458809685445,7.48527171098511,0.06248665896799206,0.9697030783899658,-0.6457376730458164
YBXF_at,71.0,9.496642829252346,0.6674506964572136,8.06519093589966,9.04541648585046,9.60122426696347,10.004229405721546,10.7745738182238,0.07028280503519377,1.6212971955658313,-0.5610156586074617
YBXG_at,71.0,8.609188699150097,0.27197014728398056,7.9696438299234,8.440459845315686,8.56670558708149,8.78306693091116,9.21948966805663,0.031590682558837346,0.7688521508405662,-0.13972723530102638
YBXH_at,71.0,7.158291442602977,0.34452249426360526,6.41280779397601,6.94373232482506,7.10595638933211,7.32543317270771,8.0426545484206,0.04812915163151365,1.2228207759923817,0.6251118064201782
YBXI_at,71.0,7.363000839563224,0.380693182176174,6.417212369812,7.134725214299635,7.36421194990823,7.5826472610753495,8.65683949987034,0.05170353643457643,1.5599722639528975,1.2057650122356174
YBYB_at,71.0,9.721298214283992,0.7576462641693404,8.84101080280684,9.22373427742966,9.43201728173488,10.0156679970707,12.5998999007164,0.07793673719998556,4.669712176305252,3.393009794842982
YCBA_at,71.0,7.52706928447956,0.23601341101646117,6.69334138080541,7.39105448485493,7.50464877325087,7.63905348885781,8.16820047624544,0.03135528611422629,1.1961872207333897,2.2334449841387407
YCBB_at,71.0,8.235619418657292,0.18315741827745263,7.84664117300686,8.111952497640686,8.17780147464331,8.326405091294976,8.77564499344986,0.02223966516258883,0.6391807106671579,0.5620781882893517
YCBC_at,71.0,7.904763900437412,0.17416259020742908,7.42518328773868,7.80115983052084,7.88924228871326,8.020070980138936,8.3906613223527,0.022032611271007318,0.6689746141418228,0.9340467605859155
YCBD_at,71.0,7.614148793399799,0.2848649275387457,6.93549294249424,7.435340518675675,7.64567952746578,7.81035193600757,8.30302929422811,0.03741257693646284,0.769774539517142,-0.2717928044023519
YCBE_at,71.0,8.48874924125622,0.21273968992247858,8.0932450900914,8.330797056632935,8.47304539850458,8.623055371392185,8.99741361535941,0.025061370512459144,0.5480591430600151,-0.4052553620977508
YCBF_at,71.0,8.923372911513566,0.2869182107373544,7.73639495479557,8.754447539616375,8.9506438595147,9.113732968759791,9.63399800546529,0.03215356049584707,1.773380023320653,3.411369184073986
YCBG_at,71.0,8.567078279611366,0.23268075241337097,7.9274188052932,8.423929564632974,8.58351021138534,8.728718800595836,9.03922333408506,0.027159872341440332,0.6263635230135498,-0.282698827567494
YCBH_at,71.0,8.640643274373511,0.2677987892276217,7.93190290480731,8.48407857964709,8.66213310508147,8.793141965149779,9.53125787242205,0.030992922716976578,1.1596525128578783,1.4520447077037106
YCBJ_at,71.0,8.145122732967778,0.25288259600038704,7.57374274719741,7.98501760585253,8.16183551988368,8.30380192012019,8.85749768046652,0.03104711915227901,0.8070406332776267,0.24609988863008603
YCBK_at,71.0,7.6039901636696765,0.29905806477898905,6.84037359986948,7.448918361745459,7.59989236880666,7.760981664171775,8.34925687784036,0.03932909674289531,1.1938972173808475,1.0940345090323893
YCBL_at,71.0,6.89771301428833,0.2856641903942452,6.09601298749802,6.742442367494441,6.90327064932863,7.08358028783701,7.61702658741706,0.041414333968737685,0.9308484551015196,0.31722747518581507
YCBM_at,71.0,7.569317921244146,0.27591120955964127,6.69770412028952,7.41391786143001,7.57362022450202,7.730439514002034,8.18893037858824,0.03645126449045895,1.0587086804515076,0.9298569618807955
YCBN_at,71.0,6.896050312390067,0.19178542145171198,6.38385129960451,6.787387071220545,6.88205630404691,7.048225299301015,7.25834045985575,0.027810908094323638,0.5852717520669228,0.09822043895256671
YCBO_at,71.0,7.116585674025808,0.4247176026530208,6.14757370260925,6.891982555228459,7.05190435625768,7.3960353992429955,8.58751928787152,0.0596799676287408,1.697998085685912,1.100127079011175
YCBP_at,71.0,8.736948695412375,0.7668518655288286,7.69270546987594,8.299852291721905,8.65534373312417,8.92350896720028,12.140453091503,0.08777113066161069,7.860750695065882,7.720665554832827
YCBR_at,71.0,7.377334391510307,0.27022156481917237,6.71907954292397,7.209941499567845,7.37779148179754,7.5397555730494155,8.02264023888582,0.03662861820797199,0.8373117274131398,0.14789074734637397
YCBT_at,71.0,7.519235165318719,0.3539167452332249,6.67252030542889,7.262993788172141,7.55965626909443,7.756102394594359,8.34245077057207,0.047068184124046265,0.9146277935409817,-0.3966724399951014
YCBU_at,71.0,8.083183874282335,0.2947533953038964,7.47119774241213,7.926489206455646,8.03684502829758,8.230419782083,9.03773468659895,0.036465011793396326,1.1706790968460101,1.072362361943541
YCCC_at,71.0,6.546841629593022,0.3041124181306317,5.9932927486481,6.342333081963085,6.52775401249705,6.6895105420338155,7.39145174048109,0.04645177557923248,0.9677741298786905,0.23649197771579855
YCCF_at,71.0,7.3869357096404515,0.15990587820601462,6.93229654440423,7.273026666632135,7.39190851850611,7.47893438461234,7.73531427584802,0.021647119250994242,0.5191163722019617,0.30435866658690003
YCCG_at,71.0,7.236181653619237,0.4718345231935272,6.18829950490942,6.92297082291279,7.17377050319255,7.54731817940836,8.53628520828907,0.0652049030523626,1.401648195584557,0.01238601289988095
YCCH_at,71.0,7.304498124445698,0.29000472318352416,6.61595472213274,7.08656984353499,7.34013389842677,7.47273807883473,8.02637894836785,0.03970221064373689,0.8685542324464702,0.03814794852045722
YCCK_at,71.0,7.622823950512805,0.18221938006207794,7.13475012442884,7.51280453272676,7.60330973368796,7.76344336887507,8.05915254015171,0.023904445549974906,0.5135137803961306,-0.14911392115352617
YCDA_at,71.0,6.485529269240561,0.4795696020407195,5.43610885657712,6.1386106006885,6.42849787651597,6.76537231246965,7.62682749510134,0.07394455905321601,1.320796488614078,-0.2168558713476516
YCDB_at,71.0,7.432966898385159,0.2856199981129875,6.86390073504578,7.272446891975205,7.42537426136423,7.59582320051001,8.05525576046712,0.03842610925322963,0.7564292489490166,-0.328829130061691
YCDC_at,71.0,7.197733841163705,0.2708409516782045,6.53748267114324,7.0291806461661945,7.19372489260129,7.33315796306766,8.01968718507526,0.03762864224421166,1.0812975297134084,1.0942239029024057
YCDD_at,71.0,6.364815046551319,0.28683766278209744,5.58170930870148,6.1620187304143546,6.39576521710933,6.536748552322235,7.11183245084619,0.04506614264267053,0.9580860656797328,0.40365645056651633
YCDF_at,71.0,8.296985997059537,0.4396712725833555,7.45462533854205,8.03233310990751,8.29810344147979,8.53164291987432,10.0457892373654,0.0529916855035281,3.105853148817793,4.346573880231868
YCDG_at,71.0,8.268982204663295,0.4171461222542095,7.36451616464093,8.002947992694114,8.21916685745859,8.444441794101724,10.0857143832662,0.05044709396265961,3.167530372008936,4.907009746453422
YCDH_at,71.0,8.973041507252438,1.5036064730192695,6.28023519793928,7.658126211779106,9.0017008455952,10.2652822352871,11.8512267092205,0.16756932103835512,2.764332291339211,-1.186379217018216
YCDI_at,71.0,7.977044981457958,0.5560512832904642,6.93858373336844,7.5443555818593,7.93676533225297,8.290291075591309,9.30976812309611,0.06970642444451092,1.5068383388343471,-0.2636960302036626
YCEA_at,71.0,6.9594828112546185,0.6379350682274162,5.51793323804127,6.446739485741,6.94967582648245,7.41126202465775,8.40468106615319,0.09166414883528,1.5862473618205517,-0.5001914142104176
YCEB_at,71.0,7.743774007986036,0.23489133321950464,7.11583350773741,7.615676826994205,7.75482839946177,7.90175841277483,8.30353908135822,0.0303329271976771,0.8055610293391444,0.4982483853104296
YCEC_at,71.0,8.940160744059938,0.3243494947154801,8.08563438365188,8.729841706579075,8.9266589775815,9.150317219183185,9.68641267092609,0.03628005177993984,0.9165723661741171,-0.14088534546620446
YCED_at,71.0,8.752453238392679,0.5289006467512006,7.35055498000375,8.44748567589733,8.7548626155577,9.174217339492834,9.67970470341306,0.06042884575848693,1.4647440341006879,-0.20067326631365345
YCEE_at,71.0,9.963715877313227,0.36317418126495304,9.06486214891679,9.714081879589274,9.98625110805974,10.2670466085662,10.6168949860581,0.03644967256562168,0.8675499689535362,-0.6036761825093304
YCEF_at,71.0,8.61154424429767,0.5164281096123944,7.54922969613095,8.18892181926789,8.6551457785634,9.000090693413405,9.55647902248564,0.05996928018506773,1.136896673964073,-0.8020329421250043
YCEG_at,71.0,7.4510744270288765,0.301205973049581,6.91395258943354,7.220098345872165,7.39453538297636,7.665386875121365,8.18546692482068,0.040424501996242604,0.751538502694605,-0.4911235694013971
YCEH_at,71.0,8.982551494453501,0.30867119862301107,8.39917778514031,8.776498844893169,8.95787638292377,9.218840314008926,9.57688178437689,0.034363420996095344,0.6629691679570631,-0.8588334248216296
YCEI_at,71.0,7.305957827212741,0.49427537513324893,6.34203767786346,6.940248542736305,7.30454807806108,7.7484081830967,8.39851926434956,0.06765374052560298,1.009101743398044,-0.9713214790208338
YCEJ_at,71.0,7.161033878922175,0.5457866311394645,5.83551405592699,6.833096465091245,7.17596926373995,7.5926564317601155,8.41233848990356,0.07621617777091318,1.4104576275440297,-0.3967110810405514
YCEK_at,71.0,8.766910725235473,0.38319137209004767,7.9381594025221,8.543508218038536,8.73556918272399,8.934190267236264,9.72937984239321,0.043708825617105325,1.2427783165061546,0.30101746304842836
YCGA_at,71.0,7.656557486105418,0.29105536613624855,6.93099189177219,7.47827369321312,7.66902394722761,7.82669452554971,8.51419085310228,0.03801386806857199,0.9904976202108394,0.4703158680057631
YCGB_at,71.0,7.490912067521864,0.20865756213672484,6.97265997980936,7.34172187842971,7.4577197554187,7.636272759204865,7.97243100351718,0.027854760576004563,0.5935374365094215,-0.12111297380979114
YCGE_at,71.0,7.4661249988243386,0.21623693151433063,6.96384745635438,7.334124396282455,7.42419872291583,7.59609405049398,8.16266036696478,0.02896240439965586,0.7935385230777081,0.7526402232129605
YCGF_at,71.0,6.637957308992253,0.3162165454394278,6.08011000317539,6.41912700544211,6.63405505800453,6.85865694912129,7.25789148615446,0.047637628673968445,0.6669375601640913,-0.8998100618113067
YCGG_at,71.0,7.301573562739932,0.185900883589403,6.82779468918409,7.17708487198372,7.26492401946816,7.41822114964843,7.85163338396887,0.025460386311528613,0.7285995203120995,1.016844406753763
YCGH_at,71.0,7.658594792328648,0.2840563966931096,7.15224754835356,7.486087158317435,7.62937851831853,7.794083746773184,8.40040510263673,0.037089884553970554,0.9041215609116211,0.23713132866295394
YCGI_at,71.0,5.631278496620798,0.24133919523777297,4.89835097200465,5.499890787275845,5.63093935762228,5.773596761071255,6.22398227845048,0.04285690991532298,0.9235722491136137,0.9189811927655054
YCGJ_at,71.0,8.329604593592245,0.3554849028722025,7.72902917654001,8.063294730234219,8.30413165038587,8.528564258313466,9.36925905730698,0.04267728424296011,1.0253777695470978,-0.07887075944493871
YCGK_at,71.0,6.729480963576186,0.3334068710126709,6.13296408769682,6.49104558322615,6.72235858109555,6.968525487238835,7.88957556727133,0.049544217870183496,1.2748335702092548,0.9155858441689073
YCGL_at,71.0,7.176382798785446,0.2907361755611081,6.57300360515169,6.966180248160709,7.20574113163737,7.4203485924498445,7.73051137009291,0.04051291349874943,0.6484538228405895,-0.7714074161123579
YCGM_at,71.0,8.397400581481119,0.8482392695161629,7.31610238752771,7.8226706717288454,8.05881053083904,8.71979893253061,10.4000205828107,0.10101212408358778,2.5480821576067925,0.04767784472768799
YCGN_at,71.0,8.686755980714262,1.0230159239254106,7.43529484671975,7.898390260075326,8.21057868057668,9.349231669561215,11.202494138435,0.11776731454142839,2.7085995045275966,-0.3295864173752494
YCGO_at,71.0,9.562752008778036,0.9389656262256313,8.08499050216722,8.856057837877831,9.42873147087897,10.15047552683985,11.7785112136006,0.09818989610561027,2.269476720430055,-0.573819463175961
YCGP_at,71.0,7.364378148011383,0.43911034376517505,6.56367986635046,7.09600741754498,7.30954900852489,7.49767183084077,8.39419066272921,0.05962626238628836,1.333642235221353,0.08280934644958515
YCGQ_at,71.0,7.319526647398238,0.2874899940950239,6.62465545351855,7.078927516795096,7.34482752319611,7.541428243214005,7.85348398312856,0.039277129238570865,0.6624742492261828,-0.693104549990673
YCGR_at,71.0,6.7507585823126135,0.30885100125157944,5.8324287603369,6.5744391757373855,6.7343958875774,6.912923535256545,7.86496530070512,0.045750562323586465,1.6451415815589037,2.5069913822850847
YCGS_at,71.0,7.62527490849062,0.2559430386678859,6.84551058979297,7.48025040691088,7.62865407874091,7.764893225830464,8.54156556074097,0.03356509001175781,1.3513769739858947,2.4575865163052075
YCGT_at,71.0,8.141614152124658,0.3210589765297644,7.31535967082893,7.99249875650014,8.09751494031694,8.331915924199505,9.29219138369385,0.03943431493200644,1.4611433290893445,1.685726505556885
YCIA_at,71.0,7.772072066295468,0.8086678924467692,5.77622896154027,7.217259644265345,7.71781038258865,8.334296565412535,9.37082791375179,0.10404791483517702,2.1526906062322264,-0.31438225676447296
YCIB_at,71.0,7.014078324093423,0.852404588580165,5.64288235127747,6.442746664254731,6.78323940806799,7.5386727599319805,8.94807746970283,0.12152766895290397,2.223270806109861,-0.371332578813127
YCIC_at,71.0,9.307484176743332,1.8442645904094237,6.87974896607746,7.500546147898035,8.80091120729933,11.04587867606625,12.2651876886143,0.1981485603830194,2.5400748860731737,-1.6746923253876391
YCKA_at,71.0,6.992763815519192,0.3944311577080636,6.15694794253361,6.68335522127921,6.93932556830462,7.301065481757766,8.00318070592817,0.056405617022656195,0.9703212090734521,-0.528231250111614
YCKB_at,71.0,7.321847950897176,0.2513489171576227,6.66423346195514,7.147840732715755,7.29728708538784,7.506623878804559,7.80466687063732,0.034328617425990644,0.6724334350494965,-0.3003230998826778
YCKC_at,71.0,7.998573510588719,0.43404285734151,6.92850100043547,7.743745002538111,8.05110724949115,8.349844948474946,8.63183927685925,0.05426503322960185,1.2258806122368175,-0.1425244172700051
YCKD_at,71.0,7.654707006543358,0.5331908003576706,5.99607328825615,7.33190368231494,7.80305235640285,8.026966027111925,8.59022343603216,0.06965528529072258,1.7407153027880782,0.32376333939138924
YCKE_at,71.0,9.483869428555524,0.8150658635740433,7.85494097854444,8.85813807463448,9.46144023750532,10.0148292628316,11.4424340497107,0.08594233289630865,1.9187800028568578,-0.6403723986143488
YCKF_at,71.0,7.540465324785716,0.4836156281772851,6.60333618887214,7.28699012914128,7.54397846869478,7.75579095892939,10.5118299379817,0.06413604563469409,10.482886381306514,19.818140990039367
YCKG_at,71.0,7.263091717203682,0.43459150434093907,6.71643419835417,7.059030211526565,7.18753839132782,7.304641772389585,10.2283365154881,0.05983560737799115,14.051575837888652,31.10177520457932
YCKH_at,71.0,8.865108904954157,0.27678855057168217,8.01438023413105,8.70769463333629,8.83294918445345,9.059305643654191,9.51639226933722,0.031222239178246562,1.0351653673879555,0.826916583457106
YCKI_at,71.0,8.048470631776752,0.3357454816614933,7.27267270801066,7.834873169631105,8.06056881620271,8.29622742640035,8.82974192542369,0.04171543850031734,0.8942486875966557,-0.3128455099394021
YCKJ_at,71.0,8.619467086619435,0.3010088954359597,7.94304051076312,8.45974823572317,8.59932176409489,8.806116088777578,9.39940041205386,0.03492198443488874,0.9603121491277093,0.24498458459142824
YCKK_at,71.0,8.041916870271857,0.42740286651811044,7.15676216508699,7.731470706604474,8.00817731076543,8.367554942700174,9.00731501976158,0.05314688940618981,0.9845053682330072,-0.6940347761226069
YCLA_at,71.0,7.518749511286463,0.3136643814645951,6.72828899419239,7.32573921058039,7.53648174970776,7.731587726778055,8.33131373691517,0.04171762618155461,0.9525946309353073,0.08264090620710718
YCLB_at,71.0,7.667983385755252,0.27426570540095485,7.19312398207015,7.47871687115914,7.64260283289,7.834814256033515,8.65067652561142,0.035767644712227195,1.1356870851105114,1.2514136850670754
YCLC_at,71.0,7.854682113656772,0.32898605198198894,7.26104862144806,7.646193728460945,7.85630463850941,8.08029876611122,9.03362259524478,0.0418840695551495,1.3063558975498206,1.0714423402392699
YCLD_at,71.0,8.334364619117986,0.3634376614655678,7.46739048818403,8.08374820341156,8.27824230439057,8.63079965236486,9.47975733235893,0.043607122807164854,1.1962484821910442,0.3521061482829957
YCLE_at,71.0,7.193615530851612,0.4354841513709588,6.3608916379992,6.910983623998964,7.12797113052145,7.404772192089315,8.61716829410375,0.06053759052082733,1.7520843399507413,1.1269746974122938
YCLF_at,71.0,6.6271755968385,0.2822657244014644,5.78353142870028,6.53587002328558,6.62065271224272,6.83097990492111,7.19266753643997,0.042592160155846714,1.107928949708295,1.0230249976393901
YCLG_at,71.0,7.498974062521448,0.3461831061721818,6.39580766470777,7.27652255222559,7.4942823331238,7.708476764171265,8.27572769240463,0.04616406234852098,1.206370033235242,0.5567688238656574
YCLH_at,71.0,7.136613431682892,0.33089641908829076,6.27584303920923,6.936841677342825,7.11561135328427,7.34379395817227,7.9526783558615,0.04636602812466777,1.154840966875636,0.5623416742098266
YCLI_at,71.0,7.4189408381983135,0.43800719020342793,6.30595380944939,7.1736190641257,7.44004514317667,7.75260854436568,8.48461606862284,0.059039046105912575,1.3398015299338557,0.10579784860600938
YCLJ_at,71.0,7.342827783223073,0.22851572017500363,6.8764274110183,7.16519301269681,7.31026473962023,7.506494974486801,7.86403934495192,0.031120942356447117,0.5499883190149284,-0.5846312228051431
YCLK_at,71.0,7.977611804432409,0.18583497927201503,7.50053241800174,7.861707944916169,7.99342978416309,8.081461357043061,8.57995564634241,0.023294562812490323,0.7850040676458778,1.3396897304656088
YCLM_at,71.0,8.017030236757172,0.4953485067865357,6.96835264213017,7.69530908788946,7.96918910529524,8.2791033561423,9.37751940941152,0.06178703237458418,1.6555426736486867,0.4057839337685234
YCLN_at,71.0,6.879423008612333,0.22374815215925156,6.34763579000011,6.753082709920065,6.90324306846181,7.00595512738621,7.47054493169398,0.032524261392146085,0.7078292732968628,0.2166053436788129
YCLO_at,71.0,6.998044353440206,0.4485167308711608,5.49031467082178,6.722764683742795,7.02651560837625,7.299291419229515,8.04666960567594,0.06409172451881819,1.6970629419888157,0.8733023104739432
YCLP_at,71.0,6.769011520498516,0.2316763290901888,6.060956246849,6.608125148552405,6.76226812235445,6.909751472153985,7.4607760511076,0.03422602079913827,0.9313283791637998,1.123430438568512
YCLQ_at,71.0,8.172143527765177,0.25933539892267704,7.53325637182033,7.96496251271651,8.17060473789713,8.377983650776446,8.80325039367374,0.031734072956694274,0.6631547660024426,-0.42544112995169936
YCNB_at,71.0,8.293318630960995,0.24610591856447459,7.80424031922993,8.10378624424067,8.28589685017279,8.47125892147467,8.83453402732005,0.029675203560333586,0.5800472281177736,-0.6374503392510751
YCNC_at,71.0,7.89113245517092,0.1582560883132823,7.53276174669239,7.790140807003605,7.8968061675194,7.974388977769925,8.26139477533654,0.020054927377322108,0.4946725691661958,0.17664941324702044
YCND_at,71.0,8.436514242427178,0.25543500764131566,7.68045178653057,8.233897749859224,8.47397731475629,8.613070760206554,9.04077756760734,0.030277315998203925,0.7990971798225721,0.17940758248072886
YCNE_at,71.0,7.490618517292281,0.28795677706114026,6.89736587005241,7.307713502108325,7.48364650540992,7.721456547296845,8.13301403901884,0.03844232307337302,0.6875591424369556,-0.6048219355994306
YCNF_at,71.0,7.534224838111848,0.28114137018206964,6.85096998830123,7.3364602679159105,7.57253178435859,7.693215460794045,8.27431639669964,0.037315234974129925,0.8832609165773694,0.19351006705692653
YCNG_at,71.0,7.669551748410437,0.26621684036870674,7.16612522881273,7.489821087910605,7.61573427982426,7.8194513870795,8.50709107131144,0.0347108734775643,0.8732831063479554,0.34031424316669856
YCNH_at,71.0,9.92420190707497,0.4495435562551105,8.93654473894712,9.65845086488328,9.97066285175096,10.29624566244515,10.6498445102119,0.045297703580036056,1.026000963551024,-0.7164212381107564
YCNI_at,71.0,8.409587599577907,0.25396451072113463,7.87584288216307,8.24712869502815,8.3902037329867,8.602472442948775,9.07799413543705,0.030199401304040353,0.6802161196307679,-0.2970495001371214
YCNJ_at,71.0,8.33959381092717,0.25786963349598463,7.58717652066555,8.176967411016111,8.38930955326497,8.515613007202834,8.78902705564131,0.03092112629731489,0.7826875211569682,0.08075545806659745
YCNK_at,71.0,8.071611591313314,0.23795909256891523,7.33392317049687,7.919650451405531,8.09977684264249,8.228271523788479,8.63757372245056,0.02948098900410512,0.8473628223907326,0.6374359618421308
YCNL_at,71.0,7.330946429180449,0.320516614658595,6.76124516117926,7.1276346135917,7.28742968696257,7.56254618205358,8.08509154471385,0.04372104171745075,0.7795975181000243,-0.5575994838010616
YCSA_at,71.0,8.130438287401892,0.3408265047290304,7.20437599497231,7.93766702198144,8.13347085796295,8.299183597840145,8.86562051508944,0.04191981940963021,1.1612195232828775,0.4744928212489361
YCSD_at,71.0,6.132326956565223,0.18726002239235606,5.707630901941,5.9953323484267695,6.1482724462517,6.248198862814036,6.80057287090556,0.03053653592163361,0.7610255603194338,1.170071185366612
YCSE_at,71.0,7.839034145114125,0.5507937625219511,6.77157074806129,7.4547108715939245,7.79341733730172,8.207150981278225,8.94279583998058,0.07026296254433936,1.2366495056387425,-0.7557076097423274
YCSF_at,71.0,7.384334512655883,0.25635214468041084,6.47287482666217,7.247671323873455,7.40082388078438,7.492379426952895,8.21746475657718,0.034715673327237996,1.401505670511438,2.65571360443574
YCSG_at,71.0,7.053646338487866,0.23665505490499994,6.54900879027737,6.86641189912957,7.04511575592784,7.228127034746235,7.51602938726413,0.033550740078036455,0.5322279305581612,-0.7517397650178386
YCSI_at,71.0,7.453162972881383,0.24669838522325346,6.98688102758729,7.289661535994675,7.4258840877626,7.607154972993665,8.24841368902153,0.03309982434583477,0.8324083244177178,0.43968415843327113
YCSK_at,71.0,7.05657737350603,0.4178690465127402,5.8522900524234,6.83899480049158,7.06802660946467,7.26130375866753,8.12058243972337,0.05921695807965381,1.5416311400604974,0.7732920418455507
YCSN_at,71.0,8.020821812273855,0.24262200293248382,7.55991006057347,7.82158976312898,7.99867095946041,8.155833917717086,8.58869726243749,0.030249020438430852,0.6346817237569378,-0.3631860662721289
YCXA_at,71.0,7.514714372569006,0.35148500165858737,6.93059438527095,7.281422880192775,7.45871978533997,7.72811105747615,8.4991972958782,0.046772902366271504,1.015602238148547,-0.07356293151497928
YCXB_at,71.0,6.4839226964603585,0.40564701612993337,5.28698803628179,6.2361492377030405,6.50491411285595,6.791378030756615,7.58015631813661,0.06256197600125311,1.4052713298886828,0.5350596738285733
YCXC_at,71.0,7.223697348976076,0.3015254383752243,6.58479336763223,7.035638600329405,7.16749023558157,7.36914312637711,7.91262537767252,0.041741150522864034,0.8708220074854317,-0.07505188816553954
YCXD_at,71.0,7.517161358392161,0.33562422461135394,6.5066767297744,7.33669917461578,7.51089103507519,7.71934906592142,8.32027659679182,0.04464773451173334,1.2510004347865842,0.8136497756893473
YCXE_at,71.0,6.746708223546769,0.4821693474771416,5.85046653238451,6.463091092011695,6.69318144781664,7.04574139296623,8.12686736745515,0.07146734844621211,1.5171631608548894,0.19863391780125284
YCZA_at,71.0,7.735165110555491,0.4033331451791225,6.66141087068929,7.48309635967397,7.77048105782484,7.97111336654563,8.67432794510941,0.05214279713677083,1.2332214778793393,0.10444038393474608
YCZB_at,71.0,7.828021539185046,0.2801446168939635,6.95466767760986,7.648698865717,7.83002734444423,8.01985599111979,8.43783751647085,0.03578741007438881,1.0589773598184942,0.8694766764009145
YCZC_at,71.0,8.793206833866854,0.3701367184729406,8.09741875634238,8.488091730430344,8.80034135679679,9.052753248026828,9.71756715608746,0.04209348483051333,0.8727805020537744,-0.6362918232953425
YCZE_at,71.0,8.520328281266295,0.27076074782392634,7.74187602395643,8.405122633003625,8.55282864161173,8.69972373098967,9.08228149349153,0.03177820606035214,1.0672393301538996,1.0405007781247368
YCZF_at,71.0,7.6370431824419995,0.7358844138168856,5.98811313378919,7.099742115566375,7.7637272626554,8.233414354501889,8.87373029408034,0.09635724143981876,1.6665193218302365,-0.7351295148883952
YCZG_at,71.0,7.76855518217853,0.6741493237893437,6.50043420535399,7.276284292284741,7.71393840685002,8.22791645816155,9.0789334745547,0.08677924118192239,1.4702508578985598,-0.8238062946177784
YCZH_at,71.0,8.093925339034932,0.2753076300230599,7.42690856909541,7.893305382032015,8.15437587084494,8.28837722515609,8.70365300586207,0.03401410545453411,0.7309398529521091,-0.32182318241452235
YCZI_at,71.0,7.715349980021191,0.3160682683413706,6.79379182595859,7.531357215605935,7.75381367121643,7.947418683811655,8.26704464164563,0.04096616085593339,1.1593162905808443,0.7506982845991104
YCZJ_at,71.0,7.155265416966617,0.22519802475129813,6.63160853114353,7.00946727349222,7.11059367135176,7.27197836659402,7.86006623707489,0.031473049793136525,0.8237602699279043,0.7401178269418027
YDAA_at,71.0,8.359023348688462,0.4669412135325312,7.60749048058608,7.9522399698825605,8.33150188188883,8.772524302234165,9.44296819488352,0.05586073803775111,0.9801751927741511,-0.9103730190302928
YDAB_at,71.0,7.5612215011785855,0.4406843979385136,6.37896694442649,7.24320814603975,7.52522064666772,7.83953130170179,8.72933003934246,0.05828217013214374,1.3931258181312909,0.21424302421173902
YDAC_at,71.0,6.817272076312018,0.23240023560902698,6.28763394308993,6.680114432362521,6.79617874273953,6.925391768397455,7.78295483005012,0.03408991646622823,1.4058917430956308,3.2722991883437036
YDAD_at,71.0,8.617246777502588,0.3537406590922557,8.07624706415027,8.36579814357132,8.56029761887786,8.77137562506157,10.0764657126402,0.04105031087374467,2.5149327908494814,4.3947541880444465
YDAE_at,71.0,7.697155365948062,0.44825276696409594,6.88434853614589,7.494542809044045,7.59915202169551,7.86741339320245,9.80332762475588,0.05823615941899134,4.186629486395716,6.756298126205396
YDAF_at,71.0,8.18958805331297,0.26875234670840864,7.5592910149053,8.00629870688867,8.17253513241228,8.34732909713442,8.79999656765678,0.03281634496862013,0.720259900121211,-0.2953310422438422
YDAG_at,71.0,8.975355130013716,0.5800909885272548,8.20140861754192,8.64708290087608,8.82138889530033,9.150176370126525,12.2447453882301,0.06463153603665467,9.681881170838194,14.539069117130504
YDAH_at,71.0,7.455593297923181,0.2930348457293502,6.77455311880764,7.273927500083859,7.45895850226049,7.59290287845222,8.24716699420292,0.03930402773056003,0.9063493251426162,0.14192192025187644
YDAJ_at,71.0,6.524014819341062,0.22746419691521352,5.98123809906454,6.368673261415745,6.51537564191137,6.68701298986686,7.11130524889306,0.03486567753354488,0.728693902330232,0.25900632556391656
YDAK_at,71.0,6.361104692949422,0.37615177657608917,5.22162695389194,6.14619041750853,6.34070432085258,6.628885376848325,7.15629618387419,0.05913309004220786,1.2182891050171984,0.29634989656305866
YDAL_at,71.0,6.041457101358162,0.3265006884129365,5.20574339410293,5.878567279101155,6.00924636288679,6.2737973834305745,6.69809337756905,0.05404336783911564,0.9135806211824224,-0.17030130694386258
YDAM_at,71.0,7.663599336508331,0.42118065422626444,6.59579317670126,7.40347922374813,7.77262806326368,7.974095206391635,8.52338886654027,0.05495859526734623,1.0292825765323597,-0.5454361338171152
YDAN_at,71.0,7.0075350604631,0.2973535808409738,6.12778214388395,6.86192973459309,7.02321312360974,7.206574476351594,7.66932554466268,0.042433406080072164,1.0059854441923397,0.44914398168463476
YDAO_at,71.0,7.374996742797072,0.2889719725309555,6.64838416597603,7.171642579846105,7.33571938318052,7.538640422808575,8.14923529779782,0.039182657648382746,1.014193589803182,0.5831190548450786
YDAP_at,71.0,7.9221160544587095,0.528321235954147,7.21065229194486,7.6193623483378445,7.84588329056347,8.050477220723614,10.2255259816548,0.06668940877946346,5.855599100717207,8.602379421310015
YDAQ_at,71.0,7.7799317023126555,0.25049524498230097,7.34026368811634,7.62935726849703,7.73729366886399,7.908897235721771,8.50631559297596,0.03219761491066033,0.7405089378126513,-0.0029197898564934377
YDAR_at,71.0,8.509956754367979,0.6195138373520116,7.51175323477562,8.075025365968521,8.391791829537,8.91811195950221,10.2518766683055,0.07279870570834904,1.749732426830147,-0.14248952984739516
YDAS_at,71.0,9.096952563252453,0.6709246572958043,8.0062543995444,8.791634147548615,9.02083718140705,9.28170306285391,11.8532872227192,0.07375268284964291,5.624526987025986,5.7433866384603895
YDAT_at,71.0,8.424314912258728,0.4222570470426775,7.87830027901857,8.196151453755824,8.31942049552034,8.546315950992195,10.1971514871695,0.050123606660076994,4.37270666244362,7.831714440317757
YDBA_at,71.0,7.612713814002237,0.24935839336412324,6.97589949569531,7.45982567951965,7.58751099251788,7.7684967824947595,8.10179611500469,0.032755519182327955,0.6767051634752161,-0.2595725082232683
YDBB_at,71.0,8.05065415630589,0.2508090907905455,7.15584381100802,7.898949072986985,8.05718449478931,8.189004364217226,8.7176794034541,0.03115387717830265,1.2269439670971216,2.0467128321938937
YDBC_at,71.0,7.878290129794472,0.2171150560303863,7.31297922278859,7.74918441243628,7.8852477455626,8.014238211100805,8.35836486021741,0.027558651998520697,0.6882752396359768,0.22357829358696657
YDBD_at,71.0,7.901414745496188,0.4933054987185581,7.12603576834344,7.641472318971456,7.83342925571406,8.015552127624339,10.1467410604815,0.062432553486670546,4.879036534416656,7.33929856928882
YDBE_at,71.0,7.201185554460049,0.20827293069520875,6.80783119027812,7.039213766622876,7.17322938893035,7.331112822590665,7.78526642710611,0.02892203361795268,0.6639281299062302,0.24230336486144655
YDBF_at,71.0,7.560933010299566,0.23689121000972083,6.999746189229,7.399229620318015,7.54495963419911,7.717430692104481,8.26702277354484,0.031330949459150825,0.8072900397429591,0.47532091103821106
YDBG_at,71.0,7.819740779104586,0.2576633283468825,7.25063325083564,7.631429507264604,7.7717400957243,8.017996248216836,8.48525045763775,0.032950366978326706,0.7051037200959072,-0.23548877378195998
YDBH_at,71.0,7.126056537750139,0.27927049623168787,6.36703919917085,6.955035183842525,7.12999854415666,7.302197230166005,7.77178470712084,0.03919004778481031,0.786854882521877,-0.14971813589687866
YDBI_at,71.0,7.214181595038427,0.36775724655359965,6.54150751741541,6.968880500996545,7.13910874996861,7.449179838249805,8.06733497105429,0.050976987716323315,1.0745384958656568,-0.03924868711509477
YDBJ_at,71.0,7.885467819499096,0.2210933233401629,7.4558954632702,7.73226646280938,7.8333900341035,8.081431753414765,8.43784210133785,0.02803807312401248,0.5334815516462312,-0.5781308288072311
YDBK_at,71.0,6.709186838484222,0.2888877427734799,5.6825588225959,6.56633493550485,6.72585685053223,6.866395340273435,7.36286880790598,0.043058532982925106,1.2749224276507556,1.5398188193151237
YDBL_at,71.0,7.233566781831165,0.2439150066573894,6.69467217228265,7.09355530494631,7.22687958458492,7.359848966858805,7.87086807614278,0.03371988038736856,0.8354384849164469,0.49360669713857597
YDBM_at,71.0,9.015643594667267,0.28176461486132476,8.43820599998219,8.7973464317927,8.96013297775064,9.214292255325265,9.67742645289694,0.031252856427020685,0.7389916216834576,-0.3559874239583096
YDBN_at,71.0,8.119576155634434,0.6755123057457617,6.2024224409935,7.6794643564282055,8.25037836899794,8.58213426620834,9.34736733925851,0.08319551326296781,1.9664237874448147,-0.050745331668224036
YDBO_at,71.0,8.065358816308487,0.28690714149215346,7.14652359446714,7.9295967149842195,8.08289040129226,8.227416768667355,8.55386999886197,0.035572768431829146,1.1508471229725088,1.1141797932782342
YDBP_at,71.0,9.518343015389855,0.4303972871839227,8.42943611711675,9.241717192296399,9.55898447248383,9.80925272938317,10.3381403650451,0.045217669345182177,1.1348245859237178,-0.3412020231263777
YDBR_at,71.0,8.499057419609533,0.32228371300241454,7.96557344841142,8.221668199402306,8.43284864200135,8.69325676482806,9.35750718995968,0.0379199359518177,0.8447947419479459,-0.3575230305628727
YDBS_at,71.0,8.432710881781341,0.20515990382995702,7.95817321848965,8.307789203099095,8.41022378404827,8.563586117611155,9.02012168134325,0.024329057014536075,0.7800700200579216,0.8929234408080235
YDBT_at,71.0,6.475907028449832,0.19521807062129365,5.78271452970292,6.34929893807511,6.46530365968108,6.608079595389899,7.01093438995628,0.03014528617592336,0.9021206682862346,1.7599286348699383
YDCA_at,71.0,8.188433904810408,0.2368465852830133,7.66652105778632,8.042180090390456,8.16072317912422,8.319959388879461,8.88857101451828,0.028924527942257007,0.9108814794517697,0.9391066720624206
YDCB_at,71.0,8.150997181736527,0.21345420766972864,7.61509765860102,8.031750597170426,8.1316911629373,8.248751480042504,8.81860581280482,0.026187496193472288,0.827230504433281,0.9704223202216422
YDCC_at,71.0,7.216092273571845,0.187136505588091,6.85909540668813,7.07529438100846,7.20258722749128,7.304605071297935,7.93007417359777,0.025933219600511228,0.9074159292883114,2.0011921219705373
YDCD_at,71.0,11.06959085175465,0.5373798810303181,9.46532758660188,10.811122161092449,11.1359266614697,11.45000167314435,12.2634946757732,0.04854559560755017,1.983626936253452,0.7754362309442713
YDCE_at,71.0,10.85212323535953,0.575697600611417,9.05757464701456,10.565111432092149,10.9711690585194,11.2330753860345,11.9116013508093,0.053049305479283396,2.023424808378421,0.5884923458918703
YDCF_at,71.0,5.8444735480606465,0.24502258940046767,5.30390101059244,5.67474929631101,5.81685097839212,5.986151868898615,6.610741958867,0.041923808429550125,0.8145257241577237,0.38684233016364056
YDCG_at,71.0,7.339902144717539,0.2984574701692281,6.69603635224166,7.169549424605975,7.30672197080304,7.526371640087345,8.60163676371558,0.04066232277824374,1.880067434548772,3.536834483979722
YDCH_at,71.0,6.2969675674917,0.20219644259245811,5.81576389777642,6.18535138195519,6.26037695845575,6.418518695607415,6.84853786263985,0.032110129268618726,0.6611122819770675,0.3289936045595354
YDCI_at,71.0,7.857278866158558,0.3369478711760668,7.0590779212283,7.65990406018816,7.84105875537006,8.032463818067018,8.6326435498303,0.04288353218915359,0.9952851727083398,-0.005412516102937914
YDCK_at,71.0,8.180849040745395,0.36914592721285466,7.3617392550624,7.91122238865899,8.09747390632691,8.453088067752944,8.95084665052391,0.045123180414929166,0.9030137310931533,-0.5428724983799968
YDCL_at,71.0,7.22935632958586,0.9001889461627848,5.7186978785621,6.517455810520531,7.24651156888458,7.822542179543575,9.40762668167434,0.12451854703561871,2.1633743171446236,-0.588380288213215
YDCM_at,71.0,6.675682626703105,0.8834424518752587,4.94669478270085,6.02522898858591,6.53669813856497,7.292778769589525,8.98104775698345,0.13233739548094145,2.2842615784731297,-0.39525892833713483
YDCN_at,71.0,8.161117108221529,0.5555938554643766,7.00784542289616,7.77829080311921,8.0417425441264,8.575577283668185,9.70577838725869,0.06807816235165527,1.5816224602535862,-0.11881378832680056
YDCO_at,71.0,5.85816675600352,0.6734766850741369,4.17392626289877,5.4588980708211245,5.75031086676509,6.336082789705705,7.22782514956222,0.11496372724179453,1.7838147745073039,-0.32852248123770833
YDCP_at,71.0,6.552837450823233,0.5177722335638756,5.58680530549314,6.150335666193355,6.47297278534011,6.922088441487765,7.73178548289374,0.07901496679103917,1.2259569273428792,-0.6259593955662845
YDCQ_at,71.0,5.6477628557493915,0.4801638428692294,4.7797762714213,5.335088633554205,5.5896673161536,5.936649302609165,7.22088523365842,0.08501841439401538,1.7288049524306632,0.6792467418215389
YDCR_at,71.0,6.554615375149918,0.5196710259068605,5.70285468399626,6.15491789883228,6.48783176340492,6.89284738208755,8.03297609134539,0.07928322199912066,1.3887988949150976,-0.30333111046210437
YDCS_at,71.0,9.271532698117923,0.725353130658642,7.5332339009427,8.745439945211416,9.22003235417571,9.839462444306225,11.0788715952643,0.0782344359100287,1.828740306047199,-0.4635156498911086
YDCT_at,71.0,7.88244609512927,0.685000501817719,6.19193041686528,7.50328967577053,7.94446024446039,8.330182968568316,9.80266578254144,0.08690202172660531,2.209962553818671,0.28300568269820214
YDDA_at,71.0,7.113543013217644,0.6117212946543525,5.81755919619094,6.69710009657365,7.05390568026356,7.578959602554555,8.6768753517162,0.08599389833135412,1.5455455143396883,-0.4578198743872255
YDDB_at,71.0,6.389781604959051,0.47878647378111316,5.59780359904334,6.013599281430196,6.37351707611069,6.743084500797179,7.67657298994004,0.07493002161600193,1.337127563055634,-0.1759703496822671
YDDC_at,71.0,8.351437045141598,0.5650717608099437,6.99889915628747,8.004993233820336,8.29749587735202,8.719594358960844,9.7358496554583,0.0676616201206559,1.6775476617300287,0.010372921330283447
YDDD_at,71.0,7.736315461663676,0.46364624268263455,6.62980003714751,7.41685838151454,7.77295565569999,8.08073493552688,8.61905977322042,0.05993114486866188,1.186942696621481,-0.42238510239458416
YDDE_at,71.0,7.6628618163675855,0.5339204428129961,6.54188960659581,7.185803421532215,7.60649475504918,8.04748101566565,9.11092839863522,0.0696763762165934,1.439151543542577,-0.27899500022864343
YDDF_at,71.0,6.3644147173808205,0.5343587156589436,5.38559252272412,5.952894101467565,6.37393699946518,6.816084598999455,7.34588969137707,0.0839603858937167,1.062165676588426,-1.0283274691935609
YDDG_at,71.0,7.550094056294254,0.5350558229031633,6.47695338908192,7.089242998778905,7.57747000327545,7.97494177517133,8.53095378515976,0.07086743806285507,1.1008032737415525,-0.9546095164529271
YDDH_at,71.0,8.073963947469307,0.4216733988343192,7.31027537991497,7.76565203914493,8.02480969984095,8.360150115968128,9.43204987430994,0.05222631678538619,1.3649191826773701,0.29432500011907825
YDDI_at,71.0,7.060901471980213,0.6969541890116896,5.45090225305889,6.51868438281839,7.10850239013598,7.444322364463815,8.4787147197607,0.09870612014307438,1.6372211548552806,-0.6457007536258685
YDDJ_r_at,71.0,6.67407679611904,0.27588547247622414,6.02580331208068,6.4842685384231,6.64626987391013,6.800693274737875,7.49555969887581,0.04133687413316114,0.9919820960733328,0.6741453760092266
YDDK_at,71.0,5.69350987774318,0.531482904940919,4.72256580603143,5.35119443043547,5.49736107772015,5.959179510049379,7.19829064760679,0.09334890363825814,1.6439555229961158,0.14210603021588764
YDDM_at,71.0,4.6772278439738555,0.3581462349696572,4.18107152618041,4.41402087031745,4.56659511915962,4.8457477638293,5.69988206344904,0.0765723302171591,1.1797815153378597,0.35491374572373235
YDDN_at,71.0,5.644744398109758,0.373166717547947,4.9750769335132,5.38191826882837,5.61304792955555,5.8690920143963154,7.21714228111584,0.06610870063007786,2.210302648135005,3.138522094779317
YDDQ_at,71.0,6.719606868135214,0.5666156071750523,5.20351076884562,6.390223059441995,6.62719118677745,7.021689695479671,8.18775540025614,0.08432273171544873,1.8097618990496467,0.248874421593555
YDDR_at,71.0,4.922182385571925,0.4217590114191576,4.22367931126911,4.65559627208512,4.82280917112282,5.0946664835811895,6.40916877841051,0.08568536847708702,2.0625546667430616,2.045039090379565
YDDS_at,71.0,6.043401400234938,0.3549835175411686,5.19531641228001,5.8548217690463495,6.03009686461939,6.221494980551444,7.63531326411106,0.05873902692072854,2.742788767887715,5.048033382677316
YDDT_s_at,71.0,7.636747564315516,0.5170555901234404,6.73142393820361,7.284736518099125,7.56175776375115,7.85043928510399,9.15748411451043,0.06770625659272846,2.1268696885947675,1.2223994589201146
YDEA_at,71.0,5.3980150881048345,0.3510232044065212,4.78793108553492,5.16169190812961,5.34848868864597,5.58761999285814,6.76383379407332,0.06502819993594357,1.9112675134257215,2.632139404130351
YDEB_at,71.0,9.242856097072274,0.7263392370920587,7.47073449152286,8.810738831319426,9.37977325763706,9.73213142330008,10.5610497704517,0.07858385216255079,1.8198493553385928,-0.4801006494608049
YDEC_at,71.0,6.335001235411947,0.3109657077833294,5.7701771016443,6.13898218363302,6.27870960167544,6.546082594567141,7.63006694222126,0.04908692141132758,1.8899955688671326,3.3023532066017776
YDED_at,71.0,7.012784442731162,0.22686432475163854,6.52300090391976,6.864415618214711,6.94857455069346,7.15721640503952,7.68682829066506,0.032350106666516214,0.8113051250531849,0.6535393667606821
YDEE_at,71.0,5.8092787851671055,0.2566716294995087,5.33793100966599,5.621488837638935,5.79494257045025,5.94346312826829,6.60267052690195,0.044183045605397896,0.9429365668078638,0.7568159292995258
YDEF_at,71.0,6.618948837408937,0.3375122599149469,5.94360782626821,6.3785969835477605,6.56510106296151,6.82791214057852,7.7262214662591,0.050991821844489416,1.3240081461652677,1.0206078371021121
YDEG_at,71.0,6.973844920701701,0.4699192608099028,6.11218251938054,6.62994160096181,6.97263574455667,7.36338721891394,8.13850441628133,0.06738309586078665,1.0746221693567763,-0.7116503372940355
YDEH_at,71.0,4.48910640712639,0.36961637513538514,3.8047135066999,4.2406743842637304,4.44405216476629,4.662121250619985,5.66192133270906,0.08233629181714754,1.4512625191803477,1.0243746239732063
YDEI_at,71.0,6.381678112626181,0.2987596429826179,5.82892275361389,6.14072939739224,6.39823380133903,6.528170598024655,7.4913954261704,0.04681521657940104,1.4645283203330792,2.057390917096689
YDEJ_at,71.0,6.946903735653143,0.42165929282155395,5.97219520665636,6.6735049261158945,6.94371351810363,7.22115643050337,7.94904692381809,0.060697442899273146,1.110131614630347,-0.34535431173226794
YDEK_at,71.0,7.576708070800799,0.46885432108238867,6.69274730020475,7.18439132440706,7.47617017240538,7.86298743611914,8.87823912021632,0.061881006461007075,1.363366909914282,-0.05407229074099762
YDEL_at,71.0,7.279723621144383,0.4659278833555165,6.27076595431069,6.953435364368355,7.30406172214627,7.633318859677995,8.46951613581875,0.06400351271608742,1.2373140026727385,-0.3211898444031367
YDEM_at,71.0,7.97700643361432,0.2604480653131533,7.46118945771652,7.81260796535864,7.9339942202512,8.128955302434045,8.6430911027281,0.03264985022647729,0.7910253470540166,0.08283593695580738
YDEN_at,71.0,7.3104808553281595,0.475721402895515,6.53884992970236,7.04406951326753,7.23997665262785,7.60222046234364,8.72769052090765,0.06507388669909325,1.7241266789673468,0.7044341248936496
YDEO_at,71.0,7.162386637348307,0.2727113362939159,6.41412324726412,6.97885633799235,7.15726502059808,7.28945368729198,7.93239456452421,0.0380754837880241,1.1099749853099445,1.1765741449205462
YDEP_at,71.0,6.784459742576101,0.2955281630138332,6.07682869605411,6.57810197609429,6.75530839294817,6.967057127996955,7.4762612761736,0.043559572055419014,0.906633189495113,0.11530909945336676
YDEQ_at,71.0,8.03012807926542,0.26778875678237596,7.35593957617811,7.876169575708715,8.02887610207285,8.18342380647684,8.88643553442076,0.0333480056779957,1.0876495890704192,1.1675204742179908
YDER_at,71.0,6.643053852432208,0.5415106985981435,5.5680898694572,6.27207650687712,6.6904419358185,7.034043268613315,7.6987627672241,0.0815153257262669,1.2474555273463854,-0.6938248877039146
YDES_at,71.0,7.958266864827609,0.22467740349327514,7.56746468937244,7.80359694960773,7.92190960237368,8.102553185409565,8.78325208579645,0.02823195141724392,0.9679441338571063,1.428579099707802
YDET_at,71.0,6.428360578797054,0.36035299746595045,5.58462066384429,6.1723913891412,6.39643161435795,6.70560145088207,7.31619013391748,0.05605674931405041,0.9354841660539053,-0.38426357146406565
YDFA_at,71.0,6.767552444371391,0.341037754761851,6.12655183524119,6.54532707034485,6.71874282517356,6.958297115905475,7.51392116500542,0.0503930715816608,0.8240497959156889,-0.5745561978181861
YDFB_at,71.0,5.716222127629331,0.2703938020168521,5.13040048791433,5.56537831924234,5.6634041449546,5.884189113228405,6.35442060995899,0.04730288571360882,0.8154634738432807,0.060246227071653724
YDFC_at,71.0,6.11903401436109,0.4917288915191064,5.03671663872892,5.779498962486615,6.10668329543338,6.4751341280071095,7.21568018391818,0.08036054226288683,1.2293164256960922,-0.48594599946287476
YDFD_at,71.0,6.302015317063757,0.397998128128239,5.59404709548667,5.976621998719855,6.26253371016075,6.579362951933755,7.49945092941438,0.06315410358502187,1.2918218932517342,0.3037359377065796
YDFE_at,71.0,7.192114983002108,0.3368585189345554,6.38316571834043,7.026700363787654,7.18982161517952,7.350207450111791,8.248909941083,0.04683719875595552,1.3916495759718484,1.241281241239406
YDFF_at,71.0,7.070067498055279,0.27581309748349747,6.51586479637863,6.880544209938154,7.03756425569903,7.248494744983359,7.68601147412375,0.03901138108785577,0.7727878790107656,-0.1663239675001571
YDFG_at,71.0,7.563753718049376,0.5368925141296409,6.51497192042145,7.236140938952525,7.54794162688411,7.860193230248215,8.96689066287945,0.07098228394830665,1.5449978846428278,-0.08605076997940087
YDFH_at,71.0,5.951169161229438,0.5226123781157209,5.00816362901931,5.53747529963489,5.98545858784066,6.371895048441315,7.12747064801719,0.08781675733911681,1.1473514324802085,-0.8084345019379158
YDFI_at,71.0,6.905337683308488,0.3513511706197452,6.22441172895915,6.65660512391669,6.8920423924956,7.1525714106213005,7.88480548902135,0.05088109904733952,0.9501632034599504,-0.26960310105382623
YDFJ_at,71.0,7.462464110157007,0.4820309123651197,6.24868595947531,7.09101242855004,7.42346320053042,7.78034814392031,8.48228240337955,0.06459406775692728,1.293834813853057,-0.290969733092711
YDFK_at,71.0,7.441648233859003,0.49886103239957136,6.39505073502486,7.056567405326151,7.46351520482562,7.7488786750054,8.61898053738173,0.0670363630102518,1.2477911941631021,-0.4845780589318176
YDFL_at,71.0,7.657656839026462,0.40923143479660135,6.35095897802339,7.408995000579274,7.71222862542826,7.88880107432397,8.69180306698583,0.053440816609983795,1.7634509256684296,1.4296662914393705
YDFM_at,71.0,7.3377300543826625,0.4289660799796624,6.4402944036455,7.023618639513355,7.3726032977015,7.623950876167565,8.41992205742188,0.0584603244873325,1.0819952094071574,-0.46228702011760436
YDFN_at,71.0,7.370181045347067,0.46723342003836416,6.18172774892029,7.0425715466753,7.42442994648612,7.6809352450861,8.48290505914165,0.06339510755076191,1.2588632770700157,-0.28021253698881265
YDFO_at,71.0,7.105517613647473,0.2601069799463861,6.65338618001353,6.943275028882965,7.0599436082439,7.215204328847255,8.19342344700646,0.036606338072655266,1.6134685154577244,3.4349914633185614
YDFP_at,71.0,7.689946043827647,0.2028321545778417,7.22120490431468,7.580723029021,7.67335146531842,7.800923244277525,8.70778144076648,0.026376277989706494,2.1798845376794875,8.246431436582577
YDFQ_at,71.0,6.134265921431894,0.3786420878995295,5.18635964968493,5.889624289448889,6.13624966454619,6.42482361914162,6.84156267842358,0.061725737480116415,1.0022461481047376,-0.33034085836900173
YDFR_at,71.0,6.586227947045692,0.3580774828177824,5.94441333584199,6.320127961757365,6.56357681790973,6.773656498602995,7.48408894209661,0.05436761158234754,0.9668049703153104,-0.2741813156634958
YDFS_at,71.0,6.251368716326867,0.50431165177803,5.13489926449131,5.82440316433749,6.35086472838499,6.572887445084815,7.48259420183553,0.08067219750786826,1.2282995628870341,-0.5541257202475403
YDFT_at,71.0,7.452204955643278,0.3437127428480227,6.52016248519625,7.203443256943656,7.43160323617141,7.70777062723334,8.17428065897876,0.046122287952875186,0.869609854111318,-0.4541176155587143
YDGA_at,71.0,8.079062326376338,0.4668722893940807,6.99269417109084,7.740843457951335,8.17092300344756,8.379988360659127,9.09841564491134,0.05778793014999361,1.236888893143084,-0.3278417688957336
YDGB_at,71.0,6.971995615885244,0.5541579942015313,5.70723094212466,6.62023249688452,7.03180979410406,7.425971898235495,8.09754484416966,0.07948341116837739,1.339568899324885,-0.5734928981152541
YDGC_at,71.0,7.793873683682216,0.2285396118959045,7.29091013835101,7.6393309559775044,7.77389406875615,7.908859889123985,8.44508566524169,0.029322981250567426,0.860574484492053,0.8540474047513378
YDGD_at,71.0,8.125609619477066,0.19104590527734058,7.71443900690112,7.97914688166581,8.10263103237044,8.263338112501385,8.70987392714277,0.023511578112170688,0.5852190944628626,0.11043624117014561
YDGE_at,71.0,7.307511752483227,0.19447897029869018,6.96940775420485,7.16841596190912,7.30391535318404,7.44694073212387,7.729432438051,0.026613569281308737,0.4760405270257351,-0.5412318393587636
YDGF_at,71.0,7.194896706970082,0.2821910514154917,6.49418510231376,6.9819721949423155,7.22940742768214,7.37887584439005,7.90333694380756,0.03922100106623047,0.8173236825036726,-0.06627018348682379
YDGG_at,71.0,6.9306682607744365,0.47805816598932116,5.73717689390346,6.68142682923628,6.96327240523953,7.23588449397201,7.78539092561928,0.068977210854975,1.4522948824525044,0.08361205800806726
YDGH_at,71.0,6.2077798628197955,0.22649618515059544,5.62333442311345,6.067275138916646,6.19676722651701,6.354184336424905,6.79372328601329,0.036485859704392415,0.7209244149980982,0.23718246396625364
YDGI_at,71.0,7.672385484678128,0.2807454143758878,6.85868042191107,7.507144753722979,7.64086272970209,7.824000786190336,8.32153836277108,0.03659167216461434,0.939090782945271,0.40876246655181925
YDGJ_at,71.0,8.177375555167343,0.36945773922172687,7.33189545276784,7.90279689505028,8.15313806267074,8.474170838281374,9.14052060920638,0.04518047834898128,1.0950531158802401,0.005304376046460835
YDGK_at,71.0,5.880047008908725,0.268101952674317,5.23081981873418,5.687057938693645,5.89854056864543,6.03929022158886,6.46535130460665,0.04559520566215234,0.7102753607494725,-0.3278793588803839
YDHB_at,71.0,6.897128917402852,0.28638139017715886,6.20190498446755,6.651733154520575,6.87961235579346,7.116368306632914,7.57987696238641,0.04152182648849156,0.7364437053091581,-0.4101760061440549
YDHC_at,71.0,7.6872334120067745,0.26428119788140675,6.89365463021543,7.497226644888925,7.7196744245336,7.87983127306262,8.16471723977684,0.03437923420780004,0.7700501182795624,-0.04784215173124862
YDHD_at,71.0,7.033479141816084,0.3886225962025976,6.1205484440796,6.788904274714534,7.01166074277447,7.153554434564025,8.29998099232265,0.05525325210565038,1.5716240333833482,1.1489833533993492
YDHE_at,71.0,6.972313948370927,0.2499088448322975,6.48967484122673,6.820374103234656,6.96339990286784,7.055260811625085,7.70400935300485,0.03584302810843571,0.8292731854612394,0.380504610551089
YDHF_at,71.0,7.640471681472174,0.2856631864521285,6.9661394100704,7.455042422854319,7.66491291244977,7.798948489292,8.2464410616403,0.03738816114518818,0.8217491128382196,-0.08714204909698964
YDHG_at,71.0,8.45962995648822,0.23457554089431806,8.08796251478678,8.241764227635304,8.48625331807326,8.60263451202151,9.23437805808338,0.02772881817536326,0.790057676522968,0.4331580662585779
YDHH_at,71.0,5.839102706572628,0.30073740206476174,4.97841970125613,5.61744432497862,5.8188510210562,6.043223408628305,6.51543053579807,0.05150404388781256,0.9408001376881908,0.17933701849851547
YDHI_at,71.0,7.317826776628302,0.2724680072720164,6.60869519125951,7.15232966698775,7.30471987232513,7.4578671293053045,8.30047583795229,0.03723345954870449,1.2982351139512989,1.9120105671864938
YDHJ_at,71.0,7.965993350703439,0.22485024503804915,7.43434589876836,7.803775826103935,7.94649587837274,8.138361242229335,8.57530197357405,0.028226265719666174,0.6981132330986842,0.15443445428408786
YDHK_at,71.0,7.98468776290582,0.465616048835811,6.71370053186838,7.657951485979256,8.01204075629065,8.206555746890544,9.04487427575496,0.058313620101578284,1.5538573791553543,0.40052151631183497
YDHL_at,71.0,7.439592289305312,0.31798571858672814,6.7208973000016,7.199342277405989,7.43600909334595,7.64170589639295,8.14022806688036,0.04274235821280748,0.7821976193502495,-0.5284437718556063
YDHM_at,71.0,7.1047205983750334,0.2821230572222447,6.58981797495251,6.898889834656044,7.0797659104518,7.253736725029675,7.79275620503608,0.03970924026016883,0.7542823315897308,-0.3021287731060385
YDHN_at,71.0,7.081880861342299,0.2597663320845728,6.40102427950586,6.925760327349475,7.06870651410973,7.25294189508885,7.87910540967241,0.03668041543914602,0.9448159933702909,0.7181357103482306
YDHO_at,71.0,7.057660488290305,0.27567014397977857,6.23937600140831,6.897593162428765,7.1046901312465,7.23194129444295,7.64828251094255,0.039059706036746286,0.990433220520544,0.6711700786841215
YDHP_at,71.0,8.488023120392699,0.27773911023699316,7.67793536911197,8.328639146677276,8.47510878862226,8.656329326493687,9.20141123896084,0.03272129520591404,1.015935602377834,0.7400542855037369
YDHQ_at,71.0,7.180864654212091,0.2539564816514964,6.52282874015051,7.00022312457525,7.21152292165884,7.330102396249095,7.7058763267956,0.03536572458617957,0.6997250860574258,-0.21562089262523365
YDHR_at,71.0,7.468183305062048,0.26804646965251655,6.8619204109746,7.26976672921087,7.42419499236426,7.674419657690305,8.02229814670882,0.03589179037301221,0.6532143763690202,-0.5526981255948185
YDHS_at,71.0,7.644258418820651,0.19968891704547595,7.2090632586876,7.503981033308255,7.63081554048957,7.783219117230965,8.1469607040733,0.026122732396621905,0.5557969920698541,-0.18595379619964447
YDHT_at,71.0,7.849101864406778,0.2765054943994885,7.02819229080427,7.6978715905053505,7.8220746027946,8.00702134983375,8.48385276592319,0.03522766033313371,0.8843927586662319,0.25361618886243464
YDHU_at,71.0,8.068268162421424,0.34768573502875316,6.96634832716542,7.826388781674636,8.10871704755379,8.265967510216544,8.83449033521306,0.043092982041440575,1.177854423178188,0.4539824945367288
YDIA_at,71.0,6.578609281790668,0.23486405223938658,6.03201302024257,6.41191532242172,6.57000835967036,6.6852591251431495,7.18848788522803,0.03570117059383372,0.7636685757634434,0.30980893992461045
YDIB_at,71.0,6.82703931878644,0.2758539218343332,6.26893391496311,6.624740376306175,6.80108021784847,7.010851000619105,7.59175918089571,0.04040608365550887,0.7775059191686751,-0.14865352950328425
YDIC_at,71.0,7.184887568793216,0.3012516290012898,6.33438235647953,6.99697904869608,7.174960884142,7.401730050084289,8.11615046268192,0.041928509822442284,1.1912222479260617,1.0538535630426793
YDID_at,71.0,7.479785687988907,0.2367192417608423,6.88541020070096,7.32472915976564,7.50445745672547,7.64510462354314,8.11000653193411,0.03164786420832454,0.695842153724129,-0.020553982095809165
YDIE_at,71.0,7.482418471478207,0.26415312010927294,6.81566228941668,7.3390796961343305,7.46545646612604,7.678281274473495,8.13911023272626,0.0353031738489611,0.8350055718347007,0.21401923275806922
YDIF_at,71.0,7.620576071978143,0.2743831675390343,6.9807371871933,7.43156129189272,7.59567014915659,7.7881447661819045,8.33646970287036,0.036005567682471824,0.9514141189324754,0.5384415451110005
YDIG_at,71.0,8.224845469497387,0.2838806250184547,7.60415418557803,8.037116462526315,8.22204509957583,8.36826239514258,8.93215118990651,0.034515010169036325,0.8405706326505252,0.0021845235555000286
YDIH_at,71.0,8.281950277806693,0.3266994615877203,6.90347473837778,8.09527948755897,8.31130831664471,8.505876202016175,8.95616210304854,0.03944716529670352,2.0367044452508107,3.4679080188078153
YDII_at,71.0,10.23916043354981,0.8155991910646211,8.32979880248223,9.705865318041095,10.3635384274019,10.904511025506451,11.6640819457531,0.07965488932004765,1.9628360804528915,-0.5848080609627249
YDIJ_at,71.0,10.385436687021892,0.8120240371969393,8.40226123992646,9.76715440537124,10.5376244834572,10.95274350575415,11.8024267935931,0.0781887234661669,2.037764460440617,-0.4758875382493626
YDIK_at,71.0,8.375824294061953,0.321678341591672,7.73600487260675,8.14524571677116,8.36707649553995,8.63467120223938,8.91416212720167,0.03840557422148004,0.6440068410163834,-1.0132052350912466
YDIL_at,71.0,6.0827180286662434,0.23459165620039227,5.58518160748457,5.94355564518105,6.05346110293986,6.21642512220941,6.73887003994261,0.03856691286606148,0.7814002777014615,0.39383813762082154
YDIM_at,71.0,7.657624718587906,0.337561409559284,6.93247994584735,7.4260162879747345,7.69416899107277,7.859369024881335,8.94433107267145,0.04408173839335542,1.5919461060044375,1.8604398211539115
YDIN_r_at,71.0,5.814972442848642,0.3531647521768037,4.63441403981732,5.643569985245749,5.8071556860545,5.9321810994485595,6.90841055698852,0.06073369317702134,2.0258871188852012,2.9408214838551228
YDIO_at,71.0,6.25077296972028,0.2525105170412882,5.84020603968069,6.08876789327798,6.22236535054363,6.398406555888255,7.00545695794645,0.04039668666011205,0.9201408394055257,0.7253292291021922
YDIP_at,71.0,7.1194599065636615,0.2951202298775348,6.52014747802455,6.922483330246795,7.08189505829731,7.280343409794179,8.25556913166677,0.041452614910500986,1.4770144932305693,2.166196072438943
YDIQ_at,71.0,4.95547911570969,0.3929875538440071,4.17926519937196,4.69085993903625,4.99021739698408,5.1860361479629695,6.06795055248914,0.07930364444442342,1.2767857305586194,0.3070422495798728
YDIR_at,71.0,5.7324536693753965,0.3811622949144005,4.84276912171259,5.459540827418545,5.7233915458614,5.925102377558625,7.23376094356933,0.06649199747582638,2.103948729602374,2.711527052703781
YDIS_at,71.0,6.18342420578996,0.3975208297219372,5.04462613532501,5.957882335940409,6.17832088728919,6.37125791436452,8.26825328734776,0.0642881381726506,5.0830430922310175,10.406035629566329
YDJA_at,71.0,6.22983591026137,0.3823074261321386,5.1922597532215,6.01488153163993,6.24370065741302,6.46957678018087,7.27595923164077,0.061367174294659564,1.4366150267699869,0.8457998411254537
YDJB_at,71.0,5.456777284057163,0.46348967381715117,4.55833921721639,5.154531875816525,5.45869592807131,5.6768146207392505,6.94182826047005,0.0849383527473825,2.0341183568102323,1.5138692953783037
YDJC_at,71.0,5.789197259668464,0.40579608735307776,5.17601244539835,5.4871719877365805,5.72871374789174,6.075411948167555,7.13739061549621,0.07009539823079321,1.40036059885083,0.5208988705410182
YDJD_at,71.0,7.374087021992798,0.20181799694497077,6.82727776160016,7.270465969843215,7.37781642390468,7.511715360526255,7.81976278006371,0.02736854017901606,0.6725456643396612,0.3954698751447272
YDJE_at,71.0,9.043360449287022,0.6479736210365072,7.44685806395242,8.66253124842061,9.14971418984314,9.628681043022326,10.3370170619448,0.07165186267540552,1.6523946113685088,-0.4328912158551841
YDJF_at,71.0,7.997341006793856,0.3479552133741309,7.30830584254014,7.751643054403785,7.96200270620654,8.22281735258626,8.92768498139668,0.04350886289312134,0.9534124020342994,-0.23176985474403455
YDJG_at,71.0,6.2014802566598055,0.36564640916726004,5.40019477542867,5.878203357927029,6.15672957772783,6.41698947908027,7.01493594344286,0.05896115024708661,0.9171657911822266,-0.47710211286324133
YDJH_at,71.0,6.597040200726342,0.3605828968402996,5.97626238352084,6.31014585948967,6.60265520606357,6.80780725553589,7.69778311927,0.054658283998420834,1.1468579243819317,0.23466644366506717
YDJI_at,71.0,7.589113960391305,0.2932252324051435,7.07621800103275,7.37272363633096,7.57019998984643,7.817124373990505,8.3619821265476,0.038637610916838094,0.7489910022180638,-0.42841847483163065
YDJJ_at,71.0,6.715664945276389,0.5801402974302313,5.38849113549262,6.34633910916027,6.6660248438235,6.9839348316629,8.95477158227902,0.08638612887295484,3.790580085836453,3.785257280154391
YDJK_at,71.0,7.780809456949232,0.32019254840111455,7.1473029095268,7.587408726124345,7.76157135638123,7.93000094194325,8.7271611295203,0.04115157300441829,1.3441540104575294,1.3119015358190804
YDJL_at,71.0,8.559090773624144,0.2412645585827472,8.06310736735518,8.37574845863776,8.59577654774502,8.74665304181801,9.03374246707519,0.02818810606919051,0.5350010117681253,-0.7850649614616851
YDJM_at,71.0,6.274710591630857,0.40429210302013757,5.05096391433857,6.04563244809584,6.31869434971855,6.5109921717360155,7.02173731117062,0.06443199206021998,1.1719233274134238,-0.06377582656740977
YDJN_at,71.0,6.646732041006681,0.21708865893715884,6.02980562607552,6.519590756580994,6.6830514356368,6.806045281442396,7.1626974016954,0.032660961446593785,0.6809979303594569,0.1884922479940232
YDJO_at,71.0,9.657300434427318,0.37250337642123454,8.92812081030546,9.43520257858531,9.65209364485057,9.91433358599567,10.524131916952,0.03857220544711407,0.9616237492404887,-0.3996215270280761
YDJP_at,71.0,7.209500943667546,0.2510668682349332,6.70699392252267,7.03833498953213,7.22627697179913,7.37774013857079,8.07677349982863,0.03482444488136968,0.9951242339552399,1.0637420366990407
YDZA_at,71.0,7.863112566440735,0.3917762590313252,6.97291301059099,7.635709962558655,7.85865073500996,8.093954278740735,8.95272807671303,0.04982457719140399,1.3307368992261004,0.4634878264875626
YDZE_at,71.0,6.816881793583539,0.29170099116492,6.30894607311147,6.636191590834125,6.76854633768,6.983186532313145,8.15534503221696,0.04279097100370533,2.300417943110145,5.217122068608109
YDZF_at,71.0,7.631514093568604,0.398959460043011,6.99929781746658,7.310455519372135,7.58801453169417,7.852057780742941,8.68823480823434,0.05227789075030745,1.1059930057662912,-0.19772813349514884
YDZH_at,71.0,6.831599048175633,0.6080024085366917,5.36368407308007,6.3744065878119205,6.91400378856016,7.24600797931334,8.00839074181675,0.08899854986352833,1.586634289379531,-0.3699017629552763
YEAA_at,71.0,6.996097104067561,0.30676911925845457,6.24975159904775,6.80243465813945,7.00013289589958,7.187497777824695,7.77127404296833,0.043848607973165164,0.888422250313607,-0.06657421801077268
YEAB_at,71.0,8.278818853705877,0.2309414500217371,7.56017732407924,8.157931326540245,8.27507606460203,8.43356942176794,8.73576235596908,0.027895458772885212,0.8139141572071564,0.5986524704441409
YEAC_at,71.0,8.058635162267176,0.26282760309888875,7.54567169905209,7.849568444237915,8.06864079319188,8.22275696639172,8.68465028861675,0.03261440651011506,0.6866649125412349,-0.36670386432870083
YEAD_at,71.0,8.470451621726172,0.3005932915520161,7.93486175150493,8.230062930025024,8.47037191874335,8.64445403656024,9.29671886154298,0.035487280368972696,0.8769372912046621,-0.04402838890924832
YEBA_at,71.0,7.5548129248761215,0.28464269810427534,7.05068515579207,7.295256466359065,7.59651423174798,7.78775793627442,8.12720213269169,0.037677001526671514,0.5284523485206047,-1.1672374195003496
YEBB_at,71.0,8.207577915359153,0.5150308591681215,7.08918886758002,7.96182339127376,8.12645288562225,8.365962437573955,10.2666751311669,0.06275065122492772,3.730393419397092,4.536117699944513
YEBC_at,71.0,7.758614370988083,0.20234727619698784,7.35430294857375,7.594956610412201,7.76012964921234,7.87983882211737,8.28047136423951,0.02608033683870517,0.5875651918851591,-0.05843722623506231
YEBD_at,71.0,7.250073935092928,0.2646071463186766,6.48298838003636,7.07707022530707,7.22668793551482,7.455560901670065,7.78476924130275,0.03649716522722399,0.7764657279735763,-0.025970487637628548
YEBF_at,71.0,8.66435526486257,0.2715139196889817,8.22190994188086,8.47661911843496,8.64194144611313,8.780957384715556,9.88264054884494,0.03133688674910173,1.975935980351496,4.572570286160815
YEBG_at,71.0,8.014273737085162,0.37467018013848974,7.04789438779791,7.741911925603166,8.01217884114914,8.230531453396104,8.98427606983894,0.04675035972439338,1.222691897546695,0.32235325115089974
YECA_at,71.0,7.559040350321843,0.33953306031880853,6.91663786968086,7.305925958416029,7.537922689051,7.735018954210281,8.57704013409005,0.044917482191287966,1.2998525726202368,0.920558414834205
YEEA_at,71.0,6.031707774631518,0.29927644201885073,5.53599558882995,5.818769508507476,5.9410441580679,6.16607520242308,6.92785988484507,0.049617198511765395,0.9361805167516323,0.17916265625659156
YEEB_at,71.0,6.164156003635031,0.38883617392733383,5.32744291544597,5.89454318259912,6.09185279521374,6.435652114617435,7.12565330744592,0.06308019681819138,1.0494350665378818,-0.27531957069529156
YEEC_at,71.0,6.262348221517553,0.4744835658898033,5.19965469007186,5.9440407973221046,6.22078214468569,6.613434915834745,7.31540075086663,0.0757676751764567,1.2284911385068245,-0.39157952271873375
YEED_at,71.0,6.449536919122054,0.4472192507655375,5.63757556802329,6.128123029683555,6.4054343370653,6.613300248831855,7.76597537768534,0.06934129634014334,1.5672037629776177,0.5774745561211927
YEEF_at,71.0,6.642349576446535,0.2705352826725137,5.97888079251376,6.46508134893283,6.59659430399457,6.825970744185765,7.23329647919915,0.04072885348157816,0.7922546760066382,-0.032258537837172696
YEEG_at,71.0,7.289489335349243,0.31205445814835703,6.44187025853341,7.088849872843619,7.26720026403846,7.49757923475916,7.97560192456535,0.04280882292194291,0.9324294342903972,0.030808729670928514
YEEI_at,71.0,9.735227918373448,0.32929482708289654,8.78804479177712,9.483069268428435,9.6997086661946,9.97776063804977,10.4245584003124,0.03382507629445565,0.9906893156098574,0.052497001443219116
YEFA_at,71.0,8.423054958302187,0.25774012644292976,7.15566267763628,8.277598796967414,8.42383630218522,8.572543302671145,9.01153558132666,0.030599364211542766,2.5422495390120736,7.310835984087461
YEFB_at,71.0,5.121771932438903,0.31161523485378584,4.50973987536128,4.91380526590603,5.06101569096039,5.301940714972105,6.11616964724813,0.06084129456842094,1.45452397601913,1.8092699167290984
YEFC_at,71.0,6.331558173643405,0.3525731250052849,5.65328244247311,6.15117095864872,6.30070331711955,6.494843462510826,7.4107455693146,0.05568504866194758,1.2532618261962325,0.630717995337505
YERA_at,71.0,7.99851519924874,0.31968210564215044,7.21693393936085,7.8058604277877,7.93743260999528,8.137293402022586,8.86170356890037,0.03996768121065476,1.0869527776916208,0.4671190209612286
YERB_at,71.0,9.58817556506289,0.5595742007156643,8.25910983142767,9.17819289756168,9.58601643723931,9.955529655222989,10.7973734195998,0.058360863014922694,1.4382363866996135,-0.4115685641792157
YERC_at,71.0,7.441925638832662,0.7392514761373259,6.00387265542317,6.83839820547641,7.42673866636173,7.999268330304015,8.91370131109137,0.0993360471488512,1.5860330179692794,-0.8613308805404714
YERD_at,71.0,6.992022574099674,0.32955894005958797,6.0367330965593,6.78128724817428,7.00622008695238,7.149180038464105,7.66641743529803,0.047133563509986744,1.1814619470836911,0.6628680078163827
YERE_at,71.0,8.6030661030713,0.2179287962375606,8.06398318363184,8.47703820622575,8.6030962378715,8.735781410260266,9.13027980942904,0.02533152641472322,0.7201824126548313,0.36606836196249315
YERG_at,71.0,8.476224560490104,0.31325721662999184,7.93259311540961,8.238950191278596,8.46240868377147,8.649894404954365,9.16006686869664,0.03695716346286595,0.7503780111210958,-0.5966807854462495
YERH_at,71.0,7.653136312185366,0.5056316696584129,6.57744988252584,7.239853632798431,7.6286671098081,7.931224812380091,8.87444676849184,0.06606855660643902,1.4160209474833272,-0.1677581711504481
YERI_at,71.0,7.492174648162252,0.26605438257351016,6.97382844428496,7.3015115009716105,7.5266109475246,7.6577363296431145,8.02537445206578,0.035510969120129944,0.6216768550138108,-0.6588888173532332
YERO_at,71.0,6.1582908177662725,0.20745598004879545,5.58940467769603,6.027683015452525,6.15941370874616,6.30800474208017,6.6250950756709,0.033687265864466534,0.6906428802498034,0.3919430919805964
YERP_at,71.0,7.9151964883198,0.4135567718187912,6.87414126235197,7.62477424575082,7.89204987028207,8.188143474447944,8.92197373496282,0.05224845301428254,1.1835028022039158,-0.1028869113979658
YERQ_at,71.0,8.79191094347346,0.27917057080929936,8.07325252380734,8.585153952560505,8.79995434099585,9.001685069213895,9.5195989386652,0.031753116313870004,0.8212694033105428,-0.01812471904189117
YESE_at,71.0,8.312706799412435,0.348708537933371,7.6160450589932,8.04988998878763,8.34286748767718,8.55343203599272,8.96287379381125,0.04194885569138787,0.7525946282141538,-0.847803369318751
YESF_at,71.0,7.68410207169833,0.30159429100367463,6.96859078599484,7.473421322646114,7.68287086553771,7.870049039704865,8.88365745651683,0.03924912607739692,1.6940939093676644,2.814555573167274
YESJ_at,71.0,8.730337497786635,0.3253378505093369,7.57634943713699,8.525267547781135,8.77395521496518,8.97152337401649,9.36378832353122,0.0372652088870354,1.313875295695698,1.1430612446901902
YESK_at,71.0,7.80974406598811,0.36002846995696275,6.83481771553493,7.59817535625925,7.76636695519837,8.05061799845723,8.89944665293258,0.04609990633686802,1.2958072716894413,0.6779041526033533
YESL_at,71.0,8.533281865184145,0.3570630053463279,7.65962555147705,8.300235169938645,8.56144871743986,8.77881889686952,9.40237556128849,0.04184357331534397,1.0753540174910314,0.0558290266207937
YESM_at,71.0,6.810210743001449,0.2879347610447181,6.14180055249436,6.62249407996844,6.80791546938311,7.0356858016067605,7.64936815655832,0.042279860625549046,0.9050879629962842,0.1952908848824646
YESN_at,71.0,7.324545204043514,0.22590934937610546,6.72156577297842,7.160270620201375,7.30313078507094,7.47188257510472,7.98185059071473,0.030842781781371523,0.7371321476686394,0.3219017015572545
YESO_at,71.0,8.230765205755356,0.26403815285588705,7.60130642013144,8.049373740658744,8.22759349552628,8.370830718482221,9.00559640545084,0.03207941743633491,0.8860687630957563,0.4202458880017028
YESP_at,71.0,7.868468696885487,0.2842971722249852,7.25464751155453,7.65270371752154,7.83572496858612,8.02034013834552,8.6557523638203,0.03613119441366225,0.8294015464687023,-0.04400672171013964
YESQ_at,71.0,7.617925941701273,0.31303479282071733,6.99573535585606,7.413711632956526,7.62040357741509,7.82976541888371,8.37251045977069,0.0410918661084816,0.8502666431004442,-0.25701065173033344
YESR_at,71.0,8.868740452196635,0.3324256259478015,8.05093260723456,8.665292677509019,8.80352888346117,9.046555596310444,10.084814590355,0.037482845251770265,1.5542618320660582,1.8175556153990389
YESS_at,71.0,8.552830375112153,0.2153658769056563,8.00513114419323,8.41755868601817,8.50302763852987,8.67112289527828,9.18894202566312,0.025180655696428706,0.7419823578573295,0.514885368932068
YEST_at,71.0,7.995486957872161,0.270583476107957,7.27790540951917,7.8001261775622055,8.00283166173909,8.166697051305635,8.84829623121143,0.033842025824524315,0.9473704518628593,0.5741746435458133
YESU_at,71.0,7.562297160134952,0.31023519605206784,6.81526067635284,7.35093323253743,7.5270115544481,7.75404707510173,8.59320359286722,0.041023936177420936,1.1994300297353857,0.9606268155561883
YESV_at,71.0,7.601170991444812,0.2669826360591752,6.92175457143681,7.41077573692867,7.62385296526526,7.800110275837345,8.1914765016313,0.035123882407022106,0.700701784741933,-0.3540867485732049
YESW_at,71.0,8.560344237856546,0.31894528454119203,7.87522145977226,8.321878679065154,8.54065933463283,8.751913101558419,9.67430787163986,0.03725846480924391,1.2351965424364821,0.9675704524263455
YESX_at,71.0,7.763595829454055,0.3026935627103629,6.97963143495821,7.5712503455943,7.76739392964392,7.93924173282446,8.57480466599056,0.038988835761128056,1.0136925357536308,0.4129090087391476
YESY_at,71.0,7.20957255268722,0.21823985656920827,6.74541061479173,7.053932488259219,7.17854881125904,7.30681354575977,7.82783558179982,0.03027084545918937,0.8089712432909639,0.7918534843906118
YESZ_at,71.0,8.388218699591766,0.3212968761648222,7.80547653119458,8.12088977655384,8.37998343373049,8.586127669402469,9.4072792908814,0.03830334993297909,0.9880432058494601,0.12307230331610919
YETA_at,71.0,8.457977449291409,0.29398607800757454,7.91036159215628,8.25856037744403,8.41690680434598,8.621670528608195,9.65256597459831,0.034758437199688214,1.637327899093755,2.7640260507566934
YETF_at,71.0,6.345732767078893,0.22911495910214635,5.89790501004284,6.159580016259475,6.35047227058785,6.518818867049745,6.79545700542434,0.03610535890997092,0.5083743301546205,-0.7836097090240077
YETG_at,71.0,8.075762148874455,0.3607942015161198,6.9606318348907,7.86625948837967,8.11949456928047,8.29485561518313,9.01102854474285,0.044676179766686766,1.6229403192000929,1.6298541640109407
YETH_at,71.0,7.740631937731306,0.24998411148607372,7.21255990131967,7.588418832101249,7.72457347220776,7.9090111881662,8.24992268150123,0.03229505207030181,0.5972269865873031,-0.603399618296502
YETI_at,71.0,7.864085940795905,0.27690810570218455,7.36189684503782,7.6292280069148095,7.86962448961473,8.04330877157673,8.60916326524524,0.03521173443256641,0.6923733906416928,-0.48553917574697447
YETJ_at,71.0,7.374661377352264,0.30594103281246954,6.83626578363761,7.175398258985725,7.32815911184065,7.52951457576715,8.19490735400145,0.041485434673925604,1.0226873032864718,0.4064001169754192
YETK_at,71.0,7.591083882209496,0.360101453871904,6.85389987168772,7.32820154006116,7.58279882658249,7.8667432587955,8.31825535701858,0.04743742256831592,0.8210928063019995,-0.7186938739844346
YETL_at,71.0,7.580493803710171,0.2669595686885833,6.6190205163724,7.4141095162208455,7.6396151006362,7.7683686404257895,8.08670662765696,0.035216646250396444,1.1831598666812833,1.5596939548750477
YETM_at,71.0,7.7634010468268695,0.39404759524444394,6.65362528477193,7.522430392709911,7.78280341731436,7.965253648252681,9.01941011030896,0.050757083508587104,1.6537254702060398,1.3106420461811243
YETN_at,71.0,7.825754423743078,0.35296611883941864,6.87220838326867,7.614303467344425,7.7873876272048,8.050586286746789,8.63739677886404,0.045103142742191245,0.9897452812344132,-0.16396630486516317
YETO_at,71.0,7.6885108170757,0.2925875392994918,7.01914728156245,7.485508610785169,7.71233526904143,7.893365572762056,8.5797669752111,0.03805516390113846,0.9806566640060091,0.4158339576154826
YEXA_at,71.0,10.788821806183384,0.7342743684942377,9.41342127007641,10.2577832835288,10.8024150907183,11.09564520136505,13.196072907531,0.06805880954242881,2.715374727013182,0.7825776223623562
YEZA_at,71.0,7.88495952895066,0.4333223242848458,7.25953435573762,7.56401719782028,7.81148586577007,8.177656422983361,9.32192213489069,0.05495555464728084,1.5544347443608744,0.6652705130748107
YEZB_at,71.0,7.875840046141937,0.2709707070241499,6.89682645232955,7.72981495230947,7.84157741026919,8.044021567689835,8.61480789366362,0.03440530856856187,1.3279931007562136,2.0561676280380468
YEZC_at,71.0,7.970149524614764,0.28578011400687287,6.30063098674228,7.8548303556358,7.99415235644327,8.108412135971236,8.53116888421093,0.03585630522040752,5.109327960633932,15.797214496159187
YEZD_at,71.0,7.631513781447696,0.45475193514824463,6.61845003054169,7.307883293816055,7.54136114773952,7.914636183334959,8.74691236344279,0.05958869343245533,1.2365457790080137,-0.25387590187614517
YFHA_at,71.0,6.92464048777371,0.3163129755207778,6.22316022215015,6.7364531057636,6.88138528236902,7.1112107845233155,7.94134530781378,0.045679335422433354,1.1841907097833555,0.8309582022168716
YFHB_at,71.0,8.782736876663934,0.19969992816115437,8.37170485019721,8.62075171179642,8.79690573832056,8.936933470923176,9.2723779711797,0.022737778777338152,0.4436728693590107,-0.7806065365213017
YFHC_at,71.0,8.720836121872466,0.2542350621329557,8.03800230809494,8.540925021033583,8.72208031556434,8.92386520323185,9.26278129244903,0.02915260172075891,0.7361619984881365,-0.06706727785232047
YFHD_at,71.0,8.47213377730347,0.30851581286614715,7.61393262426823,8.310675298918115,8.47463110380763,8.625328248823765,9.28222277063873,0.03641536134529054,1.188615401343445,0.9463251723491908
YFHE_r_at,71.0,8.276526783922142,0.3261516874876246,7.59091018316502,8.040768666714104,8.27888745040618,8.485480445150639,8.97101915843881,0.03940683042568073,0.8484257826774525,-0.37865066328169705
YFHF_at,71.0,8.148449004076902,0.36990271819751674,7.60077153059853,7.893534340327935,8.10155793005085,8.330607928286831,9.76290786476735,0.045395475631306505,2.527949314911162,4.103105392681407
YFHG_at,71.0,7.372213894297219,0.3787079851011776,6.73714609987878,7.085774764980325,7.28522022397341,7.64052757048138,8.25615327282446,0.0513696415393112,1.0071031487093705,-0.3172489251946158
YFHH_at,71.0,7.266748048371738,0.40044931613699575,6.31306601916792,6.97308851010522,7.23627870095775,7.54292114347129,8.27684446144048,0.055107086893803135,1.2646539461806041,0.21086493701119124
YFHI_at,71.0,7.0596630146010675,0.28158461457896294,6.28260349084474,6.86853860601123,7.06522483950223,7.287597430106516,7.57959603711512,0.039886410158187266,0.7610969529569723,-0.2710910720027262
YFHJ_at,71.0,9.443534890760649,0.6416613883928646,7.80595727869262,9.029514358302144,9.47279532047613,9.974541533673095,10.4694213037016,0.06794716129239405,1.6399420098272919,-0.4268778279020031
YFHK_at,71.0,8.367940673185842,0.465893243612885,7.87467368522539,8.086765023226754,8.29257825484899,8.4649369151552,10.8741697688885,0.05567597355294228,7.143945696557006,13.102868355429708
YFHL_at,71.0,8.175195553869365,0.3397400589580998,7.64630473937397,7.968922580065695,8.14970990221274,8.227492104750715,9.73555170527159,0.04155742290437309,3.895363159315263,9.007177958515763
YFHM_at,71.0,8.816779404697625,0.3392213376303347,8.02586943476194,8.614671580491276,8.79196017284479,8.998812825087505,10.1558130033532,0.038474517968499454,2.0341052674057636,3.2161322102442336
YFHO_at,71.0,6.653498333518327,0.22067368827296427,6.21172643268895,6.49055935217755,6.63592807320207,6.8207365636042745,7.17941121780092,0.033166565498525265,0.4773709505787733,-0.84249907152617
YFHP_at,71.0,7.8947589845776145,0.2633311743226122,7.16052186915269,7.748705342986445,7.92650382721728,8.061943980871995,8.61220213462843,0.03335518852912784,0.8797986928099094,0.4045742349265993
YFHQ_at,71.0,7.925787016989146,0.2534587900730284,7.04908010157024,7.79749345732003,7.96753408990911,8.066341391282656,8.33548296169205,0.03197900593716844,1.1503102763405784,1.672426282746871
YFHR_at,71.0,8.36264956830336,0.3098136099867379,7.77211031379291,8.138346838112826,8.36084741846051,8.536560157374339,9.15694379931375,0.03704730270667002,0.8491933925634352,-0.23077655606486225
YFHS_i_at,71.0,6.540756390396251,0.3047350800803653,5.81099767141451,6.361895800326645,6.58954541359292,6.75182616881731,7.20978403918576,0.04659018955786303,0.8686053685469818,-0.1149617095964297
YFIA_at,71.0,7.409155336041105,0.6458152512084396,6.1292758782075,6.907302467878395,7.42752413033118,7.806937001483005,8.86203847214007,0.08716449067641152,1.492184398146985,-0.6865342296005195
YFIB_at,71.0,8.552764765795141,0.2512691168025651,7.7657640767167,8.388073463053885,8.56238278581868,8.711167080432716,9.14012586302558,0.029378700769072875,0.8660115952686894,0.5162959953786981
YFIC_at,71.0,8.95888029490518,0.258035710169136,8.38401379291882,8.778721715037289,8.97593689273852,9.14052529418313,9.5293601832463,0.028802227697570442,0.687813581454243,-0.31061862019410214
YFID_at,71.0,7.270100758986593,0.2671696062950344,6.51253971541015,7.10722439813721,7.22179087560763,7.371434841470585,7.96034471940034,0.03674909264012404,1.029120544999754,0.9455294130282512
YFIE_at,71.0,7.718911649396781,0.26372690141631366,6.99028849367711,7.54908889193953,7.7109775855224,7.85411659137782,8.39736482709541,0.03416633243067673,0.8848539059655416,0.41956196533891754
YFIF_at,71.0,7.176936020622644,0.3463982583175014,6.42996466280691,6.87071065253296,7.19371463216871,7.430642672424135,7.82767958558372,0.048265479491824866,0.6999141967301105,-0.9935889029180451
YFIG_at,71.0,7.759184259500402,0.30710941248895274,7.03138840394414,7.551544509794365,7.723449909562,8.024760165226235,8.46321331560165,0.039580115926867665,0.7759127819913626,-0.45787174514212703
YFIH_at,71.0,8.594188955292449,0.23478952123127597,7.88329834363498,8.44716485309643,8.53761939059027,8.758009612603955,9.15424115578296,0.027319567029846205,0.7679875939133607,0.33037916582284055
YFII_at,71.0,8.101486589436831,0.30950373536552545,7.43078221122279,7.881359269437045,8.05864906924683,8.339471936391215,8.85155506880436,0.03820332625978467,0.9047113920163167,-0.03794176824266282
YFIJ_at,71.0,7.02957913965189,0.411356777771394,6.239481745534,6.74923285719508,6.96030670661745,7.305595523319605,8.06222202896939,0.058517980891778495,1.0612412291914297,-0.4013801489121822
YFIK_at,71.0,7.81239636690115,0.27274867625654947,7.10272226121183,7.66125004602919,7.78386611629376,7.971056836940705,8.45590002268734,0.03491229367369355,0.8329819660345378,0.10068388077631196
YFIL_at,71.0,7.815745484926988,0.4156295381834177,6.85570595517284,7.547636787818635,7.84050966969249,8.05608340686031,8.78610759340001,0.05317848936930939,1.135842464939247,-0.23941375054186897
YFIM_at,71.0,7.840322908681519,0.3706054466859345,6.98524982903809,7.60427276374252,7.89487906876659,8.089602667120644,8.69810513735302,0.047269156003200634,0.9900611577554322,-0.30437753294670555
YFIN_at,71.0,7.692776390915519,0.41434262556634727,6.62114326873142,7.419024099834456,7.73157908479598,7.95948527134189,8.54146494110405,0.05386125951296971,1.1392471253516077,-0.22172617296462516
YFIO_at,71.0,8.30548531689748,0.20083261678213776,7.88615742081204,8.139017796767678,8.30763655885136,8.426438275419908,8.76940803485886,0.02418072022516788,0.4859669272905274,-0.5708924783689331
YFIQ_at,71.0,6.6542039220889375,0.2607160242289275,6.10763329795762,6.468054991894656,6.60730740318017,6.82342482254046,7.41007000709321,0.03918064839634214,0.8319879645298004,0.24588872007627494
YFIR_at,71.0,7.946710310016756,0.2433434652747581,7.30272481210051,7.810798730927085,7.93440097889188,8.05313211444299,8.80298837523612,0.03062191218522536,1.1813804692217662,2.007369410259569
YFIS_at,71.0,7.083003425246047,0.3201097849487498,6.33312264935642,6.898822090126235,7.04191473923146,7.29123335586454,7.92102965237869,0.045194074565568905,0.9842004989212961,0.12243657520126927
YFIT_at,71.0,8.5802740149603,0.15468243620144886,8.08061637897989,8.49420270906362,8.56565077518657,8.69070455770639,8.92422556911742,0.01802768022696587,0.6837931497288688,1.5476701574208063
YFIU_at,71.0,7.234358370335527,0.3435102497775293,6.42239514729,6.99227691715424,7.24151783413106,7.46050040648994,7.93655904205394,0.047483167434183585,0.8326177050028881,-0.5665617255631998
YFIV_at,71.0,8.259246147501425,0.2836013195736745,7.44240920531082,8.12078593644206,8.24646802078627,8.399886665012161,9.00378900554536,0.03433743401139209,1.0230778899539021,0.6866617699161432
YFIW_at,71.0,8.32121519511128,0.2973523808455588,7.55154807865647,8.143780600941625,8.35508794618994,8.540161029195446,8.84900880757659,0.035734249610592156,0.8834123989031843,0.012695732951524707
YFIX_at,71.0,6.334219590312538,0.3108184267850266,5.42658384894823,6.159935468214475,6.34271852560249,6.52107979782191,7.11919806358964,0.04906972711530047,1.0779785973524267,0.5392130656191179
YFIY_at,71.0,7.20344814469862,0.3163694889596518,6.32620011737671,6.96634817534067,7.19026704625032,7.41071069738807,7.77035686707675,0.04391917351310205,0.9444375153874686,0.02784554811907025
YFIZ_at,71.0,7.19117735467235,0.28330426488274174,6.45280280411053,7.027113025572885,7.22539292385693,7.3553338158109955,7.82611372363124,0.039396089250763565,0.9393879108793234,0.37788324556526254
YFJA_at,71.0,7.880347805414331,0.3889055948286486,6.923787846414,7.61799328197791,7.87913737202918,8.1551999343446,8.74332650039621,0.049351323625772485,1.0633953576816266,-0.23782177504534685
YFJB_at,71.0,7.436012275880529,0.1986291244062781,6.92232094003221,7.311657418032301,7.40789158690208,7.572920999906705,7.92919097245458,0.02671178005589799,0.6689476405289203,0.4329374115568698
YFJC_at,71.0,7.624206145824449,0.24206339342500274,7.08163186213367,7.46879506602013,7.60719985496347,7.77415970164255,8.11326568915541,0.03174932429621852,0.629014138698638,-0.38158509902270765
YFJD_at,71.0,6.885169972805347,0.20469243694541076,6.34812475730149,6.7468324623563,6.86003791874311,6.976818471286119,7.49766626571763,0.029729467501004813,0.8298956650269347,1.1598534181841451
YFJE_at,71.0,7.29462414880546,0.30100872655120564,6.56765745662552,7.09985593672039,7.27433450557163,7.48186904532556,7.97122640332621,0.04126446002025994,0.8628149277357121,-0.09796820204731294
YFJF_at,71.0,7.650787674280884,0.4716646884638971,6.74485139592503,7.317113631875294,7.53272896235743,7.956352330620184,9.25890774050818,0.06164916718960313,1.8140149888337553,0.9392263480202674
YFJL_at,71.0,6.6270994627859094,0.4800153705102373,5.72500422770216,6.20039312983072,6.71913541153741,6.976865024634231,7.50477613319127,0.07243219649949961,0.9889379582883471,-0.9515813899386734
YFJM_at,71.0,7.425772808061444,0.2731853458499442,6.90582794348046,7.238330455540355,7.37713030160637,7.561318066134509,8.04304611567105,0.036788810122681544,0.7323907257301826,-0.2943608088507177
YFJN_at,71.0,7.364289845082178,0.24612507737964168,6.80429023569035,7.21621250057397,7.37937020129244,7.50208659394406,7.82863440193675,0.03342142726009112,0.6027263839355521,-0.5400794722329145
YFJO_at,71.0,8.44008783874681,0.23767380825809228,8.00463461596389,8.26472362689023,8.41026932335059,8.57099111919543,9.12293371670746,0.028160110747541964,0.754379084398269,0.22772432252955754
YFJP_at,71.0,8.203692817730557,0.19464667562394966,7.7836342629394,8.079274509164605,8.20495524538261,8.31534920195682,8.70926115539995,0.023726714291795736,0.5776306197575918,0.009156849071502826
YFJQ_at,71.0,7.123861448291007,0.20969584804683084,6.43448161626852,6.981294364684185,7.14179609296007,7.2475808350557855,7.70097019253187,0.02943569994572764,0.8888896494713009,1.3553048166988422
YFJR_at,71.0,7.689940171757369,0.20289129003401293,7.02017698659228,7.56428315916465,7.7202710194068,7.827240450384925,8.15084329801491,0.0263839881068472,0.8093425238789335,1.0907025759140394
YFJS_at,71.0,6.884894237286993,0.37046231452549,6.03646082538076,6.659621188591575,6.88441171977019,7.165309850011974,7.54901011939087,0.05380798916549101,0.9451137272773961,-0.431749547265067
YFJT_at,71.0,6.859220273679071,0.41459034880735546,5.98837473452104,6.64110875553067,6.84889555838462,7.10683433299779,7.74918154385262,0.0604427809962986,1.171946275124492,-0.13995523695126355
YFKA_at,71.0,7.853305061822764,0.23179905398091707,7.39109711288715,7.693770506707599,7.84405266068238,7.98975296176488,8.42087266816903,0.02951611482759797,0.5938243210441743,-0.420491337131748
YFKB_at,71.0,8.080148016526442,0.3386403521562837,7.06253751124925,7.88216456647633,8.08329998570067,8.257205543955877,8.83250784427982,0.04191016692561297,1.1338806750855235,0.4123014649457577
YFKC_at,71.0,8.17556681603447,0.22138666344533658,7.5762885238234,8.026353752438176,8.19185218402233,8.360428390825785,8.63485801222582,0.027079059889907352,0.5999055402972948,-0.26383078165188145
YFKD_at,71.0,7.312687122663862,0.3801280713521003,6.37343618382491,7.066434269950145,7.32683403137565,7.6202500294523645,8.0062414469363,0.051981995807531205,0.9366267984328089,-0.5240755774641732
YFKE_at,71.0,7.621379055886953,0.32019351655050565,6.80094811336847,7.461984988700365,7.61806687469923,7.7832175926577545,8.69825898024517,0.04201254316345541,1.3436157583185442,1.3101081911037138
YFKF_at,71.0,8.183544394495769,0.3164366410438348,7.37648079531003,7.963539742380915,8.21439800154285,8.35758955591712,9.08008916726643,0.03866743134633317,1.1659010501804643,0.7682103299016192
YFKH_at,71.0,7.560568243242509,0.40955236446895094,6.45445417502284,7.31687040880789,7.51260894356752,7.813730333540525,8.75507171509114,0.0541695215614251,1.5717004653709872,0.9303548250309088
YFKI_at,71.0,9.201456915800957,0.383857779777677,8.51454627577189,8.970916531994165,9.15301848915853,9.392489241075495,10.891033893649,0.041717065383255494,2.706791154739576,4.333351497948542
YFKJ_at,71.0,8.534318267272843,0.3938850194318178,7.94019637619125,8.320177318224685,8.48881854733501,8.69521148055442,10.7403679353628,0.0461530736370914,6.071292807490959,13.187576776259727
YFKK_at,71.0,7.005836963853683,0.33627389043645417,6.21371948057355,6.79742412439651,7.00748863242383,7.178846531022799,7.90017445976125,0.047999103058127816,1.1365912862639433,0.44578566119197127
YFKL_at,71.0,7.377375888459503,0.29066185448806503,6.70360514205049,7.15038895828161,7.30848957791282,7.61531548740734,7.98453600440276,0.039399084292661576,0.6940368012620974,-0.6047538120356766
YFKM_at,71.0,8.620074876508408,0.7404079519827526,7.75026669016126,8.18709492058017,8.4382903910068,8.753081896455186,11.8827473538103,0.08589344786325771,8.516334844339811,9.04582840705329
YFKN_at,71.0,7.75194332911028,0.4805002497631693,7.02829246755023,7.4497324776116205,7.64687639789807,7.94387919800962,9.74456476274722,0.061984489483918624,4.200718770881152,6.123651924625582
YFKO_at,71.0,8.026020975196287,0.36270247036488495,7.23236013902484,7.867549753508619,8.01393895876447,8.225504728734396,9.08734139801921,0.045190820144351114,1.3245758421206866,0.7337915594847093
YFKQ_at,71.0,7.1338182961234775,0.27132754948552124,6.55639624287035,6.97082870501932,7.11039655384324,7.3112380785266655,7.88694129609996,0.038033986600550344,0.8079983459952228,0.020125231421581624
YFKR_at,71.0,7.894610187720492,0.3333213493718714,7.14114738878021,7.670875986116405,7.88310785516699,8.149604043886216,8.76851641792932,0.04222138160669785,0.9139506623070962,-0.22975055243643405
YFKS_at,71.0,6.353271055351812,0.5315938993172525,4.95002346617247,6.041965041451825,6.43045946942156,6.77831035066339,7.40034723445369,0.08367247276022532,1.5377896540012421,-0.07003793486100696
YFKT_at,71.0,5.8607019692379945,0.37747932051051225,4.88800274905765,5.60495997482709,5.84087079521468,6.08030398237022,6.72504217892945,0.06440855080020251,1.0485861285780498,-0.19172480560672023
YFLA_at,71.0,6.8416998868266266,0.29226853514466095,6.23833735730294,6.621892882365685,6.83028417453058,7.041314314805865,7.52134444275624,0.042718701489290745,0.742867059511244,-0.44175113218843265
YFLB_at,71.0,6.496424865166233,0.19654744606154664,5.99549667537876,6.3333466483619745,6.51008924261591,6.619488351324325,6.90220825123183,0.03025470934258505,0.4992727949168148,-0.4433527851273644
YFLC_at,71.0,7.287464351045058,0.1828139652896312,6.70122980039563,7.17882158386876,7.30783557384718,7.388047827558595,7.7300782495591,0.025086087078205026,0.6626483934332915,0.7049404562839681
YFLD_r_at,71.0,3.7155091096959234,0.09957209563756532,3.48807055103446,3.653993721233385,3.69892723472058,3.7567383954030102,4.01372252535678,0.0267990449485708,0.38593979394834993,0.9709901403355303
YFLE_at,71.0,7.165103043614754,0.6412981865788617,5.69088501042109,6.756491320179325,7.06590124817922,7.61919352443455,8.73305787785453,0.08950299565480226,1.8919778490322459,-0.00921823037651981
YFLF_at,71.0,8.88566137996658,0.2522645409450548,8.25340903417208,8.735119337289005,8.86964031943859,9.029089658559185,9.6733994699903,0.028390069141482815,0.9761013086734256,0.9639728221601702
YFLG_at,71.0,10.075225276129645,0.43087309594173023,8.84610971896253,9.827167521310134,10.0454150714346,10.350323909586749,11.0661792516903,0.04276560415602422,1.3711227214324828,0.23639186681505242
YFLH_at,71.0,9.62751262721584,0.5800488090857138,7.86438296943009,9.36576000316994,9.70223785303374,9.975881372488995,10.7639007631966,0.060249083179178015,2.1138651620363036,0.725666007086796
YFLI_at,71.0,7.823229388318042,0.4497180643500373,6.96239000667126,7.4611851023890345,7.77022240959609,8.198572733992926,8.88040552062036,0.05748496458784325,1.0493633033112046,-0.6623542887248304
YFLJ_i_at,71.0,9.261029771162903,0.346365671017038,8.47206836310652,9.036976773845236,9.22617700132238,9.486397337476891,9.97202109617682,0.03740034095296349,0.9336570698126686,-0.27884667541205355
YFLK_at,71.0,7.742961691503301,0.2764381447665872,6.81958321471573,7.584410270571115,7.7540375376108,7.92823342058258,8.26349358759324,0.03570186135234727,1.197559361538776,1.4539434984959145
YFLL_at,71.0,8.034752222240929,0.31097150765994314,7.05765427283158,7.878789039306319,8.05735913513857,8.240358242888046,8.94327667185187,0.038703310202789526,1.277272746391419,1.215979858325694
YFLM_at,71.0,7.641819458012125,0.24311705889744653,7.01377270530288,7.515100572288585,7.64713084122621,7.77914078816696,8.31937576816011,0.03181402809020155,0.8802222420281626,0.7005519956763613
YFLN_at,71.0,7.429721508843541,0.2888060955183815,6.63787320767311,7.223706646675355,7.42199744780316,7.615721393256795,8.22785417725615,0.03887172556530117,0.9768497396325819,0.44834305673077335
YFLP_at,71.0,8.79164051669598,0.22685125899066497,7.90488122510194,8.665614211229151,8.79821510912432,8.93973525704296,9.23115085031825,0.025803063553367263,1.1087009738178066,2.041846390229124
YFLS_at,71.0,6.875359221536979,0.2761380463454391,6.32731854231086,6.69112258058551,6.84914248241576,7.067407526546905,7.43477016422205,0.04016343545809796,0.6474029022838146,-0.6505910971851918
YFLT_at,71.0,8.694587888801847,0.6500026327486812,7.5126895327756,8.299689733838175,8.57052291737712,8.890625684699705,11.4155677130174,0.07475945278393804,5.626563936512377,6.032414065722568
YFMA_at,71.0,6.455577995563157,0.42449685243671986,5.53938271385964,6.07043091582291,6.56410734643823,6.76231955052108,7.31601743137804,0.06575659882484133,0.9128264025632816,-0.8561272157536743
YFMB_at,71.0,7.0501543216433005,0.35834436142156917,6.37199909640696,6.82437169372502,7.0325259440899,7.212684768279125,7.98385597826815,0.050827874834099195,1.1877014182176557,0.37638675853854275
YFMC_at,71.0,8.68365547853064,0.4038756809737165,7.77568986511603,8.372983663498525,8.71537119053808,9.0262608325955,9.42837841739739,0.046509869256357944,0.8096528528918623,-1.0103602113878027
YFMD_at,71.0,7.465910727690387,0.23342800575225242,7.07618304103679,7.32526116009723,7.41605188962052,7.602136577523045,8.42088867573061,0.031265844753070655,1.5033649826831867,3.686233205701263
YFME_at,71.0,7.489725082478803,0.3195040121033011,6.66873778578875,7.236770772865875,7.49175074074186,7.76567180186562,8.14522722019389,0.042658977276847906,0.7600352548928895,-0.6142658620377377
YFMF_at,71.0,9.024492105479494,0.22497633128036076,8.54293325442578,8.908469441387876,8.99441922638951,9.136058475934824,9.66453395127624,0.024929528293759554,0.8368147155048815,0.8053735686912074
YFMG_at,71.0,4.6935838636198355,0.20844483451194654,4.33125760565939,4.56594647240031,4.648567656068,4.7715704029738095,5.59873139755979,0.044410591260041425,1.527104030885489,4.624137675625231
YFMH_r_at,71.0,8.555231458823988,0.6949098398166338,6.78513854253768,8.12747505713177,8.43741658419333,9.035978298939805,10.0565523304342,0.08122630499960277,1.8127691466473561,-0.37090361328394206
YFMI_at,71.0,4.9882485450806495,0.29111829130966443,4.37661356044802,4.80165983602487,4.94763319630096,5.163085970727231,5.86574543722148,0.05836082317846046,1.1222666076338976,0.9487927267101339
YFMJ_at,71.0,9.20290523461309,0.6410218696666261,7.38059510442963,8.811001205308965,9.2775883582151,9.64542015109639,10.2372777013878,0.06965429430433293,1.8444178702144842,-0.0864300625458494
YFMK_at,71.0,7.251856332551871,0.36736030368667805,6.64335530109803,6.95853971657732,7.19070139525185,7.51561632588051,8.03706552984012,0.05065741609326765,0.7377738376717615,-1.0065451013814557
YFML_at,71.0,7.933206482301048,0.2568524929433279,7.32267744700734,7.741521481840365,7.91513864304962,8.144596419445355,8.45632517736812,0.032376882350959195,0.6445310171983912,-0.4760408661395754
YFMM_at,71.0,7.693573020869929,0.32033692469481634,6.98933450807828,7.479182359164945,7.66752918617178,7.877515007346339,8.46196694787851,0.041636951235252614,0.8075133791828756,-0.4638833352999483
YFMN_at,71.0,7.2319425345045865,0.589235826177613,5.37058268033427,6.924930222886115,7.28269277485632,7.608753665081365,8.49485878867683,0.08147684019422007,2.5251160767193728,1.4044987716912338
YFMO_at,71.0,7.719818265923464,0.22900308579837536,7.07235206395129,7.58034842595716,7.73564521295683,7.879506655007985,8.27633302229501,0.029664310468192276,0.9147418829947979,1.096427663533742
YFMP_at,71.0,8.210436165960495,0.30955487500279594,7.40792957502731,8.002366353546584,8.15154223216865,8.4303748887962,8.85243223499373,0.03770261028106815,0.9019912441716115,-0.04775726962784432
YFMQ_at,71.0,7.70100989169412,0.38140202230908676,6.98859367485808,7.43141967963349,7.65909145408572,7.9594963430383245,8.79029739734221,0.049526234568331835,1.1690378224099003,0.11241456808272199
YFMR_at,71.0,8.808079373632506,0.23026632858023965,8.04556945592217,8.671812392537873,8.81224354637498,8.982570575972414,9.21316639864853,0.026142626424275332,0.8671211866977602,0.8542528812063304
YFMS_at,71.0,7.382925643510948,0.31920596514534094,6.57544266263032,7.226575926946185,7.39382408214187,7.59487496554928,7.98335946983398,0.04323570093461522,0.8927077848314582,-0.17183210268689253
YFMT_at,71.0,7.675646647698991,0.3286632246695374,7.03797652276062,7.4577861188696595,7.68345092194011,7.867018943831475,8.45814903798449,0.042818962330432996,0.8936520398976076,-0.2539972469097149
YFNA_at,71.0,7.500475843556259,0.24372000499046398,7.01432583496733,7.33061226750078,7.4974226324122,7.65382204976491,8.04662709584714,0.032493939061192564,0.62210673871192,-0.430295629244577
YFNB_at,71.0,7.91128467413701,0.25157946802057163,7.43504436126916,7.753260729807555,7.91951847704501,8.053304610344984,8.60758514099819,0.03180007778547228,0.7971340311309579,0.22190890880070002
YFNC_at,71.0,7.538369668590427,0.3126137303899971,6.77766150562442,7.306212484688215,7.55609464544841,7.77611894112437,8.17889369405176,0.04146967370047424,0.7815808752209701,-0.4857758414174089
YFND_at,71.0,7.352664148394324,0.43263283480745934,6.30847769008805,7.01965339658854,7.34392026262609,7.683477737645295,8.25525789161443,0.05884028238960673,1.0514026871062327,-0.5597944227492664
YFNE_at,71.0,8.201376243293936,0.2587720674669213,7.64028951739165,8.001459468601404,8.18745106547093,8.33486004041006,8.99833943562063,0.031552273641696764,0.908029486832004,0.5824124899657126
YFNF_at,71.0,7.962688150504548,0.45293189306516424,6.98739279979219,7.6071920014299845,7.9667124569431,8.27265394281668,8.92095501445926,0.056881782195182994,1.014793258359178,-0.760699724679565
YFNG_at,71.0,7.300265414715469,0.3142242283463172,6.55642226397968,7.119349322296165,7.30286211014415,7.48510581899097,8.08264614029359,0.04304284988226887,0.8935545101451581,-0.12203246239010568
YFNH_at,71.0,5.853513037109879,0.3747554615593434,5.05188836787427,5.581126887738585,5.85656982258558,6.150076816580841,6.68290667719119,0.0640223160320107,0.8489990939856026,-0.7342541917805403
YFNI_at,71.0,7.603163195741808,0.34989393609666913,6.90878061849068,7.35491527843195,7.52313117333364,7.7861349289114195,8.49268670873512,0.04601952201849739,1.091653744576621,0.17049067557731812
YGAB_at,71.0,8.454094512332867,0.31960821842208903,7.68315780638482,8.23943684706558,8.44497530356609,8.65246470655643,9.22641708297645,0.03780513903125205,1.0150408003842775,0.22971557816272314
YGAC_at,71.0,9.148892809127949,0.2769993896953182,8.59601299893725,8.93725925480136,9.11154722207808,9.31218951088983,9.84247507571067,0.03027682097433177,0.7409517051121939,-0.3007221898990027
YGAD_at,71.0,8.36113326198985,0.24780605639498227,7.5776012096913,8.212420102391246,8.35038393507148,8.49142850087201,9.16338087210087,0.02963785513639898,1.1503956470218195,1.7824080341899116
YGAE_at,71.0,6.067299599272059,0.18399999936045713,5.64189615169779,5.9530210300597055,6.06166530684999,6.146490814217695,6.60273868121046,0.030326506273488298,0.7253164945323674,1.0408238321487513
YGAF_at,71.0,8.712240047641693,0.37438246746856013,7.77903867616175,8.49976248477816,8.68159841693246,8.9343929542652,9.58294644476863,0.0429720101169505,1.27573283813503,0.4750183666020784
YGAJ_at,71.0,9.155343003962816,0.23347918506740356,8.60597317310947,9.010483307246314,9.15338797979256,9.325608107676949,9.73667283687735,0.025501959343996614,0.6915098144135844,0.002991131326270935
YGAK_at,71.0,7.5654911413954435,0.27980215089470795,6.89071855801177,7.4048655141759046,7.53161055201999,7.733433963844215,8.37412288909083,0.03698400350556737,1.1302398290834437,1.144046005203129
YGAN_at,71.0,7.921032387084108,0.3451700377539569,7.29806981323958,7.7072433672623895,7.8743381945341,8.084794500100308,8.99991781438709,0.04357639520787529,1.3055295803124745,0.8717742710701959
YGAO_at,71.0,7.488039235683106,0.40533597823373047,6.61822873379466,7.1991141259333755,7.46547923201039,7.68135104264963,8.93012652404243,0.054131123712889195,1.9056601062332261,1.8449959783690142
YGXA_at,71.0,6.55235298622322,0.3889860480030965,5.77762326073936,6.278556521812259,6.5512034267898,6.788162926162245,7.41924713797133,0.05936585663516096,0.9934240025996398,-0.42888323647478943
YGXB_at,71.0,7.28294097452504,0.4780205785115202,6.33445333174556,6.973957543877235,7.27488908133382,7.47341514362925,9.31508725766041,0.06563565188617974,3.5488437168781632,4.727755511851291
YGZA_at,71.0,7.021900104845451,0.4501223429885582,5.95167879279019,6.678323862413265,6.96307230344875,7.305529822459505,8.33259194529791,0.06410264120361837,1.5839903676910252,0.5930308256673178
YHAA_at,71.0,8.99545067506277,0.42908607539154714,7.93767674849733,8.743798627513549,9.00490059928065,9.34085623546385,9.88184003410307,0.04770034219420063,1.2173446190542858,-0.12904230432829733
YHAG_at,71.0,8.559744968155288,0.5579597439834535,7.33930755947692,8.146009551305784,8.52832699085467,8.97179935648482,9.6411180530519,0.06518415514238148,1.3525524124702333,-0.5662940403857295
YHAH_at,71.0,10.123267554385043,0.6810020225482587,8.37133439397179,9.90133141626311,10.2597967173844,10.5966663142362,11.1239709466122,0.06727096946610608,2.304466301502801,0.4499972409138011
YHAI_at,71.0,7.392114138246274,0.22928361899539615,6.95346886077648,7.23543752389421,7.35546539408781,7.544751546924475,8.06570518241531,0.031017326668307105,0.6987803316378517,0.09395018283239276
YHAJ_at,71.0,7.105862991604656,0.2699861361305246,6.48301419060939,6.90263984928989,7.129171045797,7.284209591649095,7.84288377868011,0.03799484122470477,0.7708157723135706,-0.11003015506833691
YHAK_at,71.0,7.283494575998262,0.33181634069993426,6.63031845601951,7.0391848200640155,7.24325087830677,7.446203269064095,8.23314707036709,0.04555729907363268,1.0803625788860456,0.31443680288007236
YHAL_at,71.0,8.26784976486323,0.3247952921203418,7.5650350295881,8.060025214450391,8.25755158562236,8.50445292956265,9.1738770814474,0.039284130863221446,0.9857019638447547,0.08036838821850223
YHAM_at,71.0,8.27332737388233,0.3214951481635949,7.77633199119865,8.066887093684144,8.19441484838841,8.402273153480184,9.27546130135097,0.03885923203988126,1.3105563690783955,1.183240524442473
YHAN_at,71.0,7.158492710814191,0.201233472740914,6.72927612041176,7.02311854148955,7.14645936860439,7.271444960797496,7.81401597653683,0.028111151449091317,0.7634432517193803,0.8839918616009488
YHAO_at,71.0,7.943720560133512,0.23705823785042474,7.33882737650903,7.816716623725425,7.95303909520184,8.097998183079639,8.43904864656955,0.0298422176429681,0.6539866290194402,-0.21195302071492517
YHAP_at,71.0,6.373032388910109,0.20918752067029994,5.88328441599962,6.278871072018346,6.39316529389867,6.50836079705379,6.76261416254669,0.03282385964871495,0.5793679111436236,-0.20046377815141803
YHAQ_at,71.0,6.957830416806017,0.2590065009276611,6.29533090192201,6.79596240924109,6.96266658518118,7.123793693147315,7.49435037804255,0.03722518161725443,0.7574431689009696,-0.03655016644657394
YHAR_at,71.0,8.517270081499582,0.45144647684789335,7.25823530663173,8.18202908425563,8.52192165549963,8.847961404219344,9.4501200880897,0.053003658746067384,1.2324750343363224,-0.24234275384484016
YHAS_at,71.0,8.40412567551559,0.41987063029373967,7.11592498057771,8.231280943244455,8.4828249352353,8.676673364718884,9.11747336779285,0.049960060868316405,1.5957636380099285,0.8911807521434776
YHAT_at,71.0,7.665653974365937,0.32618083341374016,6.62610288987416,7.475631264461785,7.68943352524916,7.907706892714396,8.34606258492997,0.04255094666475865,1.1076994168908976,0.46273766646893577
YHAU_at,71.0,7.511954623501341,0.3734751700720424,6.26803993326175,7.32298384424681,7.57667612166081,7.765489246094274,8.20776218809443,0.0497174422358218,1.5553667274848686,1.2765615597306468
YHAV_at,71.0,7.741726118244487,0.25861598706611716,7.16701072333899,7.54998045452982,7.75181987901669,7.924252903169645,8.31523933574573,0.03340546838212883,0.6472795587744602,-0.48290547576499065
YHAX_at,71.0,8.153356133329643,0.2303145084407118,7.36956907165471,8.000138379689565,8.16391833129627,8.293248012082135,8.71931937943685,0.028247816564668647,0.9156442368270558,1.0764935147836283
YHAY_at,71.0,7.67649222303852,0.8549900940160193,6.29253704407651,6.98635730366455,7.62698242521284,8.117466868120701,10.7130452976148,0.11137770601135266,3.5206524675282886,1.2269993235208094
YHAZ_at,71.0,7.423086047228582,0.40875553327297015,6.29003028504299,7.18210245730182,7.43595358684571,7.675236575495205,8.31529336173461,0.05506544457012991,1.4125888629039967,0.5261197914393576
YHBA_at,71.0,6.784392070344393,0.24820366214561304,6.34435316516126,6.571910120897035,6.78519513422826,6.927465806109476,7.47139801374977,0.03658451038384838,0.7083841551405495,-0.11106346120236221
YHBB_at,71.0,7.85129940705358,0.3701639633284981,7.12162145229572,7.593843631616555,7.80281344032046,8.21674504739703,8.79323402800342,0.04714684081413888,0.8680809698042569,-0.6499182107001755
YHBD_at,71.0,6.864882169860739,0.22113109325283195,6.45882069608543,6.699415343993655,6.84813887888203,6.996979135938124,7.52684921172569,0.03221192844702793,0.7100192809361909,0.2667336448280664
YHBE_at,71.0,7.880335611296471,0.26043578181415666,7.10090132518411,7.706329652613276,7.85807187047402,8.060133054904714,8.58302819240926,0.03304881856057268,0.9335800205899158,0.6625556019687275
YHBF_at,71.0,8.42670722525726,0.22406065605572625,7.96046341771159,8.305823479461536,8.39650973011989,8.535090938642865,9.20975951720617,0.026589348611062713,0.979407099791484,1.4953047614111679
YHBH_at,71.0,7.771485597958755,0.29144168606015414,7.19664293211802,7.552909761581825,7.79776133764201,7.927277228723155,8.57589140195956,0.0375014123601675,0.9782583051002885,0.4210734114279542
YHBI_at,71.0,7.019200743284874,0.3014185723253229,6.3946904620582,6.792288413397564,7.03784008152567,7.219070370334199,7.63598420841486,0.04294200769420704,0.688146875737883,-0.7156691408699283
YHBJ_at,71.0,7.31091607067524,0.43267575151630805,6.57928942518255,6.914592496679405,7.30933092304353,7.640740860772965,8.21078082138022,0.05918215273347351,0.8890234021190094,-0.9574165224761297
YHCA_at,71.0,6.771331207026458,0.4837352102338783,5.72465188940789,6.430240338512,6.85423091533282,7.137667697810685,7.68615352331438,0.07143871647157314,1.0511281221370963,-0.8322311576194483
YHCB_at,71.0,8.447684968816604,0.27786508859759756,7.86851576454718,8.216455905603844,8.43295468601689,8.662862151519246,9.11376162833318,0.032892453923565566,0.626676576683159,-0.7449992618378789
YHCC_at,71.0,7.128527218575974,0.2963051721976898,6.439845308055,6.8950048292891,7.11198969932027,7.330726568420905,7.87477280691105,0.041566113604161986,0.7850171004843288,-0.3277946630170021
YHCD_at,71.0,4.428280258134746,0.2720613357081062,3.92285725440192,4.227828611775175,4.37363915840586,4.6330548565099345,5.11733841891169,0.06143724422326926,0.719664838900995,-0.33216043872042
YHCE_at,71.0,5.9709798942024905,0.4322652112550085,5.15560742877937,5.64873546799441,5.93538192005214,6.261701780196825,6.98546128542435,0.07239435049424893,0.9876371324669696,-0.7137982605087592
YHCF_at,71.0,6.436486986533638,0.2494956253676637,5.90976681484574,6.29862228085121,6.42851472467362,6.582084346224995,7.00264704561844,0.03876270174858681,0.7204772313837388,-0.0753906404809288
YHCG_at,71.0,7.643967962313887,0.4106660618925383,6.80946199733268,7.279720130909185,7.6366774029772,7.96334800595005,8.62497661522415,0.0537241997765028,0.8578691383940478,-0.9211415971110708
YHCH_at,71.0,7.692722482004912,0.3908069444817311,6.8332818039818,7.4053063221845,7.74202271204289,7.95006799709552,8.51929282022137,0.0508021633948086,0.998678607530997,-0.4272461196664237
YHCI_at,71.0,7.262785811710589,0.28987519024626973,6.50243848721528,7.04816110088292,7.29282345932334,7.44531991333709,7.9606215687193,0.03991239694538039,0.8147956686948931,-0.15679824554727828
YHCJ_at,71.0,7.722769665332366,0.2926727882186682,7.19868928857653,7.49134434326515,7.7194374335166,7.93515262431761,8.40292006466867,0.03789738667624401,0.7020131919925479,-0.593268391419175
YHCK_at,71.0,7.420333883410206,0.3028873609501061,6.56878389419307,7.25677542374039,7.42756585019458,7.61820800697307,8.24613871687119,0.04081856230583878,1.1077634348590673,0.7394901234420823
YHCL_at,71.0,7.772719203237738,0.3183143232724308,6.79131307913334,7.609096890789725,7.7616597276273,7.914302674306835,8.43985773767046,0.04095276246951472,1.1944504726966525,0.8401630500183117
YHCM_at,71.0,8.380030952479855,0.4925686908403435,7.35706891176521,8.029056395391905,8.39250812304645,8.633227091529196,10.0140126299052,0.05877886294615421,1.9262864383394798,1.0077446768904368
YHCN_at,71.0,6.161841624387688,0.4644741371937762,5.14171617758401,5.918919378752236,6.12396158421777,6.448341502885615,7.38350536107899,0.07537910993288986,1.4027814373012613,0.06481326286667288
YHCO_at,71.0,6.128041274143527,0.5012673631730827,4.90577665341311,5.753333473504455,6.11813708357711,6.433970549063905,7.36640480609208,0.08179895349075327,1.6106526057242416,0.2691778555359252
YHCP_at,71.0,7.780699935933421,0.37141817213765954,6.99036046178302,7.53837754997509,7.77969441388114,8.077533252763729,8.70883475413731,0.047735830348931446,0.9831461254002156,-0.3302801056332463
YHCQ_at,71.0,6.9660836060812565,0.2851971095925,6.38150536188527,6.738454123316405,6.96024728146422,7.169533677118535,7.67019214815548,0.04094081060748803,0.7539911527280065,-0.3337228164740691
YHCR_at,71.0,8.346367718710965,0.2345916201863032,7.70420292851601,8.19219207839446,8.34133693221267,8.49154344157678,8.86288923521629,0.028107031476745686,0.7439089258045192,0.22462238093340492
YHCS_at,71.0,7.860557757749585,0.2747142085898952,7.34858510695163,7.62825766198083,7.8310308948899,8.039174151721674,8.45841049813821,0.034948437128276215,0.6487701065934381,-0.6324552871954001
YHCT_at,71.0,7.052283509016787,0.24211990146883813,6.63209693950034,6.911830063497645,7.01639944520358,7.214522632582375,7.75823290241597,0.03433212819071619,0.7633082963822166,0.20505952009349349
YHCU_at,71.0,7.023773370257793,0.4702928920750045,6.14939546097199,6.599674577956495,7.07395017817275,7.36109536495088,8.04312361694475,0.06695729877425464,1.0330295575936,-0.8072161555594035
YHCV_at,71.0,7.596897587468468,0.3590971837928443,6.88929861440907,7.339043353861385,7.555311571938,7.7728207118081905,8.4327436891742,0.04726892519720107,1.022533927717916,-0.11797847831773645
YHCW_at,71.0,7.674159907502879,0.24286133009009753,7.02196396132267,7.50113511743012,7.65348736341616,7.798125866819365,8.25824531288581,0.031646634031258156,0.7451866514485307,0.11586231764734789
YHCX_at,71.0,8.786424769655822,0.40383493046495567,7.95807211488931,8.514863645248395,8.79165846254165,9.05150792600825,9.54176984818482,0.045961234637734744,0.9515221003411253,-0.6381759739697839
YHCY_at,71.0,8.01929333252624,0.2137709577073632,7.47884100462283,7.914277996045405,8.01826349486696,8.182536785119964,8.48050122279733,0.026657081720693337,0.5720826404160447,-0.2994242555525122
YHCZ_at,71.0,8.511033690521966,0.26102815045170935,7.93391301583873,8.318913601405896,8.48505926332478,8.667917497224394,9.14519983523599,0.0306693828203729,0.7545852668481475,-0.0721246236194042
YHDA_at,71.0,7.52667322775816,0.22341012307829616,6.90097863263435,7.42664489875761,7.51106472821503,7.66074022911478,8.06134187010378,0.029682452833791947,0.73903691783008,0.36957804375483017
YHDB_at,71.0,6.024495999994909,0.5003299082859571,4.76469051334889,5.709094044081275,6.07177032350567,6.38510753687741,6.84489650886163,0.08304925562011825,1.4715581354331968,-0.018806361486092715
YHDC_at,71.0,6.697838875738002,0.3022789170960686,6.06992519254857,6.511945296851145,6.65886924268408,6.94543352252649,7.28238678773302,0.0451308134913535,0.735825451092294,-0.5555406524646491
YHDE_at,71.0,8.020903158231237,0.3398939358819692,7.32896573035016,7.800286203099089,8.00389211201259,8.216603422431005,9.60006188266178,0.04237601790930017,2.7317775471892216,5.376928088181602
YHDF_at,71.0,8.047916696577918,0.3992912615351261,7.64786411884407,7.86818163785715,7.96112532749931,8.118885893429495,10.0730431290199,0.0496142388880479,7.18409389934516,15.91748132659126
YHDG_at,71.0,8.441776300709067,0.6572513558550597,7.19121045963007,7.991289709777725,8.37605175482531,8.827786493775625,9.88639294193162,0.07785699744257069,1.568051958596719,-0.6068806741726638
YHDH_at,71.0,8.456984630835642,0.23397799856804652,7.68337869571546,8.33185721908199,8.45541744000798,8.585289021005874,9.10528388460541,0.027666835022369784,1.084581741762394,1.7750788364896195
YHDI_at,71.0,7.010139766781404,0.29440105971800545,6.41368322963345,6.81607618439638,6.98177311950033,7.17972677952541,7.74867108065502,0.04199646077144837,0.8909186196212892,0.07122710767857132
YHDJ_at,71.0,6.866746199486404,0.3028474650340198,5.94874570424178,6.678363362270645,6.83837344472136,7.05178449728529,7.90230494483851,0.04410348893580357,1.3765582932852558,1.6797681504992594
YHDK_at,71.0,7.596697627250506,0.30588347967252105,6.38908624508934,7.521347341211955,7.64604945134957,7.766547286045675,8.18565372990824,0.04026532247055229,2.455393502058638,5.366415410272859
YHDL_at,71.0,7.7997350779148285,0.27323088653579297,6.87994889568805,7.632031693748274,7.79732350949553,7.984241149695645,8.38739427605287,0.03503079063665303,1.0060772862448282,0.7657554188676068
YHDN_at,71.0,7.371742213638128,0.32357716857576724,6.5773619939184,7.193262072166175,7.37042084483639,7.536102846804225,8.78689281486815,0.04389425989111932,2.4382421667002325,4.845531583543694
YHDO_at,71.0,7.027582299370096,0.28399597710790536,5.88491257023518,6.918317368032965,7.05132849486919,7.175420525665444,7.78329074459047,0.04041161881994051,1.8907148796425495,3.9161687993562238
YHDP_at,71.0,9.015442639008638,0.6596016471775116,7.6290937026697,8.529768793573279,9.00782430145624,9.438523348521715,10.520016098144,0.07316353434755402,1.588587724494219,-0.5829167348823994
YHDQ_at,71.0,10.28936089158585,0.6099011028198036,8.9470801802008,9.993232924246335,10.3320854375682,10.71556743264525,11.4028057929599,0.05927492574573331,1.5533497256127933,-0.4362875152577397
YHDR_at,71.0,8.34632771066167,0.31045170664622007,7.71008608178353,8.113581246311146,8.3451791742635,8.572016311658441,8.93506728850529,0.037196203816637394,0.7382715810046213,-0.6150505530770993
YHDS_r_at,71.0,6.048853240792608,0.399748016367461,5.10852370994087,5.813397523422225,6.03078297335767,6.2945305690541495,7.24378844242411,0.06608657880333699,1.3916709980187967,0.5531647955447614
YHDT_at,71.0,10.24830725969857,0.6481182175827817,8.99431892483138,9.828996426078225,10.2273450420801,10.75480155478565,11.8547427584122,0.06324148965863895,1.6895438877606994,-0.37280325413332127
YHDU_at,71.0,7.3506155465296725,0.3190722110645026,6.50990992948148,7.16249143945894,7.35009424009096,7.499414993338115,8.31947977010747,0.04340754989085792,1.3956631674225353,1.498438895899251
YHDV_at,71.0,7.394984811156354,0.25740417889551276,6.86113020488659,7.195560167590354,7.42129818253829,7.590951582793865,8.02264156632461,0.03480793882188684,0.6300312839202684,-0.541379593871318
YHDW_at,71.0,8.209528193187557,0.2254916129361432,7.67865944672775,8.063289289113523,8.21034253693124,8.32884251718412,8.86808507139842,0.027467061155019967,0.7940767599768239,0.5956925078463966
YHDX_r_at,71.0,10.83436877278534,1.1339440109735264,8.12168469388496,9.95961145433327,11.2527680483983,11.8611333505031,12.6816709014914,0.10466175139080187,2.6216365730724167,-0.6850315265918479
YHDY_at,71.0,6.878143999592103,0.23561528556008798,6.46991938761402,6.692219461826075,6.84069422180651,7.0318169182322805,7.52514868971102,0.034255648845685806,0.6361521256381418,-0.27420989604000257
YHDZ_at,71.0,8.508534780729315,0.2217322117725637,8.08026457726517,8.3359898353991,8.46889533418584,8.692165163987394,9.00282270054788,0.026059975952000252,0.5025589503612065,-0.733154986164557
YHEA_at,71.0,8.03364932536796,0.7429404653519595,5.91155146189986,7.55907651907327,7.95608439952859,8.670587363004504,9.61664433158678,0.09247857794912288,2.2437521290600695,0.0647572356373658
YHEB_at,71.0,7.006164185147732,0.24186927021476487,6.52769880459268,6.83679584040533,6.95785350976335,7.12584042292502,7.68308391092467,0.03452235257739179,0.7760004306278261,0.26408045518673084
YHEC_at,71.0,6.3374496230181485,0.3681908144873653,5.49179993853548,6.051209795089115,6.36524523188696,6.606715349474025,6.99579133356486,0.05809763175869129,0.8024001622346649,-0.8254926876455349
YHED_at,71.0,6.778048504662752,0.3850753034772695,5.74657078590154,6.481152648499849,6.83382264088835,7.056997539053681,7.47944680316757,0.05681211977346705,1.0280346431606444,-0.3062536105496023
YHEE_at,71.0,7.016565611191431,0.5399791438435624,5.81920971389803,6.64033413508678,6.8849868237964,7.42821432847165,8.31753439160084,0.0769577559400706,1.463973948323528,-0.26234430215260796
YHEF_at,71.0,6.720245346642684,0.8557609207603862,4.69902294941977,6.0629041902132705,6.68456603976506,7.2519149921259505,8.58592515792318,0.12734072591381046,2.3131412484968807,-0.2709682253710284
YHEG_at,71.0,7.911210707991919,0.22169147295646668,7.34704035885931,7.777347973198371,7.9225792240401,8.025996884677555,8.53577015178603,0.028022445759473144,0.8360835203663741,0.8602370562974655
YHEH_at,71.0,7.3659385916888995,0.2828125962537717,6.6114514481824,7.1660691851680145,7.3550748557837,7.58513482648322,7.96334141447626,0.03839464485529019,0.7691980214831741,-0.25318791019419695
YHEI_at,71.0,6.834288040180054,0.32024369988436885,6.22056773097282,6.600393270966865,6.80517133385372,7.07136930993662,7.6512587575641,0.046858384955623236,0.8852678966350501,-0.2060261477703098
YHEJ_at,71.0,6.149159022544306,0.32890002693634557,5.3145196835517,5.98207554459255,6.11336664407499,6.387616470074805,7.04201517806368,0.05348699321818129,1.067059846405554,0.30217939696911955
YHEK_at,71.0,9.446658541550514,0.47284057342699193,8.69975653575193,9.196703998079876,9.36132188890455,9.58931610549564,12.1626411455029,0.05005373819189435,8.303282366276745,15.460400953257812
YHEL_at,71.0,6.778956945930819,0.28989804968507266,5.97622509070636,6.580803632724756,6.81066502157138,6.9715706988674455,7.50257977104197,0.04276440343216647,0.9157606471448558,0.2117315214482356
YHEM_at,71.0,10.046076559687005,0.5637198078838046,8.58171548966079,9.66140321131935,10.0673063850377,10.41571213885385,11.16263295916,0.05611342941043322,1.6643071844321375,-0.0069577577076347374
YHEN_at,71.0,7.486454802650097,0.25400890416505184,7.00392459520042,7.30094195580637,7.47001146488245,7.69750473325916,8.16183101867427,0.033929130791671425,0.6300645369440862,-0.5065995284312645
YHFA_at,71.0,7.58570953677279,0.34879219363918973,6.98670204232458,7.320438365634865,7.54405294650548,7.789928759708385,8.42833179839188,0.0459801673064821,0.9462666273725028,-0.2604241092949642
YHFB_at,71.0,6.804480874300446,0.36727343970654003,6.10526826556476,6.501207106580155,6.78086473194929,7.1174402464028255,7.66785738498255,0.053975232863638346,0.7878221395659817,-0.8617564355721448
YHFC_at,71.0,6.652805128063615,0.39110377863825274,5.87135119112774,6.343006646499125,6.63204116069019,6.90192823652062,7.57949641835164,0.05878780020001707,1.0350119097536679,-0.3309356275192519
YHFD_at,71.0,7.6997469389798106,0.7438009296494423,5.92594938546582,7.170906570059476,7.89176395570148,8.294022584319428,9.09427021584839,0.09660069811956616,1.7036843565864725,-0.7077451791876683
YHFE_at,71.0,8.734826286439576,0.34085699358548766,8.12810894812434,8.429677187100776,8.74751139482993,8.932504861992165,9.53561310329122,0.03902275585201423,0.7844523949490954,-0.6962030899250213
YHFF_at,71.0,9.013379590001517,0.3151777358739579,8.1738205073959,8.79759542373067,9.00830318762378,9.234338628513271,9.76527859991393,0.034967764613351306,0.9878270970725186,0.18556242546484336
YHFH_r_at,71.0,8.916186013915995,1.2055097204630798,6.81002663748898,8.024627427453115,8.74173672235195,9.64509140262623,12.0459624854332,0.135204640031239,3.0326928724125546,-0.46931694069504415
YHFI_at,71.0,8.055180751793289,0.27859259928032126,7.48494973187162,7.847607006042169,8.03073621878394,8.176469797784796,9.13553445956056,0.034585518049151096,1.5211037393517393,2.6481390955880704
YHFJ_at,71.0,7.9031185325686195,0.3273309759007597,7.28241195639584,7.685932344137845,7.8376064907179,8.09591326374421,8.63241396772119,0.04141795097110517,0.8180021315926977,-0.48698578412334026
YHFK_at,71.0,9.093515058352404,0.6022971663895761,7.59648699144964,8.825777001672385,9.20921364411951,9.51297569708149,10.0619887542185,0.06623370198704026,1.807380180795787,0.044337351089469124
YHFL_at,71.0,7.810189903544376,0.3686838778496137,6.91611088487669,7.528732012870336,7.81973802214527,8.084578794614675,8.62575927086182,0.047205494668228196,0.8802231287379966,-0.60507880623152
YHFM_at,71.0,6.622392851247244,0.3772335764542398,5.73612463133454,6.373480276567101,6.58991114257955,6.8947703595331795,7.42720721845054,0.05696333408900571,0.9812476217420648,-0.3788152473574091
YHFN_at,71.0,8.101809498412088,0.21213399780821596,7.5869149567085,7.95745323782696,8.07907112319357,8.262911821639523,8.6564153837911,0.026183533178581044,0.6405274965483401,0.06406986722761854
YHFO_at,71.0,6.413955021713933,0.34657941408839427,5.58370644322144,6.180278920494315,6.47260600509672,6.642894297579885,7.16893516880032,0.05403521117860623,0.9080275506328979,-0.35890680213879955
YHFP_at,71.0,9.799367549396855,0.35712411281420525,8.9456149544786,9.590884178431846,9.80521979575538,9.99224493097085,10.5817514934647,0.03644358791666979,1.007119551539291,-0.14702235267739638
YHFQ_at,71.0,8.065169366306886,0.23300479151676692,7.44606160677312,7.919324764253975,8.04024946064095,8.24485840791548,8.57365413182159,0.02889025399642189,0.6850525198370788,-0.01996738841668222
YHFR_at,71.0,10.024038660158833,0.49344829596793616,8.9306621371132,9.616403089474279,10.0216659513887,10.39348586454075,11.1774643931454,0.04922649569670727,1.2329398076047922,-0.48739462380167353
YHFS_at,71.0,7.941760353588897,0.3973521045436885,6.91942060407617,7.688926958028835,7.94985060346974,8.170428466459196,8.86142389047641,0.05003325293794899,1.2910894350703745,0.3073716641559292
YHFT_at,71.0,8.605575554888418,0.4197999422692812,7.36255237210375,8.370444103419771,8.5687554968535,8.823344498844666,9.72337776307874,0.048782320205278173,1.543308091447804,0.7595544689087412
YHFU_at,71.0,8.007423806912817,0.38191060250772557,6.79863229413504,7.754657779377815,8.01174471007012,8.21090563618317,8.98253084620815,0.04769456590745475,1.4513784931939226,0.8908647967496757
YHFV_at,71.0,6.596445692646136,0.5585561471557214,5.13327014720373,6.20051767728249,6.64273618781915,7.001680494501709,7.70280171383658,0.08467531958588126,1.5374940070045306,-0.21845125707988533
YHFW_at,71.0,7.59396671380875,0.4334947321245174,6.64236069147857,7.283583299195815,7.58929874942715,7.92985893127687,8.45054576506598,0.05708409694978744,1.053241479406663,-0.5604192880516061
YHGB_at,71.0,7.781501359201746,0.26309991378883835,7.22883804064314,7.59223698996731,7.80289941696542,7.945571639002194,8.64352379723609,0.03381094491202763,0.9221132474377264,0.5779750732278393
YHGC_at,71.0,8.709547616183933,0.5011299177822587,7.70172103233954,8.400135960262055,8.71681258926071,8.97616667461203,9.69960559973412,0.057537996215907654,1.2028630563240994,-0.5914962771349104
YHGD_at,71.0,7.1857595536786585,0.25593720460762254,6.68137291328658,6.997120590947031,7.1992588743985,7.386572169154469,7.85411742775858,0.0356172792445579,0.6458335453877689,-0.46115040040414756
YHGE_at,71.0,7.2005850212564955,0.3415674134789808,6.46403487947388,6.9331169017901395,7.13872691156575,7.4348420542751,7.97435079235749,0.047436064218484515,0.8544572623294366,-0.484263500993531
YHJA_at,71.0,8.158294908915051,0.24964045517915728,7.58543711179186,8.031536189649955,8.13708415675998,8.23470814660028,9.1858806705176,0.03059958704193941,1.6662902958796264,3.9344013402257856
YHJB_at,71.0,7.6938159253381775,0.36958628376069536,6.82019310281554,7.389118024990726,7.6487797470913,7.93622340566894,8.50825231175249,0.04803679829972672,0.8935597707516529,-0.5730431307114503
YHJC_at,71.0,7.313231077080541,0.4415034082269846,6.44991902656674,7.018135681555185,7.35305852699189,7.6281662858814645,8.24480429679432,0.060370498836095,1.0723263576920288,-0.5613148327516786
YHJD_at,71.0,7.130114520835937,0.2940259293729281,6.47585424819823,6.9181003090247355,7.14273062385113,7.369743437723574,7.70143014730027,0.04123719591231143,0.6756189375918763,-0.7000054490855896
YHJE_at,71.0,8.074118886340871,0.48121662942137355,7.15134045476941,7.680637600324776,8.00901720491385,8.383873366323254,9.12351050861242,0.0595998939569067,1.1010938022937766,-0.7102497314583944
YHJG_at,71.0,7.719544081551543,0.43376505744318083,6.82162231836215,7.440666209293624,7.67288715577913,7.924814346015355,8.8930045688677,0.05619050203752433,1.3715421889612072,0.2149517182269025
YHJH_at,71.0,7.547820186982624,0.30930051899716027,6.72386631977681,7.330750126805665,7.5526006178307,7.74299550898686,8.35780278482799,0.04097878742932914,0.9907063136763793,0.25847678189552425
YHJJ_at,71.0,5.365931316881556,0.29895583991459096,4.8246009647069,5.126563164757405,5.33417856288808,5.5352225578304,6.29224674862244,0.055713691111561034,0.9690708070683863,0.2992034527307448
YHJK_at,71.0,6.429565089056483,0.5370915842050101,5.34560806267172,6.098327797617856,6.45929011104633,6.815184318895501,7.5956224496446,0.08353466786099936,1.3366303829264734,-0.49795625309166613
YHJL_at,71.0,6.1100514240129264,0.5476611720539594,5.12063710973302,5.690286630288645,6.10921238362782,6.48345490795859,7.41588558353168,0.0896328253313242,1.430887982789354,-0.3665777238841623
YHJM_at,71.0,6.154595224726689,0.38237260065330136,5.36217139679436,5.9179258198923606,6.1471058081675,6.36085973595826,7.07454384288658,0.0621279851381748,1.083273475597835,-0.1333123220751995
YHJN_at,71.0,7.9579387129530055,0.330178522678181,7.03877121672805,7.757652671704925,7.97984197743996,8.122153971940076,8.72713226304301,0.0414904580932189,1.1609355897928082,0.5899206853690635
YHJO_at,71.0,8.222190840213386,0.3426056181617975,7.61627915000554,8.019905666178339,8.16409694574977,8.3726243075421,9.53262793579792,0.04166840989461953,1.7508321365230795,2.2779588185825803
YHJP_at,71.0,7.246887637713797,0.22622646331988958,6.83033041114969,7.068111840149616,7.24354632349219,7.4097525628673395,7.74292712315461,0.03121705132318818,0.5062072872081309,-0.7637549773666992
YHJQ_at,71.0,6.976695488313644,0.23076574449097367,6.39640074920487,6.808329550135565,7.00264455925797,7.10834318225391,7.50385635789479,0.03307665425236335,0.6426123732153356,-0.18449101252631728
YHJR_at,71.0,7.017686408706999,0.26652578673177424,6.42718849044704,6.829693309069841,7.01174703318176,7.238186846209695,7.66082345263976,0.037979153129596925,0.7198067772023454,-0.2734252975574467
YHXA_at,71.0,9.272381174055004,0.23081108109705478,8.67114487929775,9.121099557978244,9.26683129562471,9.429560629259829,9.78573152990799,0.024892320188786666,0.727474957083989,0.2042287365330533
YHXB_at,71.0,7.761982673741382,0.6329441416215887,6.55553033565107,7.3714376850813,7.66499549772201,8.18847983660449,9.08281525652717,0.08154413224379191,1.5134149525705265,-0.6012691370067036
YHXC_at,71.0,7.416741601892052,0.3234125048130377,6.61014928989248,7.20048338001881,7.44621538965497,7.62016307106554,8.1983266209214,0.043605739848147515,0.9393011192438147,-0.05780472188615482
YHXD_at,71.0,7.349201812575605,0.4234900806425094,6.72860299889456,7.1064273997218095,7.2471201564283,7.4952043507436805,9.29267626833772,0.057623955831210584,4.446744301841692,7.984900892055897
YHZA_at,71.0,9.846734336740399,1.6145488073540752,7.46268805865305,8.19864498626486,9.98980864483553,11.2941543983824,12.1843511796223,0.16396794634032397,2.234988455312471,-1.6672835462687656
YHZB_at,71.0,6.499365725148506,0.2564161504856456,5.73218768825963,6.343785749234225,6.49644393577298,6.719251897779545,6.87294889646968,0.03945248833951203,0.8386223639592886,0.3299451263369755
YHZC_at,71.0,9.108634819899336,0.8081279033754553,7.35440484522603,8.62336203395622,9.10201514011204,9.592886506673675,10.9382527155619,0.08872107833436957,2.210869875528113,-0.23627135671359145
YIRY_at,71.0,8.695800764922716,0.4143835014639132,7.85807157859025,8.39758097857153,8.58164035968411,8.950732574076724,9.77956857344966,0.0476532883705732,1.2216866167550906,-0.011365788620937511
YISB_at,71.0,9.371263312593536,0.35973106369009783,8.57082361869558,9.10368675884329,9.35136887117606,9.63545772387377,10.2045772533821,0.038386613596341344,0.8716073909427834,-0.5675246569549754
YISC_at,71.0,7.339824793856481,0.3087595832220091,6.6971584438201,7.135482581238655,7.30497585841347,7.487451602692779,8.08525512221318,0.042066342439187984,0.8944918455034325,-0.06552798179760355
YISD_at,71.0,7.985839798915099,0.2922814147161307,7.44150333012492,7.78402614846407,7.96698911360597,8.131461446136576,8.77054961788245,0.03659995968812674,0.8955038903293113,0.1110750064445245
YISE_at,71.0,7.79901887675405,0.34748439833168876,7.16477560730496,7.579333989069305,7.73311228024837,7.93250789602406,8.85085063785645,0.044554886175158445,1.3342945181882153,0.9327511644449578
YISF_at,71.0,8.056845920804623,0.31233859140510045,7.51868918813262,7.80775138645519,8.03194147668657,8.299602722456715,8.67344779192143,0.03876685671728817,0.6590841483715685,-0.8987061284726146
YISG_at,71.0,8.689941257147431,0.39027760385353877,7.89117838520287,8.456316456804615,8.66920106637415,8.864900548349699,9.77203783266789,0.044911420262195384,1.1770191269155936,0.060261740612023385
YISH_at,71.0,7.710105764668625,0.2181476619497397,7.28878425752067,7.546278083180975,7.68244620496065,7.869570407337515,8.18206426445271,0.028293731449106203,0.5012190074937781,-0.7002251192299136
YISI_at,71.0,7.619217090622634,0.3715880229387071,6.73411131597656,7.350853050554305,7.58098239091949,7.899044362409089,8.43725581310764,0.048769843216049026,0.9487286052035608,-0.4296324013079622
YISJ_at,71.0,6.916947058143775,0.4028099958463688,5.98819668038684,6.58233948087833,6.87672037200249,7.238203641311845,7.93462781699913,0.05823522899052902,0.9925252279563574,-0.5240474756203368
YISK_at,71.0,7.639365524632118,0.32538927510966026,6.88664204479887,7.461561200173685,7.571739862033,7.77003269071868,8.50541618323435,0.042593756518193276,1.0375146565191293,0.24310213690878069
YISL_at,71.0,9.017200884662847,0.3093305550804861,8.07911437194388,8.82278330223282,9.04003766739805,9.271877120872361,9.60199761664412,0.0343044985951926,0.9437751764345315,0.0975044563212597
YISN_at,71.0,8.08630211407248,0.2626416343344164,7.21870650578965,7.929968469812994,8.08621412647803,8.271464649724319,8.85740046173606,0.0324798196541958,1.1606497693660693,1.546095542025034
YISO_at,71.0,6.620042287217916,0.2682470551534312,5.84223847359147,6.465739762692365,6.60117014449107,6.75572149005814,7.63547203409618,0.04052044435899858,1.442052048108821,2.559068814929778
YISP_at,71.0,6.897010882388112,0.37385342831340845,5.95039930193859,6.6450811263333005,6.89550967238586,7.089047781225605,8.0182198672261,0.05420513823866268,1.3063668305957579,0.5668853078830467
YISQ_at,71.0,7.004504765635351,0.38674145333512366,5.9966946864869,6.827581334348545,7.04428530775986,7.26345983642052,7.78265416358798,0.055213247228056365,1.219994722718287,0.20711798931385816
YISR_at,71.0,6.647612707551149,0.2810559795414774,5.92393803451367,6.427806050863285,6.64588771784533,6.82771050023668,7.22685309197616,0.0422792349533571,0.7401051560412075,-0.34479065048324475
YISS_at,71.0,7.862352167635804,0.3440027545068494,7.18906890405457,7.627168353763335,7.79279600081812,8.06374646313864,8.73612099813159,0.043753160272174685,0.993910051633751,-0.07378615822523216
YIST_at,71.0,8.790654054911213,0.3094808517980657,8.16616817976589,8.54403330671601,8.77322760101368,8.994734377232625,9.61290999694884,0.0352056684138495,0.9117831007037984,-0.013518553346498763
YISU_at,71.0,8.518003521774522,0.23374468355190015,8.02347541061105,8.37313854060063,8.4692358226621,8.680081160390074,9.15658707747777,0.02744125227870357,0.7501488128455822,0.2650537865893967
YISW_at,71.0,7.910878971253073,0.3143770251080576,7.17238226875266,7.703771564314395,7.87854130457191,8.09316390489531,8.7991749844664,0.03973983501080673,1.0895406214539374,0.5365864080676883
YISX_at,71.0,7.684264174478599,0.21640361742010109,7.07396927522868,7.56302539664752,7.70786142732777,7.84748254144741,8.08983516482141,0.02816191798023195,0.6580037360190201,0.08650024139883739
YISY_at,71.0,7.056070123210305,0.2978489706328432,6.41037724805906,6.82690363474343,7.00748021059283,7.24039928398553,7.7794083243866,0.042211736197617415,0.7931978885044715,-0.31325255776434124
YISZ_at,71.0,7.53646786932406,0.2983387505333319,6.83243720827689,7.327142618095605,7.54120411963271,7.70836111890232,8.1840561221558,0.03958601770833128,0.8205430744628602,-0.2208318635171742
YITA_at,71.0,6.984842679868775,0.34801007646372356,5.96438292841272,6.7534838089563145,6.92468242579257,7.2301314966624854,7.74244970650337,0.049823609838305145,1.0453297852464571,0.04743217028317748
YITB_at,71.0,8.409909811463658,0.4282500203593829,7.24968820215949,8.08373172463752,8.39633655586053,8.690113407707255,9.40043013656073,0.05092207050492144,1.212182560609314,-0.13594070775656908
YITC_at,71.0,8.30526233807971,0.4472744974405191,7.49583913066828,7.967261931483355,8.32039057392207,8.61109563620636,9.25438455980785,0.05385434911426712,0.9597639626703405,-0.8609632441695125
YITD_at,71.0,7.436628854331368,0.32563384616464436,6.72316887841426,7.197284851708865,7.46347986367907,7.6450094201568355,8.06770033584118,0.04378783082269638,0.7343607872386181,-0.7451616710510511
YITE_at,71.0,7.6081019648107775,0.41050707399299113,6.71461799452837,7.335381585151881,7.53008874070787,7.801292604169235,9.01997790053703,0.053956568391391284,1.715857501777056,1.2927299344393264
YITF_at,71.0,8.150109989862713,0.37249474583432546,7.34692955250519,7.928944832288425,8.15079545360893,8.381537227338015,9.23141064038492,0.04570425997902392,1.1808726072915297,0.22366092968236417
YITG_at,71.0,7.062522606177808,0.2973443017407482,6.39333831054863,6.84625925952002,7.02319453516598,7.3130550450685945,7.67058950244977,0.04210171327177798,0.6188861074367781,-0.9291795462098942
YITH_at,71.0,7.950905842611694,0.4725125114471317,6.35111807456735,7.68717866807734,7.94055866111085,8.22846848141128,8.93317594057868,0.059428764571046906,1.9145310960057569,1.1571598339664106
YITI_at,71.0,8.508776955968564,0.3113917512284487,7.8069426901296,8.274343964592944,8.52052317999001,8.716869558814675,9.22601912537224,0.0365965347123149,0.7605040606133588,-0.547054869440387
YITJ_at,71.0,8.33742654932193,0.3490851489438814,7.61694324990729,8.117585845637235,8.32207893591748,8.603990392155005,9.19503884006742,0.04186965208974128,0.9079217151459158,-0.3791402148688907
YITK_at,71.0,8.275895421865219,0.4344991425154505,7.06293871415343,8.018095010290285,8.22732390592733,8.58564697992514,9.04779091243991,0.05250176813103364,1.4253291953797236,0.3403680122853996
YITL_at,71.0,8.080847943560158,0.3187553757090655,7.3771228705272,7.86850757300798,8.04647109880499,8.280456225975435,8.72840052549428,0.03944578315733438,0.8016697525954687,-0.47005120840392145
YITM_at,71.0,6.05941978271265,0.3223176926677518,5.52007707643225,5.836497703923195,5.99935931764987,6.252908785904015,6.99134837564557,0.05319283103430379,1.1615507517799806,0.6827376017335611
YITN_at,71.0,6.00273414350613,0.4600931615455333,4.90560971141051,5.6811912623294205,6.03520862285218,6.27039735716971,6.86597516190391,0.07664726615341956,1.1368434181531994,-0.5167470514002894
YITO_at,71.0,8.062396033930238,0.5877927216066993,6.73104172498705,7.658615248502425,8.15939332463275,8.49240603492545,9.12993801726831,0.07290546372728399,1.407968695053231,-0.5967404681685875
YITP_at,71.0,7.0523276221530535,0.3713006990512241,6.41722595830006,6.76822633050314,7.06482570325547,7.31617268624956,8.00092850003746,0.0526493831461941,0.8607425442816538,-0.6784468310066418
YITQ_at,71.0,7.960347114996071,0.2165567627191997,7.11177610696883,7.8356893777267995,7.95666409114396,8.07407818133781,8.51808946386116,0.027204437142098997,1.2539610629993148,2.998072164909985
YITR_at,71.0,8.117698822469206,0.27972487308167454,7.50288805590808,7.963430432049545,8.08306336891681,8.27001730383128,8.89065556138476,0.03445864144496421,1.0330652162881313,0.7773991454131246
YITS_at,71.0,8.007652287110037,0.2959176174118727,7.36554795567289,7.842946046996625,7.96672155271712,8.162714807396469,8.81675120193614,0.03695435401062718,0.9683968232487565,0.3320306450118866
YITT_at,71.0,7.43828905620853,0.4642994132731908,6.90026937668099,7.222605874616034,7.34201615415934,7.46849538749937,9.71677734085209,0.06242018961143398,7.155617364102051,13.185219188703227
YITU_at,71.0,8.28292149254738,0.1908344479175582,7.80165654078059,8.1382075074123,8.30291708616035,8.423065791423014,8.63246675582047,0.02303950943990751,0.4703830093432084,-0.5231249603206285
YITV_at,71.0,8.368254761954068,0.2573071309408562,7.72276140831136,8.207975851572474,8.33294964449528,8.55046238440664,8.96364344577726,0.030748004005649147,0.6669766501242443,-0.3883712663889334
YITW_at,71.0,10.710493752458415,0.5641730310588393,9.1039975277219,10.38997088318645,10.9041090347812,11.04927304266375,11.6742152223001,0.05267479204022156,1.7649372106214685,0.17939047659974383
YITY_at,71.0,7.135858302523693,0.31053560952667225,6.2354062179885,6.89307364348116,7.11289956071175,7.39218992510295,7.76069962012821,0.04351762554153396,0.8446412024292059,-0.2530457073763266
YITZ_at,71.0,6.7144576603322195,0.21925849336132752,6.35178267959647,6.55856866449086,6.67417803922869,6.857505555704535,7.5425980785936,0.03265468403452246,0.9565621145034611,1.4863519846971966
YJAU_at,71.0,7.548358837611236,0.36068081870181584,6.80237640332213,7.26202074651146,7.5152684286086,7.8656031307681005,8.17267504932692,0.047782680508596145,0.7107563365203008,-1.046478452037177
YJAV_at,71.0,6.835320739315861,0.30050447743696423,6.30187413508755,6.59014291608354,6.83006930531225,7.019655154460265,7.66063334631422,0.04396347865704417,0.8213448462419675,-0.23899468586799655
YJAX_at,71.0,8.060185631637829,0.22836659784803745,7.51876149243969,7.916918197237145,8.01340063224321,8.17172080755113,8.83007281777052,0.02833267225901761,1.0510540522419625,1.740228063375998
YJAY_at,71.0,8.407975276033717,0.3638966875101086,7.70013253770501,8.19400884603565,8.35283227969155,8.63823953528647,9.38140594240252,0.04327994262154504,1.122446637437874,0.13297010378534502
YJAZ_at,71.0,7.206141355310464,0.39326312503116456,6.32980554877377,6.93325055177527,7.22155121150387,7.53401191365433,7.85198214625472,0.054573329281329575,0.9606606103412496,-0.5465050793488313
YJBA_at,71.0,6.623268751599093,0.4879528984670461,5.51522920671508,6.26983715860301,6.6263995305753,6.950049253088331,7.77751725320668,0.07367251983384139,1.3613554925775777,-0.17894649227898496
YJBB_at,71.0,5.532120293787918,0.33615086738581673,4.95670718475734,5.32910827997799,5.49144296089115,5.689903164578389,6.57830408422255,0.06076347756994446,1.1340023825423033,0.438940758461118
YJBC_at,71.0,8.164385263391639,0.47978866180616725,7.27660697178093,7.83880507863555,8.02997471297479,8.530914383185856,9.30413760968528,0.05876604867698931,1.3460703456274736,-0.16241159536503957
YJBD_at,71.0,9.333408626670828,0.5758439039439947,7.86417254849887,9.008670814244045,9.37298528564523,9.724757011826,10.7768814932099,0.06169706341780461,1.8321743629500673,0.2358882185421023
YJBE_at,71.0,6.449943283716605,0.296139858335621,5.74194305229303,6.253039339649425,6.44104191504678,6.63067973865913,7.21592004768205,0.04591356005924108,0.9637116619209767,0.3126788799663358
YJBF_at,71.0,7.090207251296659,0.3004682763647357,6.16028616968502,6.932356541801595,7.02799394129953,7.261525669450295,7.77769958778236,0.0423779257383183,1.1818792131846214,1.0318450890258601
YJBG_at,71.0,8.732026507773845,0.7137468331190499,7.22405523001718,8.203328838367735,8.75521158757344,9.287893928490849,10.0212547438901,0.08173896775091369,1.5964288409409648,-0.7647346463710112
YJBH_at,71.0,7.92896519493303,0.6684603002983489,6.26363044599534,7.42509109005955,7.99696777172477,8.384381074109719,9.17013432088704,0.08430612114750176,1.6497321460624366,-0.5198600101611794
YJBI_at,71.0,8.290210421854272,0.41869520811105715,7.42563430153316,8.00889560929068,8.22068370440648,8.573802541587394,9.34546330152074,0.05050477452385431,1.1255899125604287,-0.2865277373735924
YJBJ_at,71.0,7.837613288018905,0.2097825937815886,7.1899714446193,7.709476504594315,7.85544673551835,7.973985104294851,8.37566117500372,0.02676613224873906,0.7873648521891303,0.8410286659948492
YJBK_at,71.0,7.214452521482,0.1935761872850009,6.67059740981048,7.130227933075625,7.22019331626713,7.33975258643994,7.63620883264158,0.026831722394540933,0.6434269321593055,0.3864259687724343
YJBL_at,71.0,8.785627461488371,0.3346229625188489,7.99269693980671,8.55790682148506,8.78964460277839,8.973538260023624,9.85596213340405,0.03808754286312073,1.205354500088527,0.6810247872075048
YJBM_at,71.0,8.01226001074771,0.27004937833342935,7.32434604662241,7.857559888473365,8.02598513477997,8.187340300002141,8.5960560059672,0.03370452006939153,0.7412748850819881,-0.2265635293045012
YJBN_at,71.0,8.086439743808375,0.3025070528036913,7.31389372083205,7.86068809107024,8.08013964089115,8.244732605530967,8.80994142112775,0.03740917664480402,0.8791866614174155,-0.055697053665667795
YJBO_at,71.0,7.977621534772317,0.2967741419941152,7.26578075955606,7.73273902308704,7.93905048358881,8.197411510102764,8.68119336758634,0.0372008299341547,0.7552553959512066,-0.43841058727533655
YJBP_at,71.0,7.608053925466124,0.23043996116815926,7.03288579479679,7.456858473960965,7.58468203437088,7.75863402220262,8.17991141436763,0.030288949503475143,0.7503768818889868,0.3148328434209824
YJBQ_at,71.0,6.655084706648026,0.33628435158668585,5.95866764863974,6.379758351195065,6.63984729137245,6.84884564420965,7.52406777763968,0.05053043896657817,0.8913446471097258,-0.326508229244614
YJBS_at,71.0,8.468562148604423,0.7390103474003289,7.26147292803018,7.857090911890615,8.4103627054333,8.89263983138984,10.1965555224552,0.08726515014383097,1.9150186536211917,-0.3892326265043966
YJBT_at,71.0,9.086004963334581,0.6192063808306368,7.95640388007872,8.652214526524975,8.99909433760557,9.432250158262246,10.6370087518428,0.06814946539533773,1.7927622892808068,-0.06742492803394962
YJBU_at,71.0,9.139120713754721,0.5150550409273849,7.98074227967378,8.819527992468341,9.13377036756498,9.382676864925774,10.5886097350514,0.05635717669777658,1.8088733802666814,0.5855960652542027
YJBV_at,71.0,9.243801912565537,0.6040320094974264,8.21345635357537,8.77519560161856,9.18808378790141,9.592190638339705,10.7160623227566,0.06534454277696465,1.7156924649520529,-0.12551007052774477
YJBW_at,71.0,8.461958442954653,0.2940610284187264,7.8147206336697,8.301138393287669,8.4670175205556,8.7034952643574,9.08903340914899,0.03475094216086098,0.7507677123862758,-0.42970817144794227
YJBX_at,71.0,8.405733083518443,0.3308159427779705,7.60044751661583,8.181922354746415,8.37495290152287,8.59819293393759,9.11283893005124,0.03935598947658931,0.9341388800946471,-0.14314783052295965
YJCA_at,71.0,6.951067919155656,0.2745610440957305,6.08494393594428,6.795419647952425,6.97530771995306,7.11890292848829,7.58076370135026,0.03949911686794184,1.0033870319444744,0.7364925153529485
YJCB_at,71.0,8.92627469718975,0.6470533791003616,7.64261186055634,8.371258571646706,8.9405710646337,9.431794845608831,10.2207075617266,0.0724886249920219,1.429830089793921,-0.7932506753869375
YJCC_at,71.0,7.16469295059976,0.3729239408190086,6.35859846086167,6.881050120494385,7.13231472763009,7.361140789388295,8.07869893163704,0.052050233469920146,1.1231082064747953,0.05579033024353919
YJCD_at,71.0,6.305692183686413,0.22685931546557303,5.650596498196,6.192434738025445,6.30743797436626,6.407578923074645,6.81234829672724,0.03597690925232371,0.7918314889008526,0.562733413747186
YJCE_at,71.0,5.951165256957687,0.5328162080470192,4.61370864282807,5.733230150546914,5.87458752819169,6.29589765217089,8.22867508940737,0.08953140856306885,3.5871764091503637,3.9955197726716474
YJCF_at,71.0,10.951936822655496,0.5506650115167901,9.58899942534208,10.67804055311815,11.1247221201819,11.33946398086735,11.8882434644824,0.050280148656232974,1.6163778209700757,-0.02500683079627919
YJCG_at,71.0,10.166580711105722,0.6762480373595554,8.29306366223956,9.9244675084853,10.2806551152342,10.60262315744605,11.3340543145787,0.06651676277166017,2.325000443876215,0.5073364275701375
YJCH_at,71.0,9.392683981246098,0.6526743792049072,8.06465364425631,8.98742329409788,9.49146140777223,9.894876542143685,10.5923094845854,0.06948752672910848,1.5527946686367846,-0.6139176036104166
YJCI_at,71.0,9.548023249723853,0.5988470427193228,8.44293694337009,9.10442041580043,9.47141913749583,10.06989005607485,10.7393890877698,0.06271947889702117,1.2691898561295278,-0.8889333488687226
YJCJ_at,71.0,9.483779932092531,0.6176668281243887,8.28540170047387,9.102662730345465,9.40889712119607,10.010158985471008,10.6620939199392,0.06512876010906178,1.3381857094392788,-0.83903310637363
YJCK_at,71.0,7.61857502350324,0.3012870876489496,6.99773626184464,7.391674861388704,7.61893928641878,7.80571779980081,8.25741715574165,0.039546383243517516,0.7625210407076288,-0.4532385222059401
YJCL_at,71.0,7.095530883680036,0.23385561782856903,6.697958947236,6.941353887425825,7.08488390980679,7.223821149813745,7.77819885074763,0.03295815657239192,0.6772423231778525,-0.06665544158750603
YJCM_at,71.0,4.5271319081620565,0.34077248341966804,3.88457355078107,4.254903479711585,4.50652714192397,4.745006767289155,5.55766687822797,0.07527337182406427,1.10548752120034,0.3018982693509469
YJCN_at,71.0,6.028780897441541,0.6363538937601213,4.95223418117293,5.505306080062525,6.16971697639101,6.4773370810059205,7.44895106161952,0.10555266555302639,1.4098563311111683,-0.787145038446071
YJCO_at,71.0,7.507578371257072,0.569066520789669,6.15188045603048,7.122678916451115,7.61885318430496,7.941786058776095,8.93725954247652,0.07579894509904188,1.4730204063061425,-0.3922430326499966
YJCP_at,71.0,6.17348636124521,0.5670465179016289,4.87268124448642,5.714430738563285,6.22433846337515,6.58436293433979,7.43005033092961,0.09185191069042127,1.3523843089990928,-0.6077386101320359
YJCQ_at,71.0,6.17490981282678,0.41635517522186716,5.2126192341653,5.9030074175983405,6.11879195893056,6.400938604174264,7.46359158280772,0.06742692409158703,1.6850875878680585,1.1523162104797429
YJCR_at,71.0,6.752867338535187,0.3994506185488229,6.00323647202668,6.516824159680626,6.77947709101803,6.97053983509295,7.91662988807905,0.059152741868533525,1.3418785658572727,0.4239244307174359
YJCS_at,71.0,7.581902575339368,0.618628492558357,6.04454942091047,7.15648388403151,7.65971962591758,8.020451478912694,8.85171744014607,0.0815927778563769,1.7890348548979487,-0.07094099592787328
YJDA_at,71.0,7.081192638793445,0.39872949005725433,6.37431730066026,6.78698414390053,7.0103969169137,7.433501751540986,8.25885910406838,0.05630823935968974,1.0435919764105688,-0.36174072124507006
YJDB_at,71.0,7.276040933843868,0.4451625623125334,6.06012705627535,7.034117939237705,7.30822721385638,7.575665224384955,8.3336224908119,0.061181976071890784,1.4496564136914647,0.31502969947662596
YJDC_at,71.0,6.015317478610251,0.49373668975055773,5.06186152162555,5.6018723763524445,5.98685092495073,6.37301454673823,7.32660478050588,0.08207990542581108,1.1957975553376865,-0.5685918801470318
YJDD_at,71.0,7.362679999511111,0.29765812810155057,6.61603461079086,7.14165326756804,7.34576955004734,7.56267469370935,8.25590605759551,0.04042795940083167,0.9551799582016566,0.26475468198661334
YJDE_at,71.0,7.360488360573397,0.3639519140655655,6.69361274482189,7.078633731441925,7.35548788375038,7.6085438099686,8.38626769540232,0.049446707370000224,0.9298830062202249,-0.4277393295514371
YJDF_at,71.0,7.201044703974959,0.30957434589864746,6.57922896232269,6.99060563525927,7.17020880918078,7.3897902531908795,8.14063581264798,0.0429901991481546,1.0240413453046906,0.369491279121708
YJDG_at,71.0,6.926541556800949,0.48031579463982704,5.76739735777541,6.603507526612935,6.86957750443185,7.3004466901962655,8.5678967464589,0.06934424498878815,1.8818147420018123,1.015340392609815
YJDH_at,71.0,6.605510589539915,0.45481944991815204,5.39175863974857,6.357437207248495,6.62844688803639,6.80498257060102,7.80574032460708,0.06885454860043316,1.6794065285999087,0.776680287227411
YJDI_at,71.0,7.77783270919295,0.2034746152198236,7.28489229250072,7.650116153550391,7.76602366025794,7.90152029719369,8.36097902004901,0.026160837193030435,0.6906871710188504,0.4611455819136663
YJDJ_at,71.0,6.466093599105406,0.5675788339070422,5.09869337587763,6.0753676639764596,6.50546294970003,6.870524568569575,7.49582096724141,0.08777770151449209,1.4316240011929922,-0.4622845997727385
YJDK_at,71.0,6.488915144297846,0.4351885475013652,5.61555709665086,6.14921880957601,6.40785567639107,6.84581633351652,7.51826470785996,0.0670664568458394,0.9403954783343562,-0.8449889662255234
YJEA_at,71.0,6.908513542413758,0.41252814304591845,5.68655229637317,6.59689734218185,6.94576420240979,7.188372101381866,7.84061372420003,0.059713010695175636,1.3362765607932914,0.29678837540653413
YJFA_at,71.0,8.458347918313077,0.26611339213723834,7.91659641309328,8.26973260216101,8.41779800160695,8.6075523346098,9.16440523979892,0.03146162757872363,0.8446625496085034,0.22778773242617856
YJFB_at,71.0,7.910988236523189,0.2791210618323701,7.30976141909392,7.7027431412034755,7.93400053205149,8.076571438929644,8.7563217299484,0.0352827046997407,0.9462718473549266,0.45661460025859846
YJFC_at,71.0,7.728849170446815,0.4935575864552266,6.61689805451857,7.419536034543645,7.67883649300471,8.122206834020515,8.63186602815425,0.0638591303272507,1.2254661879893172,-0.5040135213448069
YJGA_at,71.0,7.758489552571281,0.416707794830066,7.05934060608937,7.45169853131356,7.74420919380729,8.07524159959694,8.95155485505068,0.05370991247799808,1.1196009810004173,-0.288169463614961
YJGB_at,71.0,7.34932737739206,0.25071169024334866,6.8280204264701,7.19094559328481,7.30907399099433,7.45507428746723,8.28396496805611,0.03411355589010579,1.359314395825078,2.607761383682706
YJGC_at,71.0,8.041942027769855,0.509568687757711,6.99040032033082,7.774777507340975,7.92891452546568,8.242861036491721,10.595289698324,0.06336388474302664,6.213340491330205,9.777595129286176
YJGD_at,71.0,8.75490985139961,0.47185311919096923,8.0855552955415,8.480321670055664,8.71295845809539,8.898583621241741,11.1858772734697,0.053895828420841604,6.483961143106367,11.416812141202504
YJHA_at,71.0,6.560110961041196,0.3640284783443134,5.64919757391617,6.373931943314005,6.54626999400339,6.7285841779643505,7.43961078006483,0.05549120746679202,1.27142256172332,0.5651033004832793
YJHB_at,71.0,8.36017761366567,0.4639920681280637,7.39269281777149,8.071698203990046,8.32681000859156,8.66923899769324,9.87272214789947,0.05550026441658553,1.6205361850248163,0.5650489988361391
YJIA_at,71.0,6.26524462471577,0.4336869833307247,5.43088039276939,5.95443928905881,6.23488186853961,6.416115827638224,7.53023704078948,0.06922107743724362,1.6055527201944717,0.7868786007330564
YJIB_at,71.0,7.235560314272574,0.28777226260799105,6.618323164331,7.042652060294735,7.22172997911818,7.381334622659059,8.07026794445091,0.039771938883619434,1.009656348140069,0.5819171233999931
YJIC_at,71.0,7.779899001434301,0.35450546007610556,6.8532787224214,7.51862413567497,7.84178339782749,8.02831806057611,8.45329887430849,0.045566846049125954,0.9210026249248688,-0.3821764451192413
YJJA_at,71.0,8.784760893116454,0.23936186325029885,8.24499345612773,8.604219262682644,8.80268973572134,8.959759177031316,9.20030400716766,0.027247396504309816,0.5420760587855004,-0.7351045520157591
YJKA_at,71.0,8.122892908100246,0.43730693922095987,7.38339867787804,7.7711397404459746,8.03386287211639,8.428156889883411,9.19993238670468,0.05383635413743694,1.0899446338868322,-0.4939785807021906
YJKB_at,71.0,8.085126968033604,0.3651473026768777,7.51081820104336,7.791907033685225,8.02128765881957,8.3345511270886,8.96870499284664,0.04516284087072114,0.8760533200369203,-0.5926863700868505
YJLA_at,71.0,6.652063233887756,0.2726206094255842,6.03685026305245,6.4768091265797,6.65448964031247,6.8180319013826445,7.54079648947276,0.040982864990934974,1.0698864044475958,1.022309435086263
YJLB_at,71.0,7.992656424280324,0.4301660661595652,6.91028151060916,7.851296797981705,7.95567035579846,8.054754277131224,10.6637362153301,0.05382016232460515,10.108652516647592,21.748745162600898
YJLC_at,71.0,8.63438058936595,0.6959723753700181,6.95719661647,8.071457805720101,8.71308308489651,9.128299487973464,10.3184840094732,0.08060478318817373,1.8945011333270052,-0.25077681500805005
YJLD_at,71.0,9.493107711807205,0.5870321113464682,8.20010722998133,9.009748151203105,9.55950395289051,9.925133488895,10.8554118594186,0.0618377173384789,1.4633437857577374,-0.4935748201617556
YJMB_at,71.0,7.625218909074156,0.3048227031893011,6.86924431243924,7.429432388806425,7.5999121398385,7.8457128765718505,8.40120162001165,0.0399756002842825,0.9543843938050884,0.1821303380108552
YJMC_at,71.0,7.090570429351288,0.28456438580857424,6.4799258093293,6.929660033144826,7.07624430883476,7.21875299681337,7.84646370886377,0.04013279166237812,0.9316256404359506,0.3334539248383539
YJMD_at,71.0,8.343706273455085,0.3669930527664357,7.58096443169091,8.10949686495705,8.31840272844691,8.55212520043931,9.32544225357645,0.04398441660560347,1.1202043602494125,0.09894551298515131
YJMF_at,71.0,6.855003980719454,0.3426164226144027,6.28585786999026,6.646305245024635,6.81022765618719,7.005094219995305,8.0911860834608,0.04998048485136606,1.5331755150227233,1.6051410570081757
YJNA_at,71.0,7.380955855668824,0.3381674122520633,6.49560420266485,7.111567324916325,7.33135897766746,7.640041851936305,8.30978972753543,0.04581620847824734,0.9827167518099678,-0.056044100349964765
YJOA_at,71.0,9.153748342023752,0.7191213552627347,6.93831099081376,8.780218249923081,9.24223618302413,9.666329940083514,10.2939000159665,0.07856031522751565,2.617922146411457,0.721597091378297
YJOB_at,71.0,6.604834476192108,0.2763333443983898,6.05707270197594,6.408332526425561,6.59278033811235,6.7727685366889006,7.36214222463408,0.0418380423301243,0.8093995049455139,-0.03162487424001803
YJPA_at,71.0,8.044129373894123,0.22815501838207639,7.61174577440863,7.88523895195522,8.07827684209859,8.17777433665663,8.70025473286642,0.028362922546039025,0.6923703784820308,0.0801653450060944
YJQA_at,71.0,7.21187574033982,0.1934051849259641,6.62108986630422,7.093775560422134,7.200268595958,7.34182916332425,7.5820279325227,0.026817598068716995,0.6128822189460246,0.22231644797324135
YJQB_at,71.0,7.80269288858906,0.21064785126087038,7.28824224566149,7.66338653765029,7.8068191877695,7.92811040726763,8.31412420731244,0.026996814339435224,0.6491365728778608,0.12989914316535156
YJQC_at,71.0,7.66464888803334,0.42935109013643546,6.94143857292375,7.32408132893633,7.63695273380779,7.96573470875982,9.04213942640158,0.056017059151499106,1.4004233629434433,0.32059435702181416
YJZA_at,71.0,7.984595669639381,0.5574483983589009,6.59247332668425,7.58045781898552,7.94284341757952,8.471701412036897,8.97937452847765,0.06981548238923885,1.2627704356310245,-0.7344724761510122
YJZB_at,71.0,7.150629107546702,0.3506026023120551,6.46535300775704,6.93855925643061,7.09375902148685,7.41406834486755,8.22805827872243,0.049031014899378944,1.117889392642248,0.24304534150453616
YJZC_at,71.0,7.594583216033059,0.3383416352523031,7.05158313045874,7.34484994918676,7.55124060520325,7.717692951782835,8.74246311992266,0.04455038882687125,1.6597008464657308,2.0609599531807916
YJZD_at,71.0,7.208624279952542,0.7469408828348836,5.34068157914364,6.74412503341804,7.23633947531891,7.758773212279605,8.6050815761632,0.10361767430606066,2.2439853986786655,0.0479616067123958
YKAA_at,71.0,7.18641313495864,0.6239880453448319,5.53771592328203,6.816467948843695,7.14041684260792,7.6329168263568405,8.84317184531097,0.0868288579610617,1.9763894869598966,0.22067399314644254
YKAB_at,71.0,8.203978886181915,0.46869158843796266,7.15410794883958,7.89049340098124,8.23800009542199,8.567140353196354,9.10324429031991,0.0571297896959958,1.0776415177270504,-0.6984869438934234
YKBA_at,71.0,7.2058627454271615,0.3972938647874054,5.87063096450724,6.99906259590269,7.13819279239379,7.33984206730867,8.85091239538241,0.055134808810996014,3.0235936559664123,4.925154022391007
YKCA_at,71.0,8.723381608629774,0.3616552724206146,7.83605562449521,8.453426792596545,8.71135973997451,8.972191431966655,9.53706768460115,0.04145815105266519,0.9387709982539346,-0.3845384889142971
YKCB_at,71.0,7.415174994732963,0.398549413632121,6.63520525973435,7.10360574452773,7.38262484724637,7.683424737687355,8.35501221352725,0.05374780958173107,0.9471192944784457,-0.6167869087841638
YKCC_at,71.0,7.038870382878802,0.3202354949784734,6.25525056340318,6.8536941354278955,6.99582183939746,7.247127100545095,7.87190119963178,0.04549529648356751,0.9803460056452367,0.10841418134059566
YKEA_at,71.0,7.864031213685451,0.2405736046919833,6.9421470686903,7.72893538757703,7.81999775570024,8.01520552826548,8.63626086587966,0.03059163909132544,1.4875943575971236,3.414275857191263
YKFA_at,71.0,7.44823322721908,0.33074499280843983,6.8383598326792,7.2655044467006356,7.36415539594031,7.54563983065726,8.55334818452492,0.04440583192263018,1.331018885194125,1.1280369984847134
YKFB_at,71.0,7.753278664984135,0.30823132360645744,7.08910713526058,7.554242379233186,7.70978433658406,7.9145031177644505,8.69628942782427,0.03975496521213818,1.091489837563979,0.6164485425769066
YKFC_at,71.0,7.198608908194854,0.33957073623081857,6.61019511376045,6.939563169361605,7.17324082223288,7.41213241480901,8.04211796164508,0.04717171616925227,0.9304762923866605,-0.23165223288499082
YKFD_at,71.0,7.223404467684641,0.3779182425871039,6.53565584595763,7.013196727270895,7.16386733192666,7.396747824446621,8.29463178252282,0.05231857696433828,1.3377748538047947,0.6150868406766228
YKGA_at,71.0,6.707995777396913,0.4091568970636379,5.70965518080147,6.5474218878922255,6.6591908557442,6.88069475333739,9.13023453833412,0.06099540170289347,7.818141459849291,17.098933844150217
YKGB_at,71.0,9.233645548720082,0.6123702809792867,7.63064105723102,9.0068344004486,9.33273192980473,9.680445434808163,10.2481564706019,0.06631944855888151,1.7721952819622269,-0.06876448754736808
YKHA_at,71.0,8.514559010918678,0.3234636892316137,7.64733567250525,8.335030955526307,8.48325128499388,8.71813495915657,9.40552405106219,0.03798948234627522,1.0799399736926136,0.4020747993784144
YKJA_at,71.0,7.201788005689744,0.24724564994294618,6.65278129662738,7.0359712817728095,7.18200731951966,7.377609446079905,7.70692538159935,0.03433114800763515,0.597208204323984,-0.5754626040241866
YKKA_at,71.0,8.621512120890868,0.3378846438588314,7.92668748148976,8.42555784526673,8.60844116641876,8.85782960715904,9.29046915454153,0.03919087964164661,0.8399699271289406,-0.5007924360501836
YKKB_at,71.0,8.15124657073742,0.26574281972134517,7.59079105886789,8.016283979394705,8.14584923131024,8.335007689666035,8.65668521293101,0.03260149443587549,0.6664099848660725,-0.4777538040783238
YKKC_at,71.0,8.058889899995892,0.23729836646981126,7.46290115266059,7.8833650050313,8.06092504486574,8.213040954305761,8.64901666660232,0.029445540194057276,0.7475227542244349,0.20244858914058872
YKKD_at,71.0,7.634613010056612,0.2772691840972754,6.79424273724459,7.50379140733554,7.64253957565047,7.8391333504893606,8.13740855997138,0.03631738553506845,1.1292316030581295,1.1792683205894248
YKKE_at,71.0,8.203575669611105,0.2903723537597595,7.20291424936493,8.062232481216494,8.18724615766995,8.402371681716875,8.87643329387199,0.0353958280454948,1.215653734746765,1.2998083897166595
YKLA_at,71.0,8.433589250356631,0.2900266074627288,7.83536407178681,8.245772490200785,8.40413618067523,8.61403189125205,9.22399795681654,0.03438946323482193,0.8549508536345217,-0.011754285662132435
YKMA_at,71.0,8.61733170963099,0.2906182537007165,7.7461738971297,8.417003669874834,8.62853839001116,8.81672955373029,9.14254664467262,0.0337248539911621,0.8846280960575681,0.09001596945335866
YKNA_at,71.0,8.363611206143279,0.40309594766418516,7.47199619488553,8.155534358827541,8.30108697728638,8.54430427283504,10.0668115655016,0.048196399584918684,2.616176943458288,3.7389936622972133
YKNT_at,71.0,7.2223391086259765,0.32781143434867377,6.61594071421967,6.953745242074655,7.19857673400857,7.452081038857985,8.03828734319853,0.04538854094474092,0.8576546126159289,-0.3627872985186271
YKNU_at,71.0,7.056221665184327,0.3387703068312249,6.22306233983458,6.817141993719725,7.07273840766526,7.266303688867825,7.76563961893588,0.04801015655485014,0.927953050531825,-0.2326834623918561
YKNV_at,71.0,7.179910191128218,0.22473338039730711,6.36720139817209,7.0430975930363555,7.183330174368,7.34144437647422,7.67811756730775,0.03130030521481962,0.9376278298079554,1.2846086817803464
YKNW_at,71.0,6.8876171231811,0.3925627664670434,5.98966582437432,6.609620436397265,6.92810441990774,7.103556771066369,7.7946041447353,0.05699543970669137,1.0952820691666678,-0.17878850255181344
YKNX_at,71.0,7.195241499473948,0.3313261557690662,6.46523859409688,6.953877139004925,7.17258829163645,7.423591170987095,7.87086067924207,0.04604795485923437,0.8314060072411694,-0.4760567741858761
YKNY_at,71.0,7.1851849152967375,0.2775079011019257,6.42891824381679,6.988367535790996,7.20332222124183,7.355566563841235,7.87405368377673,0.03862223510923588,0.8370027519657052,0.06056794405220778
YKNZ_at,71.0,6.717321179328621,0.35614698936006334,6.1476159755375,6.494646981262665,6.64862649990235,6.951044374899565,7.66740027208042,0.05301919914981038,0.9845811358482658,-0.20583667423414154
YKOA_at,71.0,6.688815372969623,0.36063936941491914,5.57359101967085,6.498337584733955,6.67535154660028,6.868700515500491,7.54549363298277,0.053916777382181896,1.35550042585133,0.846705583451663
YKOC_at,71.0,7.671695789299476,0.3992548176771935,7.04492524313648,7.419765395566699,7.5928236722041,7.820041013008515,8.7958724682714,0.05204257684905551,1.5799562238498972,1.057050600570598
YKOD_at,71.0,8.013418904999645,0.32475527253887815,7.38969760111494,7.7893709277392755,8.00863758167215,8.13124146523262,8.97196682996802,0.0405264315255328,1.201750808300993,0.7851643275546856
YKOE_at,71.0,7.956992280354502,0.4518095518697972,7.16850358884194,7.64673709108322,7.94237001058704,8.323868800490434,8.8918189500017,0.056781449064026,0.9822244714737852,-0.8311322244607182
YKOF_at,71.0,7.668746362215542,0.4189987879834369,6.87276589849142,7.33870542015156,7.70661648707094,7.987263749111374,8.49545679532237,0.05463719468515398,0.8641033782952862,-0.9493750591949879
YKOG_at,71.0,8.433743299989516,0.3761327985883681,7.672560196345,8.116027344841577,8.41950557454422,8.69064661603165,9.35498494534918,0.0445985590513332,0.8762643937486615,-0.6662854579597637
YKOH_at,71.0,7.430808129421473,0.37780920235282284,6.74718929523059,7.098363206875635,7.44455740178409,7.67961198986736,8.25805360323681,0.05084362235877529,0.8901194475471679,-0.6384013825697528
YKOI_at,71.0,6.2892154908894,0.28086967802702795,5.53965317996434,6.10595880207525,6.29334049250015,6.431568342969035,7.31534613538138,0.04465893694275505,1.5400328205867904,2.6726289769985883
YKOJ_at,71.0,8.350665220208919,0.37063572379918697,7.54432097887696,8.064991926070125,8.3827937783656,8.565685466201705,9.19509088195667,0.04438397588999674,0.9499623088547768,-0.4191620620059435
YKOK_at,71.0,8.42108486916043,0.305217582589857,7.91160009729931,8.22778578704521,8.372237991687,8.544614996040881,9.65935005520768,0.0362444491810812,1.9285296329219666,3.557226942372602
YKOL_i_at,71.0,7.038481001258083,0.7128398061552704,5.29910618209985,6.5786420403175,7.07071969353583,7.511866674780254,8.4675075370176,0.10127750661369334,1.9103045970846046,-0.2955028405678193
YKOM_at,71.0,8.139171200245869,0.42351353404238495,7.02972053552506,7.83139085052798,8.08797983358811,8.49618102403598,8.97516542289868,0.05203398769024436,1.0414138785191158,-0.5293600233231146
YKON_at,71.0,7.934262330220513,0.49062860743125747,6.85648191856927,7.576837386741625,7.97161478664302,8.343849358633861,9.06003081319283,0.0618367010077951,1.1494307373785955,-0.6524106985496942
YKOP_at,71.0,7.15583382090179,0.34594853180330154,6.55563756333841,6.913396586298269,7.22318196839823,7.3786444182108895,7.95294125138152,0.04834496446700666,0.7849921454066835,-0.7304148409765081
YKOQ_at,71.0,7.094761971483558,0.36204273544117965,6.36874081182511,6.81245325910729,7.09434784939699,7.345523621898655,7.93831890537314,0.051029581668329646,0.8378521628850516,-0.682625292241605
YKOS_at,71.0,6.580984664522288,0.4161885105635837,5.76551184071779,6.215904922675085,6.54376187673594,6.942645778500545,7.38740669405943,0.06324106980635165,0.8167647842430674,-1.0550642981166831
YKOT_at,71.0,6.431173525337642,0.37502395355675666,5.79636493333342,6.133559485089325,6.35732336599199,6.75110248398047,7.31686166825491,0.058313455869170874,0.765893730730534,-0.9706069772157737
YKOU_at,71.0,6.9868512478363405,0.40217651655607495,6.08637900041863,6.71487772493443,6.99834189336635,7.263304552282399,8.01139106642363,0.057561911981540946,1.1082133238584049,-0.215362146078669
YKOV_at,71.0,6.645948110015064,0.4498176852840584,5.64294037329205,6.307155901915451,6.61689572236651,6.973499553840226,7.57728999605068,0.06768299689343178,1.0964548309964686,-0.5520529557553773
YKOW_at,71.0,6.604382469415542,0.36548297112384653,5.68887726971601,6.369503348449875,6.56732253060848,6.83186971471838,7.46709753094529,0.05533946176139464,1.0007648304706973,-0.23372359631701078
YKOX_at,71.0,7.378359954493631,0.31669277301566123,6.65688063861421,7.1963053860598,7.35233038185754,7.640220891012465,8.07772513632515,0.04292183831757711,0.882451206803324,-0.1826247126460836
YKOY_at,71.0,7.9928636891924825,0.26971753085481925,6.95441233574252,7.82859846853477,7.96307177543212,8.136799247966936,8.61733013234613,0.03374479302324606,1.5139902817950504,2.8104423785089123
YKOZ_at,71.0,6.642871627093347,0.45198200837919295,5.545213470954,6.314668083135205,6.63707463039485,6.88460387439674,7.95932483041747,0.06804015398035955,1.5060258718505912,0.39505878851068177
YKPA_at,71.0,7.674794295779662,0.2759956960751416,6.7895704093435,7.521323966965365,7.67816367289456,7.8390045857288,8.44789403767039,0.035961315110023276,1.1947889862474939,1.450668611232575
YKPB_at,71.0,8.075402446587784,0.25303119318926753,7.55568561449103,7.90589868151406,8.07098855317998,8.17843872416476,8.66938959752832,0.03133357066262183,0.6728744779136991,-0.31731051131878774
YKPC_at,71.0,8.169678005696257,0.4093691535142826,6.89861971281654,7.97385557522449,8.15566194297997,8.444675431794245,9.03201564784896,0.05010835839905226,1.527585344816293,0.8180706493899037
YKQA_at,71.0,7.132098499344161,0.4264887763799771,6.35245835551804,6.7569173180246995,7.14210052017039,7.459553402869595,8.23924433944918,0.05979849779404972,1.023035218136566,-0.5931511395760376
YKQB_at,71.0,7.97873591838976,0.4029937649912518,7.26951779649755,7.7293437463145995,7.91260109607836,8.13917035938864,9.00761999205987,0.05050847265948646,1.2136250509345485,0.055679238907626605
YKQC_at,71.0,8.153973845300314,0.41802452971082116,7.38876359672988,7.798176167172935,8.0572747807103,8.56550315920253,8.98028378871247,0.05126635645903585,0.8438085170501645,-0.9956911675777507
YKRA_at,71.0,8.574972063506925,0.249230125994985,8.0971721594559,8.419786086782345,8.5545042250499,8.699370951934931,9.13123616625889,0.02906483241568216,0.7125649824087088,-0.10574766102710731
YKRB_at,71.0,7.455367182141775,0.24001621411652438,6.83712502788761,7.2971776526655,7.47030636118244,7.5731577315729055,8.08302930369297,0.03219374824240013,0.7848369431320327,0.3292896905331073
YKRI_at,71.0,8.376099590645863,0.3201917506558037,7.73855844087271,8.160257987618214,8.40482066287136,8.61934417887807,9.04981206402616,0.03822683185541188,0.7811828012031147,-0.5497442299630095
YKRK_at,71.0,7.523002145921099,0.3153553627881919,6.66190717522512,7.318876358503565,7.57737980711462,7.741743685175215,8.10796740517946,0.04191881866724903,0.9305836336209664,-0.00850495968088616
YKRL_at,71.0,7.622104930100616,0.27349273613121944,7.08270993958626,7.453187001389384,7.54429057831473,7.8192696034633205,8.39289541785615,0.03588152336386285,0.7889229901347947,-0.07868735142727479
YKRM_at,71.0,7.9010900608775625,0.3141052792734474,7.15868002679002,7.6338170596148505,7.89001161187585,8.121686227646851,8.66056442012898,0.039754676488089565,0.7188912511871675,-0.7096679769889742
YKRP_at,71.0,6.97705350433575,0.4152936124871,5.88154855820303,6.714969242380715,6.98186874246436,7.1524888041164,8.19336970113088,0.05952277881042823,1.6567269632758734,1.0909625753403276
YKRQ_at,71.0,5.80438451791069,0.2154256997117957,5.26863565473917,5.6506487473486295,5.78979763437954,5.920642253109105,6.35780301115111,0.03711430540948017,0.6997586358120259,0.3063415566512737
YKRS_at,71.0,7.58287395364954,0.34454123319295593,6.46375381640234,7.42857051716551,7.60087822440363,7.805760603445985,8.29520076964453,0.045436761219950474,1.3562196002647606,1.0348607057878807
YKRT_at,71.0,7.639175727886202,0.37668599961038485,6.78484583497946,7.3226368082900155,7.65756541570634,7.911889887586719,8.38857779574744,0.04930977019357241,0.8963072177994195,-0.6135698567423833
YKRU_at,71.0,7.3069288954015015,0.25031841321063664,6.46568127503628,7.17935385131854,7.30140807259897,7.4319499896432895,8.01631893784986,0.03425767744478402,1.2193033125667727,2.024546905471447
YKRV_at,71.0,7.851362208735156,0.2213778665619611,6.95631301873996,7.78943021161202,7.87637048058669,7.99479395117962,8.16084675256693,0.028196109245305696,1.503038622723117,4.055859404153053
YKRW_at,71.0,7.686459959456732,0.2711799130351661,6.59588113766995,7.55603446214254,7.70933310274809,7.880365599464804,8.06919498015926,0.03528020889532256,1.745529350317509,3.6824370556923647
YKRX_at,71.0,6.99885056221614,0.3316863981156306,6.05290463483008,6.796399150914375,6.98514381128034,7.188084773556936,7.89473971163557,0.047391553108201284,1.2748520370806378,0.9366449596867357
YKRY_at,71.0,8.077740064468093,0.45249442609124213,6.89786673245907,7.693093877387015,8.12018974902355,8.43266366319982,8.97786973151244,0.056017453208435,1.0974854410731183,-0.5649089628189379
YKRZ_at,71.0,8.143577017876417,0.5041649301474451,7.2215278137331,7.72207421045116,8.08385519309525,8.560455833782704,9.25019608782975,0.06190951826706185,1.0621806747791964,-0.9022503147989953
YKTA_at,71.0,8.241033667025667,0.43452121443277236,7.31096621721993,7.911735548684665,8.24169103337042,8.580037947841944,9.14053976841624,0.05272654280874922,0.9983904656207249,-0.7001552611259059
YKTB_at,71.0,7.366221130812451,0.30775088260848954,6.76318614536491,7.08884262991738,7.36901296908369,7.58558775113189,7.99314866724463,0.041778664683467956,0.6239347545763628,-0.9863313873103667
YKTC_at,71.0,7.77706201016659,0.3975280432518554,6.67390899306923,7.588949266402899,7.77483936665884,8.03096211462309,8.62996333318171,0.051115452433346364,1.2735583035355342,0.2591545179999022
YKTD_at,71.0,7.071696852362418,0.4157447432100128,6.25239714969106,6.79667820980887,7.02413477183747,7.2697682979500655,8.3422253522703,0.05878995549294882,1.6002516640641054,0.9425471534437495
YKUA_at,71.0,7.350078496570689,0.375043616252255,6.59183111016937,7.087308586353116,7.34371393231676,7.58080477446056,8.256412178093,0.051025797401652015,1.0587464056987015,-0.14393836815924743
YKUC_at,71.0,6.220760289730002,0.22241324727657016,5.74987940212095,6.0738622083975855,6.20006756970345,6.361642172596305,7.01250601570437,0.03575338655047637,0.9440616507277151,1.3613204046579304
YKUD_at,71.0,8.034808095675107,0.4481150476025725,7.0761316718511,7.698275791144085,8.00488753396316,8.322255287419466,8.99477956742425,0.05577171754030805,1.0753431243856921,-0.592130090352565
YKUE_at,71.0,6.724729825113985,0.34963305337998035,6.10191677387784,6.5029024231358,6.67803843134919,7.002294173986675,7.52034587349291,0.051992133880866216,0.7871407568082593,-0.7492269876460185
YKUF_at,71.0,8.573126866179448,0.3541672452890761,7.942232950835,8.29522389572142,8.55204354802693,8.784758696707335,10.2206984609943,0.041311326755964384,2.9307558704370016,5.628837897920969
YKUG_at,71.0,6.829475251858519,0.774164689372146,5.5269282277486,6.229850219198806,6.66997144246068,7.164415507687025,9.2538605197112,0.11335639427955624,3.129787299644017,1.1476116325033114
YKUH_at,71.0,8.629874241693086,0.3728622627381165,7.84085566055876,8.370186924842294,8.57267270964758,8.861790218578975,9.61900239511808,0.04320599029551618,1.1266761711322464,0.06644982390464449
YKUI_at,71.0,8.281056787456299,0.25827044285536443,7.62499887566203,8.108913312835021,8.25958787276165,8.446260898329765,8.9056436450679,0.031188101891364717,0.775491520104829,0.04626682156492734
YKUJ_at,71.0,7.1774143257356995,0.4360791534031387,5.8406780905788,6.90268730421872,7.12613348471513,7.4231775040521555,8.24420222987422,0.0607571381018804,1.6064281159308984,0.7675011362229918
YKUK_at,71.0,7.185520149772745,0.33044595941722654,6.70060043184591,6.94783191140395,7.11684641328889,7.32529015201137,8.12236708943517,0.04598775767509016,1.1292106071564418,0.48525364128585613
YKUL_at,71.0,7.560832653614894,0.25812309825696456,6.94213083093525,7.409947786931185,7.59467594576771,7.741959091181085,8.14868655070887,0.03413950686152984,0.7875975642339499,0.09774075444516628
YKUM_at,71.0,8.149571877078428,0.18372030268597334,7.49778688253074,8.075038738720881,8.17336657694574,8.253852827967286,8.49239702921997,0.022543552650011837,0.8104782277390906,1.5379852677066417
YKUN_at,71.0,7.544378937837942,0.43326037250720606,6.49331778421293,7.195498159583124,7.59115749090415,7.894803490289309,8.28304212069841,0.057428235786810736,0.922595690191524,-0.8783064920198598
YKUO_at,71.0,5.636105805475865,0.3324046280591386,4.95664489737175,5.41558684013253,5.58422058191267,5.88719832688696,6.27349760682349,0.05897771254332816,0.7566747562079484,-0.722721926911658
YKUP_at,71.0,7.997642504429003,0.3715963593075746,7.1368054923704,7.694088530896755,7.97422598608332,8.306739606161564,8.90691427720799,0.04646323702288378,0.959698518130369,-0.39843547101892796
YKUQ_at,71.0,9.144170735936248,0.568197002712063,7.24219680134524,8.891275061741464,9.21276836290768,9.521152390175125,10.1260354476515,0.0621376195961729,2.0758876783192894,0.7353820352746032
YKUR_at,71.0,7.495783225665337,0.4593694596455607,6.40826900079902,7.2169871175153855,7.39907637901064,7.703387131694235,8.70516499644618,0.061283717233536504,1.410672181655776,0.11853619039039787
YKUS_at,71.0,9.177658953765162,0.42812820488108055,7.83521941967151,8.880572944337414,9.23609735760139,9.503696413994476,10.0871374191752,0.04664895558201579,1.372951539331542,0.26251719060711975
YKUT_at,71.0,7.100590132228286,0.2732075212467999,6.29775837493953,6.900760637741055,7.09362263122482,7.288321660167854,7.63647159559871,0.03847673449094896,0.815245904694541,0.026516394092178874
YKUU_at,71.0,6.753160024691172,0.4033843837626038,5.74862826601529,6.47165132564861,6.77733794449266,7.054969625590395,7.69827458039923,0.059732685481720234,1.2638028681997826,0.18430072425502342
YKUV_at,71.0,7.5574574492054385,0.21636519824649775,6.99745306553222,7.46951383398914,7.55981768561343,7.655082228093946,8.13699216923139,0.02862936373783296,0.8160156728793964,0.8603328553151424
YKUW_at,71.0,8.523057683338312,0.6751472161328949,7.15153424998163,8.13820004804913,8.59530617537963,9.03038140462995,9.75732764726857,0.07921420236926675,1.5538964486795772,-0.6960391965281745
YKVA_at,71.0,8.88622115580014,0.41852593814316175,8.08864478430791,8.5977574129897,8.79575070007007,9.199427967287924,9.8431916898767,0.047098303182560905,1.0971963967270681,-0.3572089042531603
YKVD_at,71.0,6.607562872712092,0.18744878592895847,6.1518094116636,6.474367760072855,6.59838023201694,6.755788780774055,7.06288190526882,0.028368823655554504,0.49722592790183096,-0.3243611095802712
YKVE_at,71.0,6.782669773104245,0.28584471478999973,6.09875124650066,6.60727574650599,6.77116783550575,6.937780289680365,7.77710490941323,0.042143392550744264,1.1746821342335334,1.2182551120695502
YKVI_at,71.0,6.984602205203087,0.5271856624507218,5.84659029457297,6.54468334143456,6.9896433970318,7.341527335072725,8.17078628452829,0.0754782659000969,1.2445311216371242,-0.6334197317286532
YKVJ_at,71.0,7.461538500810867,0.1741080418359888,7.01926555058695,7.351564732529675,7.46730834757724,7.57098847570478,8.08410630332006,0.02333406733974072,0.7423000428860809,1.3812434483230795
YKVK_at,71.0,7.455440816479252,0.25571438532263774,6.89360119026869,7.310634152002775,7.45689561851722,7.6084619612552995,8.05195158147496,0.03429902961035052,0.7140177986829146,-0.1764951998756783
YKVL_at,71.0,7.96426513198436,0.22276060350511048,7.22307088674461,7.861993824484834,7.96826493291617,8.087745070560615,8.6448405408642,0.027970013530879016,1.0700796646612254,1.953299905014414
YKVM_at,71.0,6.330313674585187,0.2699140537919067,5.55881560045532,6.156136892714285,6.24928963257635,6.472854294456679,7.1292446436262,0.04263833795085891,1.1422757396933412,1.3479467466551842
YKVN_at,71.0,6.709081496594848,0.3120407907292706,6.20439400208417,6.449083024241945,6.69627252811351,6.928164436746735,7.50499707696543,0.04651021021098714,0.7683416782856273,-0.5258388020358322
YKVO_at,71.0,6.575729679795062,0.36505821921778603,5.71539201247985,6.333219824145105,6.51087799601573,6.81035860615782,7.96782170371477,0.055516001568538226,1.7375919293432698,1.9067605735463609
YKVP_at,71.0,5.70519883820024,0.3717804104707092,4.92689020799096,5.4500158157195955,5.69731022505436,5.9426086598023105,7.06017993025086,0.06516519774584945,1.5845503001726198,1.3797767538105559
YKVQ_at,71.0,4.637443793043727,0.33457384017988695,4.04233310144468,4.42395012978756,4.61111992982147,4.78958599892937,5.83429300361882,0.07214617688342778,1.4118181455546146,1.334978841450038
YKVR_at,71.0,8.155737426981164,0.24486760332397567,7.63095857300434,7.9988693560915,8.15680585449509,8.299784153715201,8.99291925247337,0.030023968465916283,0.9464179492165511,0.9593807742008496
YKVS_at,71.0,6.375082108035251,0.31355824728418763,5.4436447970701,6.22505096729553,6.41460253001564,6.562799328237254,7.14797679140957,0.049184973929821865,1.1647395016128435,0.8001001701990837
YKVT_at,71.0,6.419843823793995,0.528180620235481,5.19232173321025,6.02216241673503,6.41072141890343,6.82074429562252,7.60404368499733,0.08227312606544643,1.2538503652694672,-0.6194463579642857
YKVU_at,71.0,6.157754795082047,0.40154333275055043,5.29948646101227,5.8401049083595655,6.13330075053194,6.45567462150543,7.01847805427913,0.06520937356441134,0.9490057720952629,-0.6305733875242594
YKVV_at,71.0,6.729928481000682,0.27629651633649344,6.06311048288093,6.523360270571435,6.72247716887702,6.963880169964075,7.28114666008005,0.04105489636576502,0.6565570201959029,-0.6169344682168276
YKVW_at,71.0,8.591521276804135,0.582675539955964,7.18044707791764,8.21976384372974,8.51195156976574,8.888377498015565,9.96527502764496,0.06781983320335871,1.9037152456807631,0.3263917675613168
YKVY_at,71.0,8.18745582648843,0.7018410123530006,6.67870791703989,7.782225710836665,8.22537495345332,8.56840930719252,9.73498478691998,0.08572150216461291,1.876855727280871,-0.30149777179151416
YKVZ_at,71.0,7.315078663501407,0.43822334081477865,6.35190382856205,7.03654918752839,7.23517996445404,7.5468222811980255,8.39229450220521,0.05990685281366754,1.352368849497983,0.13456515971299643
YKWB_at,71.0,7.465630542867017,0.40361941921109457,6.64690960254845,7.20634684168456,7.39709230683254,7.667795140360165,8.43349237915113,0.05406367444699361,1.1912156766540087,-0.008050545548826893
YKWC_at,71.0,8.165675614804142,0.2813126441095271,7.67613793502631,7.944837664365394,8.14336400286039,8.358862846855459,8.9826407132914,0.03445062691438724,0.8521333681680366,0.07432479579183182
YKWD_at,71.0,8.316989146433842,0.6281299324725782,6.73694112891523,7.87879272749147,8.21140157200534,8.692101386979079,9.95202723858463,0.07552371674572976,2.010581774153072,0.2561970428967064
YKYA_at,71.0,5.887935588221252,0.3552145376221215,5.22418985146119,5.613149848152325,5.8556109927604,6.10868564039973,6.84048526456378,0.060329215953504,0.938817981091259,-0.3345635950604642
YKYB_at,71.0,8.79448995755655,0.6303747266044466,7.28904925106797,8.364522142875916,8.81133042013938,9.269451733059444,10.1162843755421,0.07167837244078099,1.5422397642970078,-0.5425335391015373
YKZA_at,71.0,8.675680821906264,0.6896360423322052,7.99382567565118,8.30661552570259,8.5038316233657,8.782304935760497,11.7102093261848,0.0794907116212552,8.65212032590064,10.150925591692793
YKZB_i_at,71.0,7.94115612927229,0.4788629659033096,7.10906336080353,7.563446820879751,7.98261484729546,8.277163597647661,9.01872612580535,0.06030141683503099,1.0622990462502953,-0.7841215531981516
YKZC_at,71.0,6.645371222852676,0.2808686630080155,5.98141871595649,6.43562909857668,6.63129183223288,6.782523032650991,7.34101152731617,0.04226530822569251,0.8246814393338613,-0.024094015662890378
YKZD_at,71.0,5.896082510252122,0.43698726090060497,5.02755417768199,5.585917782570055,5.89237545461255,6.182403559102755,6.99849638471737,0.07411484831509235,1.0483789266243004,-0.5927620401909603
YKZE_at,71.0,8.088646926768318,0.4296029272254448,7.20604903589558,7.81380487724532,8.07037682998646,8.359365658335955,9.17331978735364,0.05311184072131152,1.1800167831179635,-0.2246566157461256
YKZF_at,71.0,8.1956448976597,0.4662924296712633,7.20044480380974,7.88131925761839,8.11843623241274,8.55365447079109,9.21966831713167,0.05689514803214754,1.1819686290502798,-0.4490624245206227
YKZG_at,71.0,7.280182763816661,0.5551687728256584,5.76949995253526,6.8723432463666505,7.26764106932215,7.625642118718535,8.39768615324018,0.0762575323774714,1.4742938166184787,-0.32120416724143785
YKZH_at,71.0,7.974644749838981,0.4487849669235154,7.03776601858889,7.627797048281485,7.97267147728595,8.27229000081257,8.97098299042269,0.05627648390639307,1.007864571619222,-0.7551258622601562
YKZI_i_at,71.0,7.286970651918414,0.7348498054136253,5.83840398511986,6.70345103379959,7.27310727669048,7.772624031445146,10.2050455330847,0.1008443481544919,3.6445985837369075,2.118402865627921
YLAA_at,71.0,6.273092913125792,0.47186168397447115,5.34291520523443,5.902037529695125,6.28170167766254,6.650585341857266,7.31756811864807,0.07521994182282074,1.0629773714346522,-0.7477479001700438
YLAB_at,71.0,5.339299716045556,0.47321981491719173,4.57868836079996,4.981385751745879,5.2358145620489,5.698671398679375,6.58383628335421,0.08862956568912607,1.1674923564339583,-0.5207425051198498
YLAC_at,71.0,6.550669532419605,0.36969204369160497,5.80292958051044,6.2566757038280105,6.54573829139836,6.8221343194287805,7.35905296791059,0.05643576459810402,0.8688736890160884,-0.6444781120463423
YLAD_at,71.0,6.7288600760048904,0.3222576013353046,5.8435839717846,6.4918731820231645,6.77929009566522,6.945286488661566,7.35324713022118,0.04789185652477378,0.9195744497501882,-0.1115986956658257
YLAE_at,71.0,6.220666145251461,0.45876582366114343,5.08383872581773,5.91379508391344,6.26795540214235,6.5061093455403896,7.26477737372904,0.07374866500613311,1.2527856857304875,-0.24158478794652183
YLAF_at,71.0,9.155710772631084,0.7903800229971855,7.60800841630978,8.60006003603479,9.15437259878257,9.71471792872747,10.927710533127,0.08632645161311199,1.8607026001288887,-0.6403234378065941
YLAG_at,71.0,8.60092977475742,0.4231745618568119,7.14107753154279,8.322209851365335,8.59941889986849,8.84764435273099,9.48170018054831,0.04920102511460711,1.6780657907075063,1.06568997363531
YLAH_at,71.0,8.372923425850605,0.5159402508895413,6.60184614993196,8.05676056312426,8.36462942482307,8.738893147277535,9.23439935876761,0.061620084724126924,2.1440947738008207,1.267164457988743
YLAI_at,71.0,7.8125630190871584,0.3017876859514851,7.1478060435271,7.634703795696961,7.80832945782702,7.985617439186515,8.54940511111819,0.03862851220709216,0.8560181396601326,-0.12964861896424917
YLAJ_at,71.0,8.635294003887148,0.4009731078438514,7.74283135288735,8.368905872784264,8.63502955728211,8.880016969692715,9.53453439673304,0.04643421609772113,1.1101483215797812,-0.2014960723016621
YLAK_at,71.0,7.3285528866030365,0.393029605163186,6.44731198176547,6.997774294746435,7.38892339095958,7.62774121215545,8.01805163720171,0.05362990637369404,0.9283947488976974,-0.6318926855027089
YLAL_at,71.0,9.18270799053667,0.6280892063272788,7.75666606074535,8.837515106292258,9.23834599109865,9.671177372558851,10.3873318561293,0.06839912659474333,1.5995120321249003,-0.4365585117070889
YLAM_at,71.0,7.535768068627107,0.3043819978230925,6.67624632886542,7.3462849953583,7.55012775484491,7.68895475405822,8.61906631410494,0.040391635603847065,1.4573617008267166,1.936587577933806
YLAN_at,71.0,8.86681073548508,0.4018067564341531,7.70636509963182,8.555749277414495,8.88013640516846,9.154421964499026,9.64537477752462,0.045315815169722495,1.1271131858535084,-0.16287312856743075
YLAO_at,71.0,7.599154411283472,0.2326749259893206,6.92989318492276,7.46342754656934,7.58725109420876,7.746975552302326,8.11234452095625,0.0306185285094138,0.7359397016929184,0.21601603297861915
YLBA_at,71.0,8.836301934867153,0.35640241134436557,8.15657237395844,8.58458574664435,8.78917462725384,9.06831941464096,9.72682287175539,0.04033388786071668,0.8953421559132633,-0.47305145328665965
YLBB_at,71.0,7.784505034348273,0.24363006558605105,7.29429198089135,7.59590704027589,7.7673996818512,7.930110773288526,8.53745038818403,0.03129679594413006,0.8471670676821893,0.5488210089601484
YLBC_at,71.0,7.370090854030038,0.21612296101663198,6.9038550899898,7.23841613670137,7.32530081338323,7.50546720659048,8.08090749633398,0.0293243279217452,0.7514855435555798,0.5486645025543657
YLBD_at,71.0,7.5714879296335225,0.3811069610833186,6.45850065790747,7.319871570546756,7.58800310253087,7.7928010024069305,8.62667931400779,0.05033448704206876,1.352098454643152,0.6235217331173266
YLBE_at,71.0,7.138335639054538,0.2685920039451005,6.60264483680547,6.981308437862375,7.1335176086358,7.3242919593058105,7.75885806074653,0.03762669864885691,0.6504451004540788,-0.5688557676930621
YLBF_at,71.0,8.517905649950162,0.29309723577955615,7.76519279425032,8.348125078427241,8.45644829888393,8.75980419359591,9.10074041561829,0.03440954241859571,0.8180421156663014,-0.17778792970734614
YLBG_at,71.0,6.826070287416243,0.42303639143744515,5.65818103225562,6.60804669972147,6.85714999981386,7.10494051712455,7.63231320146684,0.06197363543374382,1.2775377779449433,0.06457432737099822
YLBH_at,71.0,7.063649918830707,0.2430907587653934,6.58939239936784,6.8649170936191855,7.04087950463724,7.18520115170591,7.99925938905058,0.03441432709134513,1.2383077013708932,2.2606694371634903
YLBI_at,71.0,8.144619134008085,0.23872294992369314,7.47635125558997,7.9937653507814055,8.16982986665872,8.296761511084895,8.65544312379203,0.029310511148016583,0.7321939608236051,0.11455548511329372
YLBJ_at,71.0,6.708752623024518,0.31222575824715465,5.94617060499858,6.52297606728952,6.66956340011015,6.935629138384019,7.38076849041987,0.04654006128882919,0.8376237190283472,-0.292433279708471
YLBK_at,71.0,7.867847406852786,0.2947746984364547,7.18522130602006,7.653146392864845,7.84595036646078,8.063700437572706,8.66482351902363,0.03746573658504231,0.8057899850596489,-0.23861434828203665
YLBL_at,71.0,7.272328183230528,0.22257968871734352,6.69681429316228,7.161203543765355,7.28196457770303,7.41419199623836,7.7706818248104,0.030606386718162203,0.7404255014866613,0.3892515362518876
YLBM_at,71.0,7.06932078952288,0.2578534473070449,6.01018521552851,6.910786976274885,7.08523669270247,7.1998281626823495,7.80353472841659,0.03647499596979639,1.6340322810486767,3.5768339133224503
YLBN_at,71.0,6.904503102479473,0.637980939227476,5.32461535632695,6.429622082787045,6.86548799077855,7.368722622142,8.09563309846726,0.0924007028106586,1.473840554009838,-0.6869364011862977
YLBO_at,71.0,8.208815317346982,0.6392387548376204,6.95986200878707,7.778856022573305,8.08948729612969,8.643824745043755,10.0497859044914,0.07787223005087862,2.0083209361432046,0.19355420271574353
YLBP_at,71.0,11.322344230781574,0.6240483898636936,9.4481147228754,11.113193080903251,11.4860039292312,11.74575965431435,12.4557494074828,0.05511653568764672,2.0725746292493996,0.38354712623410325
YLBQ_at,71.0,7.493055216885898,0.2878221148541208,6.60265303191866,7.336210223232765,7.46642244596048,7.6176232385419045,8.22486271878523,0.03841185024307604,1.1727491097644829,1.181250002987146
YLLA_at,71.0,7.945275945410556,0.5557487340129398,6.88826954350549,7.53885044450267,7.84355181053388,8.3800366447467,9.22796435355976,0.06994706512792144,1.238533369791162,-0.7733139446058126
YLLB_at,71.0,8.84189149673043,0.3974367020561213,8.08151770644194,8.51845286500335,8.81215845201406,9.085103134072895,9.96713045165079,0.04494928513916804,1.0117202731268138,-0.4376367529369216
YLMA_at,71.0,6.079833242411061,0.34246298556808175,5.33449575919156,5.893213867026406,6.08760666215585,6.276126677461425,7.0343825621672,0.05632769385501637,1.1158942305507664,0.3171179544273328
YLMB_at,71.0,7.807474666557069,0.37707333743084,7.2055723978799,7.5362365654810795,7.74425848301765,8.035681818461441,8.77747176735335,0.04829645353138511,1.0876321310601962,-0.0789166943411157
YLMC_at,71.0,8.755504482235395,0.4588817099267248,8.06739342313013,8.421134004353945,8.67643883865994,9.042626057029075,10.0682753245468,0.052410653304761516,1.3332507719634064,-0.05664986824554852
YLMD_at,71.0,8.970107465962649,0.2829326979781061,8.17954192327205,8.765284703220274,8.98156733960104,9.177401207227105,9.53450197272325,0.03154172890923582,0.8084925598050385,-0.10735777966786575
YLME_at,71.0,8.002193821101777,0.401743654241097,7.10983167010685,7.7049008090437745,7.95458347717053,8.346350261827524,8.81671256290168,0.050204189403873146,0.8973471672220891,-0.7679710391002974
YLMF_at,71.0,9.647187970839195,0.3194159705723779,8.7575496412634,9.39494655857238,9.6439699394802,9.919343010618231,10.1687392866017,0.03310974882399771,0.7593354200348716,-0.6158914823204586
YLMG_at,71.0,8.609384055934632,0.47881674042667566,7.72900350488323,8.270496841194095,8.63175796629248,8.942377018268505,9.47083005173444,0.05561567904461378,1.0144373024821933,-0.8897330711751419
YLMH_at,71.0,7.245695824310839,0.2815586412666748,6.60243070668344,7.0562680530871305,7.26990103002664,7.397575837624686,7.86352299595965,0.03885874429367931,0.7735936961684935,-0.22383207562258756
YLNA_at,71.0,8.907725505455403,0.6184670418368934,7.53911876332403,8.55618172773022,8.87390513971009,9.314871943499849,10.6338952087328,0.06943041087852589,1.8642893115775203,0.05869494972239098
YLNB_at,71.0,9.815705202947672,0.6057803035982842,8.27183559638565,9.43425415455317,9.74844798187731,10.21107370560305,11.419929141175,0.061715413317055136,1.8921491525862044,0.1742331337700458
YLNC_at,71.0,8.736328114520047,0.7658138660412843,6.66455839859425,8.23695925868524,8.78948497989137,9.301632330484905,10.8174629119093,0.08765855128179974,2.5698893285667532,0.4201677938222437
YLND_at,71.0,9.3991719781317,0.6965777445665876,7.77605793828154,8.970076674288965,9.40173154624777,9.880392635217884,11.1601846294796,0.07411054358695204,1.9783687273876,-0.12579984275117306
YLNE_at,71.0,9.139849195185633,0.6230980930138473,7.81060261031152,8.719317147681705,9.09878011421014,9.548045004505354,10.7842281455112,0.06817378270771261,1.7430769787710996,-0.17100136736804616
YLNF_at,71.0,9.841477729901998,0.5546789582165499,8.28400813231909,9.532301280054899,9.83462730885247,10.2413130848451,11.0208223783801,0.05636134871608081,1.7850626023740335,0.27450358872909186
YLOA_at,71.0,7.891770568055627,0.28510765326534643,7.19408423045251,7.6962018370334295,7.86866686817862,8.081352844487085,8.66873704053589,0.03612721008634077,0.8932977968028338,0.1845079753926928
YLOB_at,71.0,8.14767300713643,0.3170147839486134,7.50583046370344,7.89879696564388,8.15216439786465,8.347310526718566,8.82123650338315,0.03890862871778785,0.7424037359446188,-0.6533775467857166
YLOC_at,71.0,9.304197873383076,0.4635234482582253,8.44454890194892,9.009398348578731,9.27967454239419,9.57753866103109,10.6249412262439,0.049818743600052506,1.4669133254926405,0.2178680238758539
YLOD_at,71.0,8.572756776966145,0.5135645944405924,6.63154116962742,8.25427789695495,8.52675776171118,8.82400131517119,9.83479008896135,0.05990658638776176,2.5786807425119895,2.1835109412966798
YLOH_at,71.0,9.982195720909358,0.4556221616249289,8.83226934157417,9.65616277958817,9.97888804344844,10.26854987719615,11.3452963378236,0.04564348109009254,1.6443030563328571,0.68821505051887
YLOI_at,71.0,8.507190453496419,0.23367903618812713,7.70892966344215,8.370166234033174,8.5193961105972,8.654061116176974,8.99393222781353,0.027468414803395645,0.8634385745488596,0.7793358551164671
YLOM_at,71.0,8.804730625240165,0.30778709318537084,7.75210673158848,8.606298368375594,8.79612561810583,9.028501828276045,9.34503100667561,0.03495701416498195,1.3209397950692212,1.4111947646943204
YLON_at,71.0,7.4805441761223515,0.5781175299115079,5.60413915469823,7.0898944298726345,7.39493302199104,7.855813007215305,8.72778251652309,0.07728281743951727,2.0372964328062277,0.5983205767284954
YLOO_at,71.0,8.438568838669642,0.32037360099923895,7.36147289129365,8.211469577702795,8.46362174880977,8.66099654830855,8.94855987178776,0.03796539521383421,1.3035785987285715,1.1752892803148844
YLOP_at,71.0,8.110557031098374,0.32217122050018937,7.34183960602535,7.897562753241015,8.10333908785835,8.27972864308297,8.85256399504914,0.03972245300352192,0.9654929985618879,0.04012382736865927
YLOQ_at,71.0,7.047900376445024,0.3709627339262103,6.27153393638929,6.74878535509075,7.05322685541634,7.288559041001895,7.90102302874569,0.05263450305938131,0.9651071412412753,-0.3783270844875819
YLOR_at,71.0,7.683770138764624,0.38898847922058105,6.97144953233456,7.38606976506982,7.66986508684296,7.890433213504435,8.63395681902604,0.05062468972856619,0.9900575646663592,-0.43806355456163626
YLOS_at,71.0,7.433265974879486,0.21907617828514983,6.82277842202609,7.335219606166935,7.43063005753002,7.55288777453003,8.31822768491001,0.02947239867717792,1.4217794470095977,3.7386517916418667
YLOU_at,71.0,7.891710770248132,0.28841869636823214,7.2840327920541,7.668781180150515,7.90616180785811,8.115627907254002,8.4562122029043,0.03654704344406221,0.6505691695797856,-0.744666074821092
YLOV_at,71.0,8.061619408226216,0.3698620846280716,6.79675168192809,7.85868441657343,7.98327624348073,8.35093222754261,8.69451815390562,0.04587937806275721,1.2883799947283203,0.5553204517436492
YLOW_at,71.0,7.75419552237974,0.31774117928365764,7.13929703172522,7.492741753311815,7.73246936771889,7.983053875787,8.57552685491619,0.04097667880138052,0.8168130553144143,-0.41108865706580167
YLPA_at,71.0,9.154790502291249,0.2752591041311911,8.45238132782577,8.97619073378868,9.14508614728757,9.31579221522151,9.81715255985194,0.030067220441833114,0.820831042051525,0.024451724263181873
YLPB_at,71.0,7.85282012363129,0.29461870823641906,7.21074301246576,7.654698330880546,7.84053816792761,8.027340058566,8.70895215112678,0.03751756739592577,1.1281769987142614,0.9215375384744195
YLPC_at,71.0,8.757939642783194,0.3043770979889426,7.89313390641231,8.54701582569355,8.73203431652401,8.94220291425832,9.42568631915371,0.03475441832255129,0.9331708831168265,0.11318911839450996
YLQB_at,71.0,7.025987564991741,0.37044662434521963,6.06296508206603,6.784612891937815,7.06463712549074,7.26378375581826,7.85233258919765,0.05272520352740691,1.0980734998461776,0.0055598479057317185
YLQC_at,71.0,8.051190538162388,0.37190512000539183,7.20238110002288,7.79889894540111,8.00849421635209,8.357464788507876,8.86074918755624,0.04619256223568097,0.8721232745391064,-0.6500347288893908
YLQD_at,71.0,8.04647592288514,0.4481851493140033,7.09458129803493,7.6778320765263945,8.04446827411241,8.34899293221195,9.27719106269661,0.05569955762115824,1.3126317581276934,-0.03194046724487176
YLQE_at,71.0,7.516010819090401,0.252050172507607,6.96953768580613,7.345537540998215,7.5420937310369,7.643610399814236,8.51210050800266,0.033535099745653434,1.35215296872546,2.547191758234442
YLQF_at,71.0,8.793361304104472,0.16353450177621726,8.42681573560746,8.68605054003951,8.81013442175243,8.905176921352435,9.1795288284503,0.018597496010983233,0.44969931653596285,-0.2213607613232349
YLQG_at,71.0,7.313029282129234,0.2166207832824083,6.73620652563258,7.175939057740575,7.2904035940038,7.4481881419803795,7.92926605325579,0.029621210981851533,0.7756263345038327,0.658201668703398
YLQH_at,71.0,5.900703906217835,0.3137032937056364,5.24461493728965,5.656802467735435,5.90760129678683,6.11471566924022,6.56579516832458,0.05316370702401678,0.7534364215511995,-0.5899644820706587
YLUA_at,71.0,8.148191332574084,0.33814057440332246,7.35726015743022,7.943607555182855,8.0953138899456,8.29773458282852,9.14516816897663,0.041498850554912155,1.4227596432015681,1.3221115582817342
YLUB_at,71.0,7.787708171928513,0.25560135064404954,6.89389000227879,7.628423691840791,7.83845986038999,7.9614566122579244,8.21266434930791,0.03282112593347904,0.9652867994431531,0.865689108806798
YLUC_at,71.0,8.268628361790327,0.4536040465255457,7.11856444239587,7.891329390332325,8.25320042795287,8.564687591638805,9.23164746903857,0.054858439233001294,1.1301982621736937,-0.49483130994103197
YLXA_at,71.0,7.843031077449185,0.3934130630810506,6.94673065155741,7.56265175989464,7.78756610160022,8.157399658621681,8.65572622696888,0.050160844601549334,0.8578103778173196,-0.8242997672016741
YLXF_at,71.0,7.717726415132522,0.2954086131906053,7.06844077924393,7.527206480240885,7.69873030953686,7.89432242408518,8.43618717303934,0.03827663709501068,0.8166643644357529,-0.20584868264488154
YLXG_at,71.0,7.294216471254181,0.46454028050350155,6.28740987433531,6.988293284291385,7.37595075187034,7.59962712949336,8.38737733461475,0.06368611109009596,1.246511513661836,-0.29182703828187373
YLXH_at,71.0,7.788482199386219,0.31099337881864497,6.86878238223078,7.62118576456686,7.76262217746816,7.984121160551425,8.76864030655795,0.039929908146051,1.2658366378834145,1.1767380652032715
YLXL_at,71.0,7.352872817493477,0.2992669265316509,6.44907008170579,7.147087279510314,7.34390439943427,7.56978035025438,8.0511209789998,0.040700680395240135,0.984237177337805,0.34929518754571287
YLXM_at,71.0,6.6854974226145725,0.6452968951037342,5.10829684461942,6.245961704217445,6.68140509962686,7.162843145254129,8.13196593294099,0.0965218972220276,1.7550765362808927,-0.25320730649719136
YLXP_at,71.0,7.636945483757217,0.7012712655654084,6.2905234107449,6.981758413438801,7.63808563624902,8.152641476464435,9.13708820988563,0.09182614529027613,1.519681197803183,-0.8384819311051199
YLXQ_at,71.0,9.782259331055679,0.4803175742035959,8.33394821652885,9.51806441422258,9.84854939363512,10.13504443521545,10.799003799476,0.04910088333875331,1.524714273448854,0.22812422356292839
YLXR_at,71.0,9.559628139511604,0.5595870196359299,7.78422680864845,9.255379605777964,9.58924074353638,9.97956578252372,10.5734402075194,0.058536484000152635,1.9036403260917119,0.46898394812822497
YLXS_at,71.0,7.525466894459064,0.4462395272965548,6.73155737935329,7.24924262197968,7.43649427488863,7.7324993656045,8.74512930583275,0.05929725471586582,1.4047819787531648,0.20023147243671424
YLXW_at,71.0,7.67704247923848,0.24162742321801017,7.18408498161641,7.492567279023075,7.69581456261481,7.86442300415825,8.24652946288079,0.03147402451809519,0.5599206316054524,-0.679391939416222
YLXX_at,71.0,7.680729694406381,0.2206022324964638,7.18922828135908,7.53366905588404,7.71256663523881,7.8184455615183,8.08596445083461,0.02872152012550592,0.5512403478252176,-0.48720654345340364
YLXY_at,71.0,6.776115442742602,0.346001707347863,5.73539548192485,6.54240712176389,6.7956026264586,7.026787621017959,7.6010932406214,0.05106195581694818,1.161639713707012,0.4218209450888546
YLYA_at,71.0,7.54578741622978,0.5019868275962766,6.23992582954881,7.30468224636141,7.56921070892491,7.89160195367152,8.52808570216185,0.06652543994501929,1.6231752744564498,0.29071538461455226
YLYB_at,71.0,8.07943768526161,0.19016448307848116,7.69931356792219,7.953189391050845,8.07152230195376,8.22130708436867,8.49373505194945,0.023536846311145686,0.4663886471498835,-0.5361705367844869
YMAA_at,71.0,8.702643585038503,0.46014593003218074,7.65253858313322,8.30905043486983,8.58817030245682,9.058112594106976,9.76224438361706,0.0528742703910406,1.112685040207012,-0.5726369607252688
YMAB_at,71.0,9.086424483156469,0.39505951023701763,8.55677829241459,8.77338041184015,8.9638815837359,9.41182203549415,10.081447063683,0.0434779941185161,0.9522686469904045,-0.580757983862338
YMAC_at,71.0,7.044452472003469,0.32417969844649513,6.4418704525624,6.81654528257738,7.02441961392957,7.173317140124174,7.96960273308762,0.04601914765340126,1.3829895046588208,1.384075939029631
YMAD_at,71.0,8.328304457348755,0.21644556571490026,7.74250213471446,8.222189147191296,8.32603944826839,8.470618460073025,8.84983263037949,0.02598915143212762,0.675078551051757,0.16940405896779298
YMAE_at,71.0,7.6329806444367945,0.3987004138225289,6.61471216150547,7.38985645111658,7.66361479059534,7.93728614187089,8.31532830192879,0.05223390866490889,1.10961944555576,-0.18619032537370783
YMAF_at,71.0,7.588066342847368,0.42990455500278485,6.45427488319369,7.2400130512412755,7.59321357016457,7.910061700238205,8.47030472022534,0.0566553500692597,1.020151807390776,-0.6204329123339556
YMAG_at,71.0,7.320867535743346,0.4412618089089552,6.39070178253534,7.058605715635515,7.28239691659589,7.548061365723475,8.27836223677328,0.060274524399538995,1.109408695392582,-0.4709263912265742
YMAH_i_at,71.0,8.481504904416974,0.445964915498663,7.56013219508532,8.137775872513195,8.44601068198446,8.800522755914109,9.67321236130665,0.05258087102754779,1.3353574660428749,0.03745417208789492
YMCA_at,71.0,9.716440747994634,0.6783047660087568,7.75026192592477,9.285447518304775,9.74851909972768,10.19402064207425,11.0064366485608,0.0698100038482457,2.0482898993679557,0.06435737322482904
YMCB_at,71.0,8.514521116269608,0.7988962070422926,6.09487945836945,7.984645188578385,8.44166390495621,9.130150387990305,10.1693412309044,0.09382749729937906,2.347574548164928,-0.02161547173167877
YMCC_at,71.0,7.498552817500451,0.3890252688616095,6.82207748766693,7.17792658058163,7.52152741646415,7.83002002428926,8.27363436766825,0.05188004650093085,0.7499579613801712,-1.0918058052082555
YMDA_at,71.0,11.04417049206388,0.46107786380816607,9.8319060931041,10.799325084729851,11.0909154675191,11.34537391979515,11.8062448027633,0.0417485282520301,1.3806708471721367,0.03759315094072635
YMDB_at,71.0,8.723354304366048,0.30761180870204885,7.97482521773299,8.53432849991989,8.74725481919313,8.91888013809443,9.46499040802597,0.035263019014152484,0.9548138234259046,0.1535503665468667
YMFA_at,71.0,8.574121060952649,0.5267515705321367,6.74489549851704,8.192506120497175,8.60556087794308,8.91128931216573,9.83761991942062,0.0614350516848908,2.19813330130623,1.28547624569494
YMFB_at,71.0,7.822008235373978,0.5971970490596465,6.57296473619266,7.415926843274215,7.89253010253205,8.25417573614897,9.1345690452521,0.07634830226320952,1.4207761029324766,-0.6139725663343798
YMFC_at,71.0,7.152667472043394,0.3985894085299897,6.01505663856442,6.8955095677231295,7.12645795931795,7.3704251279399156,8.16813999042852,0.055725980564299823,1.3364094711336867,0.4170814143920478
YMFD_at,71.0,7.488048177192948,0.33991666009278687,6.7934514318225,7.220444841712485,7.44793645572748,7.73275635168443,8.34873313691617,0.045394561045707875,0.8910183829150115,-0.35751427721276663
YMFE_at,71.0,5.084136048269746,0.3012608398723392,4.54329327706938,4.87490111347051,5.01164192065403,5.28910526008209,5.93980940193996,0.05925507048043403,0.9972587511680595,0.37201360402576933
YMFF_at,71.0,8.394842460437362,0.3067965128897659,7.65988495738141,8.179566828776359,8.37157061170663,8.59236209994444,9.07903177073202,0.03654583327032228,0.8344488635893171,-0.2531222710305818
YMFG_at,71.0,7.932253158454188,0.3983285742245757,7.09311612967906,7.677750563774385,7.8548521564664,8.173288177381465,8.89228813956347,0.05021632142439093,1.1515399415373413,-0.07200784356175749
YMFH_at,71.0,8.167373336745339,0.5194152420030642,7.02184334853393,7.81458521830989,8.11790123156887,8.479567109401465,9.34783348291744,0.06359636330889813,1.4816994444103424,-0.11256067963839111
YMFI_at,71.0,7.8482134485345,0.20453702205356541,7.22405373471211,7.73801745261982,7.84344991755162,7.94931032957991,8.42840400267475,0.02606160285966212,0.8721571443183992,1.3818896068547266
YMFJ_at,71.0,8.330113048310372,0.3149860277292769,7.66564593482412,8.111297960857465,8.33854915487067,8.510902062705181,9.2100294986116,0.03781293553911213,0.9085628805365187,-0.07886398142836804
YMFK_at,71.0,6.637005305632147,0.39235883921263787,5.71002010189897,6.368942818682725,6.63937470025722,6.935065096220384,7.62336044273288,0.059116848811267796,1.0975949010497543,-0.17101163304517053
YMFL_at,71.0,7.528718265491243,0.28395028112834186,6.5264036741878,7.381798836829935,7.52902552379141,7.686152229729975,8.18057974420078,0.037715620523331446,1.4177333672204608,2.153600246799403
YMFM_at,71.0,7.381343104912698,0.3672281741532776,6.47033908117663,7.12740661097225,7.40853105941277,7.600004832907954,8.16207654684747,0.049750860911595696,0.963331051326037,-0.35543424346107955
YMXG_at,71.0,8.281666264554127,0.23232505592289981,7.75054398758994,8.15326362300775,8.26409890630421,8.4575219788397,8.72021034899618,0.028052936269269944,0.5933824058709871,-0.4286466820829906
YMXH_at,71.0,7.521978487654254,0.4394498729780957,6.67281391394088,7.19026926830841,7.51934745679383,7.89178005703488,8.30099180963073,0.05842211244014593,0.8653144476569319,-1.0480780883194636
YMZA_i_at,71.0,7.474863126360712,0.6359316970006337,5.8945092818286,7.034677660708304,7.61494629516984,7.9481655099937,8.43757023669726,0.085076032330006,1.4774664391156436,-0.6730170862663716
YMZB_at,71.0,6.813451515595783,0.4414625683488519,6.06430674127028,6.4856052918022105,6.80574989392961,7.01492020722171,8.38845659228568,0.06479279515504845,2.1389591919390836,1.9971828749110019
YMZC_at,71.0,7.356959092695868,0.5358400756204766,6.24418917548831,6.94206590005254,7.30198932657288,7.79303499634714,8.69898512118546,0.07283445087420277,1.2745659718660245,-0.6144415466376953
YNAB_i_at,71.0,5.308940152097744,0.3298828979611612,4.34823755753342,5.10717641082588,5.30866127995108,5.48570778864358,6.15759268496422,0.06213724180537488,1.246361449703232,0.8674479417533814
YNAC_at,71.0,5.449038214440113,0.4194254775406639,4.27998502989424,5.2002088854614055,5.42010114295458,5.654960339273336,6.5401668482684,0.07697238687538913,1.5325970628253496,0.7359901692197646
YNAD_at,71.0,4.902458940041957,0.4820354673151199,4.13776395923084,4.5660207627879945,4.82011672443357,5.2259154654616005,6.41756935919746,0.098325243150531,1.5109687290331242,0.18595275237421216
YNAE_at,71.0,5.801393737899708,0.4308708149795912,4.89524568119565,5.5279425644693,5.74216052782173,6.022996496797486,7.09729377701978,0.07427022444016709,1.530982798952801,0.6292504477284484
YNAF_at,71.0,4.441243435549821,0.4073377314248235,3.69879089385775,4.159200678054905,4.38574077216481,4.591793827183086,5.93033564695684,0.09171704666407135,1.991221517404121,2.0429391718442558
YNAG_at,71.0,6.143826408185658,0.5173083284134453,5.03710283382111,5.851723775737115,6.1096405029686,6.360403282339485,8.07569919883035,0.08419969804553973,3.009499436578651,3.0268327521450216
YNAI_i_at,71.0,5.121881804467484,0.6523078112059589,3.9758379114752,4.642850316829735,4.93206392423806,5.507793469634715,6.88764830741113,0.12735706057039295,2.108319852979667,0.28922434628374205
YNAJ_at,71.0,5.845362353155481,0.5407699066579532,5.13670036784876,5.46332447803542,5.67015787902332,6.12054959218197,7.7202564850255,0.09251264061774227,2.280749368583086,1.332698285988375
YNBA_at,71.0,7.321548666956751,0.1558591935785134,6.97722766028289,7.2125522255174594,7.32891730300367,7.4177004774965845,7.73388428892434,0.021287735787638668,0.4485982702337986,-0.08545696630477995
YNBB_at,71.0,7.197647959916248,0.20716102052877353,6.71668978933424,7.05556230374758,7.18767869708343,7.34357509565009,7.68345950047228,0.02878176616617744,0.5937151534776213,-0.09844667458879686
YNCB_at,71.0,6.579431672589342,0.3147747993086053,5.98314340197678,6.337610165970165,6.51746799839281,6.850770322523725,7.34358397300381,0.04784224762451638,0.7624801387402771,-0.5682002494082949
YNCC_at,71.0,8.322746284452299,0.31264587051892956,7.53827622334467,8.152926475269531,8.29901675829452,8.51744020919109,8.86324429001001,0.03756522905221592,0.8592160536844705,-0.22312445359716504
YNCD_at,71.0,7.528489806169325,0.35645446592651175,6.79040914914786,7.27076439420102,7.46307566280454,7.732462428588675,8.9472185574011,0.047347406332995265,1.8649862603640284,2.40682137470246
YNCE_at,71.0,7.202917608705926,0.46301486314409124,6.25465587107928,6.872836549346005,7.13615577432395,7.43367170020538,8.46976118579296,0.06428157148215338,1.5810236476125121,0.4824964439473889
YNCF_at,71.0,7.918478823600151,0.5531638613196791,6.5719280272401,7.567495832550884,7.89286313196956,8.29250576390573,9.46360118202722,0.06985733922417464,1.6316486597952813,-0.009816513597227683
YNCM_at,71.0,7.9418928658396215,0.37666771302590524,7.08561553915101,7.720742437481444,7.91332457250026,8.08016955383614,9.20042527992249,0.0474279519239125,1.8321123165204216,2.017126894887604
YNDA_at,71.0,6.260682308901532,0.28158514947221847,5.53751831394449,6.113448222359295,6.23913883104144,6.44337801063823,6.98561233746011,0.04497675102789619,0.9128351175845607,0.29947313746251014
YNDB_at,71.0,8.703303358719538,0.5780456756042975,7.40341416662668,8.212109040080389,8.74721757974432,9.15346577357829,9.84369194161821,0.06641681345338533,1.271191812463783,-0.8045123157729663
YNDD_at,71.0,6.664688381464537,0.6154017761814013,5.44053807416049,6.1017975451322695,6.78045343434283,7.176091363907345,7.73963298692859,0.09233766696323308,1.2134639931268982,-1.0451786782254255
YNDE_at,71.0,7.068026105222399,0.37572217179360984,6.36554632104221,6.765359364479854,7.05714598701131,7.357256281708381,7.90352690027161,0.053158005672332975,0.8683626500875231,-0.6858575160613567
YNDF_at,71.0,7.167839202458209,0.3244626592905928,6.57963316695137,6.9192315841886245,7.14953017226933,7.37015937239064,8.05418587841906,0.045266453407509254,0.9755424487555258,0.05050897580647584
YNDG_at,71.0,6.80247994295642,0.3989924328885559,6.06721765138085,6.44849402297859,6.8042771793287,7.111285148218155,7.60770751769859,0.05865396682303927,0.8310502130772475,-0.9275983218743304
YNDH_at,71.0,5.749921653977298,0.4198159786852477,4.94937749327054,5.4083033035686245,5.74620312508775,6.080625679044725,6.78226128315324,0.07301246937770976,0.937249349402158,-0.769143130437234
YNDJ_at,71.0,6.9558202086915975,0.5404369111879692,5.99079316005512,6.506961168707225,6.97385154003385,7.43246302108987,7.94008711863068,0.0776956412002527,0.9937796412206902,-1.1859801130040977
YNDK_at,71.0,7.6763313084426255,0.3901797110639334,7.02615209677786,7.293154127334191,7.69772358177276,7.942052549391205,8.64812072184445,0.05082893056410994,0.9225635960268026,-0.6294484086204299
YNDL_at,71.0,5.062214035778369,0.32089431974309235,4.46150293871135,4.80716785777139,5.05959399578297,5.2752849632899395,6.20209157075929,0.06339011299702017,1.2875354780687311,1.1153622718151865
YNDM_at,71.0,5.924134405620591,0.3483622664861577,5.27366388530184,5.64262700911393,5.85036955939063,6.252432956610245,6.51738802583982,0.05880391001183987,0.6534969224386007,-1.146732664815107
YNDN_at,71.0,6.2548261644054195,0.3626126832653094,5.50671889613721,5.96733850498353,6.19054285627215,6.50000307335794,7.07676908704471,0.05797326316258689,0.8783623217230571,-0.5681876845323939
YNEA_at,71.0,8.149301332729225,0.3266888077104206,7.30206814159493,7.9414953394815,8.11482232803789,8.369617516856316,8.83435181123558,0.04008795286515826,0.9076378555403398,-0.19126829229315057
YNEB_at,71.0,8.112722902198536,0.3393089321648979,7.13188507599401,7.944180925279015,8.12216414081939,8.325781800111471,8.97658326567993,0.04182429700303774,1.2050049516315413,0.6272611611133287
YNEE_at,71.0,7.025990774672777,0.44418586197680526,5.72347625586805,6.67528724283505,7.03791966654536,7.310959858797824,7.92054103988761,0.06322038787440515,1.2711245457218854,-0.102962123717659
YNEF_at,71.0,9.87680482891594,0.4486681436310204,7.47567133423243,9.72042667710637,9.89716465931777,10.15476501792945,10.7621744989612,0.0454264462447888,5.8812467668230335,10.746313675046324
YNEI_at,71.0,7.520809154485964,0.24278331146186527,6.86290430715266,7.359911992000004,7.49715136166525,7.642573569566795,8.25701798284078,0.03228154131753914,0.9093215150311043,0.8327292459909246
YNEJ_at,71.0,7.812520760155048,0.48444480728243117,6.80831842415732,7.477116381287464,7.76876137810467,8.137677117814196,8.89251882301014,0.06200877055625473,1.1942177213040808,-0.5228584100460645
YNEK_at,71.0,9.04804003031759,0.4341499083681959,8.07775072627812,8.774974072311071,9.08707555088208,9.323015876933235,10.1761029702306,0.04798275725057297,1.3154331441566764,0.0751427834678422
YNEN_at,71.0,8.972589825889814,0.5956347233107447,7.35119613081643,8.577407254736315,9.06494244512277,9.420637334652405,9.92087766840147,0.06638381279751361,1.7319659065683555,-0.05418214010801137
YNEP_at,71.0,6.341100361250622,0.22253299397134033,5.81515708908859,6.18473366129561,6.33027189508097,6.512361056862529,6.83502544663127,0.03509375049970843,0.5677732372839908,-0.4314978106290228
YNEQ_at,71.0,8.673597491478652,0.20744854429650803,8.10204066904141,8.54049396648372,8.68001485604532,8.82298866655509,9.19206170886493,0.023917243623573167,0.6732812408052773,0.3034551159927634
YNER_at,71.0,8.851260154843201,0.4776487199906398,7.6611116422882,8.50681994268421,8.82033078605334,9.075603524935545,9.6798028494785,0.05396392283524529,1.149626688472941,-0.5845676444340286
YNES_at,71.0,7.55139380887835,0.34892308654702026,6.79207025051672,7.324753927590275,7.53480365561546,7.728355939347326,8.39019180226526,0.04620644815752865,1.0923253378218414,0.18172032436521768
YNET_at,71.0,9.479811141820806,0.681294713225196,7.85657264642477,9.085651809549521,9.53364174467139,9.970001395344385,10.9244396300579,0.07186796266643118,1.8070867898967864,-0.32453663896904184
YNFC_at,71.0,8.494035722108507,0.5732199328806628,7.49065132099471,8.098066957449216,8.42015251309214,8.848441824396751,10.0234628910323,0.06748499201488761,1.7907425317341776,0.17477877227131255
YNFE_at,71.0,6.574344658781697,0.6100906201697015,5.05069244879042,6.092076617544115,6.69321617784263,6.94098874901474,7.79713619460117,0.092798697335524,1.4681409043023437,-0.5850066960921478
YNFF_at,71.0,7.4792659006573325,0.388938946909226,6.67732451629827,7.235061257838835,7.44927609405295,7.73911391170863,8.39622839948628,0.052002289004732825,1.0884932844879935,-0.16974498383968362
YNGA_at,71.0,7.161188862893594,0.38950428712798135,6.48422247795597,6.9010905708568,7.11439944812022,7.46188148987959,8.03681676881196,0.05439100889326299,0.917812804509959,-0.6380216039979656
YNGB_at,71.0,8.080985278478625,0.28701466353777094,7.44593570566376,7.8917768860164745,8.07954693350546,8.27650298154203,8.69204815758167,0.03551728578223645,0.7375612239493439,-0.41206103879226896
YNGC_at,71.0,8.342210778595192,0.4911580074312837,7.41345010639959,8.020828602074815,8.22892713935329,8.721178458846445,9.41957032478654,0.058876240419568196,1.1253958368353167,-0.7068981297464658
YNGD_at,71.0,7.320026918351509,0.3069641942026831,6.73775785048301,7.06878442842196,7.28366445892655,7.55761020654334,7.96810268804763,0.04193484499805806,0.6552176843969312,-0.8729244946070818
YNGE_at,71.0,7.740030479026825,0.27456016578741016,7.13060060108883,7.568978361613301,7.75741097375335,7.943961040222055,8.43619577945016,0.035472749949937064,0.7239830402140063,-0.34099853731534235
YNGF_at,71.0,7.890803549142828,0.2956836759419534,7.22941837233103,7.70083586484321,7.86169109103676,8.101324939982554,8.74933665255002,0.03747193477831206,0.9671909803150807,0.33045408755735783
YNGG_at,71.0,7.835319901711026,0.3056508600243304,7.22503810797485,7.5905663378715555,7.769566725438,8.06738974235976,8.46426790376685,0.03900936577683119,0.6795527654799342,-0.7789127166958512
YNGH_at,71.0,7.656540205545256,0.27065141014880795,6.87228765129146,7.493777481415835,7.64941239813595,7.843044100990885,8.42863492205864,0.0353490483799443,0.9960201523884022,0.763568095272722
YNGI_at,71.0,7.3768720860189,0.33275480902766585,6.32833921025121,7.170899995740985,7.3434318267644,7.597531526998085,8.08237129357141,0.045107845865773266,1.2020160868435743,0.6918146504820797
YNGJ_at,71.0,7.1605959359239035,0.29479212598795584,6.33277127997341,6.972137891213605,7.14596782346088,7.331494390450055,7.86334038174015,0.04116865811531369,1.066154918845168,0.6963837466664375
YNGK_at,71.0,7.377858470001762,0.4775252669523734,6.17694383227156,7.046980152506,7.43293234242442,7.73485733917554,8.5522477811872,0.06472410237929915,1.3381614696157125,-0.16586797136247533
YNGL_at,71.0,8.171865867356116,0.4761983022903012,7.27234657101817,7.779846530376855,8.21057693496056,8.585333554578249,8.98776816383395,0.058272897526690313,0.9203330416670549,-1.0866383720378563
YNXB_at,71.0,5.892701115576617,0.4474486991214632,5.12112470322468,5.548754386414926,5.83258518264894,6.0910320198583054,7.06225071740102,0.07593269883291529,1.378880111898597,0.12993079562638066
YNZA_at,71.0,9.912785878520062,0.6836468439769703,8.26836357039803,9.453752045153195,9.9356146852685,10.39413708410215,11.2339093686983,0.0689661667622983,1.7590163433524706,-0.4086502063273114
YNZB_at,71.0,7.5632370038053045,0.44612046765661806,6.51627717983616,7.29155748684679,7.50035366435091,7.849841472788945,8.56591645596499,0.05898538779522058,1.2667932327015485,-0.12638182879427973
YNZC_at,71.0,5.101783880040204,0.20353147574037778,4.41683439775273,4.99843083308153,5.13280815653458,5.1986370804704904,5.77996609761467,0.03989417829646949,1.0399617793052358,2.2771585970146546
YNZD_at,71.0,7.571622258524477,0.3508486666286952,6.44250489430043,7.405294985042859,7.59679265391996,7.746417509211884,8.2318589603939,0.04633731777013754,1.3550352226083031,0.9563581913802217
YNZE_at,71.0,6.499097354195028,0.5749135218102379,5.17411287774716,6.239171123595465,6.5054875658917,6.916463518891175,7.65206194208094,0.08846051851171972,1.4691303241363047,-0.42728147528858207
YNZF_at,71.0,6.813756898673989,0.5668104346213174,5.72810869093895,6.447121157589215,6.81695005569348,7.144684721878645,8.72562403595872,0.08318618392910719,2.110446833247875,0.8094029217766292
YNZG_at,71.0,4.934846103586003,0.4090034355880034,4.03270025861388,4.649733339687931,4.93723607782178,5.1374678627299595,6.21223616974237,0.08288068705745312,1.5380515850691836,0.8486984508035653
YNZH_r_at,71.0,4.027538964644508,0.2637893580647083,3.66222160449045,3.87847082102475,3.96737289577822,4.063261142988175,5.00247911056272,0.06549641366113804,1.81091444558636,4.135833218917852
YOAA_at,71.0,7.363041589883306,0.3869635966544745,6.89218298062579,7.116182558795925,7.27636898804211,7.469252832368655,9.05208363291702,0.05255485683880367,3.9072416075956684,7.558140856702234
YOAB_at,71.0,7.792691187026014,0.29316741813042585,7.24167006917063,7.566578599928684,7.76536264419171,7.960855126836735,8.66320200678523,0.037620818160806604,0.9787385472576456,0.40188685391369905
YOAC_at,71.0,6.958234038607188,0.3244595286745876,6.32039076806932,6.74004879862336,6.90490220505017,7.10713941385384,7.95380864442286,0.046629579700014495,1.2537850806393886,0.9585415216458291
YOAD_at,71.0,7.307930978512355,0.3614196111805682,6.45653969870061,7.05988843299901,7.37338136594476,7.5531477997713,8.11295254401811,0.04945580523998611,0.9177176837039219,-0.4444246713690374
YOAE_at,71.0,8.215528287849445,0.2725042803074871,7.30949067938166,8.082496189252026,8.21647386325787,8.374345986670239,8.83185955013591,0.03316941659254146,1.049608702770665,0.9452936720869003
YOAF_at,71.0,7.619003182451977,0.5111841596082968,6.42883407590807,7.2091685249428,7.50363192643316,7.890488093331125,8.99389920118514,0.06709331225712725,1.4867569131688532,-0.05345010644665349
YOAG_at,71.0,5.375636705209105,0.3504111538347305,4.09074384393979,5.163313119669009,5.35623395416417,5.63358734779678,6.08876988143136,0.0651850511949914,1.5362473270588102,1.50902548252677
YOAH_at,71.0,6.714400805924725,0.45692818413885417,5.70184309309967,6.4405676674366745,6.74257726520036,6.95103772317525,8.02876490340264,0.06805196730818705,1.7118136642155428,0.8337329667982001
YOAI_at,71.0,6.39419653783623,0.5477909007779586,4.80050472674178,6.030828913670851,6.40934334730576,6.8023304389024055,7.66566479098344,0.08567001304018859,1.807054535657125,0.3598584274874854
YOAJ_at,71.0,6.457925707329032,0.49617131093744027,5.81469502226876,6.18890009058407,6.28656916077735,6.481163413234995,8.30780789509479,0.07683137487542488,3.535429655857335,4.41157146276818
YOAK_at,71.0,7.196814128457747,0.3295035993944221,6.52324890599185,6.9904819470874955,7.16065164696271,7.397184954830655,8.43538997280982,0.045784647694525574,1.6173771534585892,2.064271038383006
YOAM_at,71.0,6.488328026140441,0.5140196085370755,5.45567700299635,6.1664486163766945,6.56394530874058,6.84499261812608,7.71634160005083,0.07922219814814731,1.3243611680430145,-0.4049548305976485
YOAN_at,71.0,6.968986884605528,0.48252431550441294,5.7542557706589,6.6887674506613894,6.98893428102881,7.17852574703626,8.70444006100111,0.06923880378800938,2.435718644798513,2.2118081920518566
YOAO_at,71.0,6.1936815918186925,0.4981157291066972,5.10371689120596,5.867024533822166,6.16252097165181,6.438052395755365,7.93840856713491,0.08042320576580239,2.046692394878249,1.2175750981030031
YOAP_at,71.0,5.966728251677864,0.2874814182844085,5.52861394629344,5.75300731258066,5.89376495956539,6.11478779155059,7.03382186660188,0.04818074598982579,1.3599042440571436,1.8756743890691938
YOAQ_at,71.0,6.200603548227073,0.4386866388784416,5.38246386313309,5.920917605559735,6.1583101053253,6.3995663729956505,7.73683641177714,0.07074902232765301,1.9491253825448551,1.5714587178918071
YOAR_at,71.0,5.444383123950657,0.5104443350974665,4.50947065915251,5.07880266999644,5.47300927246824,5.71350562127582,7.17841496200175,0.09375613792716853,1.9342988046973857,0.8793572012769468
YOAS_at,71.0,5.020010729483668,0.2569089292619285,4.64186608037532,4.839830114889976,4.96233259587654,5.114018532747455,6.16378075655018,0.051176968159259845,2.166516628633788,5.796081449281893
YOAT_at,71.0,6.210019546510594,0.25164405017761143,5.67145142485016,6.044798291081225,6.2120511535794,6.344497909644881,6.89836604241132,0.04052226378562851,0.7863354649691485,0.17561159842798135
YOAU_at,71.0,7.057092518081596,0.4225789872554751,6.23971224417234,6.748663798414039,7.08715334774417,7.312104467784275,8.2330555228186,0.05988004070695522,1.0871190681909375,-0.4090820445838115
YOAV_at,71.0,7.3148222997220715,0.5479390772941892,6.41725791385434,6.87179975924113,7.23433316882839,7.64932241580936,8.82520603223677,0.0749080503725987,1.4410363218349724,-0.34837040948662246
YOAW_at,71.0,5.972989731461646,0.38373127449746364,5.16743519710599,5.731363370852225,5.95317880614795,6.1228022003335,7.19930285918898,0.06424442226582583,1.5965110448981035,1.2722349023346933
YOAZ_at,71.0,5.542242076625508,0.27417316324182556,5.17356447785621,5.34090209085472,5.46684561652979,5.711024143129955,6.43283104031171,0.04946971991681041,1.0033022408222971,0.7416393365554117
YOBA_at,71.0,6.1416754853200235,0.39732836320413195,5.23602709996888,5.8576447766399,6.10876280242958,6.35948032234603,7.17575534294634,0.06469380613707701,1.2230874289226117,0.12636156780450358
YOBB_at,71.0,7.132298013215185,0.2928449779236675,6.38318409812365,6.938652167917899,7.09666641315689,7.360008367841649,8.00248103020756,0.04105899352229327,0.9877358038309275,0.43830985904648134
YOBD_at,71.0,5.8546985790759045,0.3128544457261118,5.09256994319578,5.67426957067917,5.80436149919085,5.993134217856195,7.23641265669645,0.05343647354352651,2.3678427729798033,4.880726755832077
YOBE_i_at,71.0,3.7934930392295216,0.23099721832482484,3.55451992373054,3.6778117191408652,3.72406407760767,3.8177820605253503,4.72794129506661,0.06089301230713253,2.0396670446013996,6.216243454135558
YOBE_s_at,71.0,6.615395430916216,0.4605580179078805,5.5167838019881,6.34137292199258,6.60114758109312,6.948525761187395,7.65936445568068,0.06961912144442957,1.2363073547274852,-0.29071998409690103
YOBF_at,71.0,5.8357459681180694,0.4600004432342959,4.9018420059877,5.56732878939548,5.77132947299836,6.00726256788621,7.48468699718585,0.07882461740921844,2.7495738282032782,3.195943889927368
YOBH_r_at,71.0,5.78786417556489,0.8077611425236274,4.27122759872434,5.228585343644911,5.73506361218987,6.36010299418439,7.47995908344169,0.13956117801344065,1.8486232836287617,-0.7097935292540494
YOBI_at,71.0,6.016555566315726,0.46273682875470085,4.84237038844108,5.764132784892006,6.00634182951789,6.290707114537906,7.04407085955838,0.07691058840134016,1.5487369551936336,0.4107911519860741
YOBJ_at,71.0,5.6080127476416965,0.5371712833634072,4.2069083190679,5.303143798853116,5.6417320692748,6.024303550319625,6.70343722966989,0.0957863877162727,1.4936939624162422,-0.18875766306284758
YOBK_at,71.0,5.910571358132259,0.39993255663293364,4.78839935146611,5.672548153641755,5.93479456309373,6.123556762555465,6.91278945861897,0.0676639418425552,1.4698185162970545,0.7583598599201764
YOBL_at,71.0,6.4094949801853405,0.4054221252309357,5.31314899420283,6.179190072502415,6.38802376537888,6.666440494259575,7.81960895313247,0.0632533649662383,1.7962570316636135,1.558214914748647
YOBM_s_at,71.0,5.339124426015638,0.33220867313803243,4.72077410629428,5.079333223164145,5.34492593888578,5.501765535809065,6.48343250355363,0.06222156417994283,1.2876433112097876,0.9710156219755346
YOBN_at,71.0,5.899629247697317,0.301188125720827,5.30506484614075,5.70887112701518,5.86624770658938,6.0984998257693945,7.13776440041683,0.051052042946323054,1.7056377933512887,2.86315849674833
YOBO_at,71.0,6.648704694602848,0.24139581286654122,6.17567316658734,6.50433493111839,6.60309611550343,6.75325397160846,7.38825156144525,0.036307194251309835,0.8966863976755522,0.8001026384829761
YOBQ_at,71.0,6.4367291430911076,0.24817506116322888,5.76941926716514,6.320855125936025,6.41554855047643,6.565690645849685,7.06149378571283,0.03855608270073143,0.9011433149863011,0.7116798198169061
YOBR_at,71.0,7.512153931643475,0.20126611283750098,6.93818633776783,7.3819446895239,7.499180691784,7.6251381846272945,8.07799871063474,0.026792064522228033,0.8440995901174236,1.307658384186273
YOBS_at,71.0,7.360127179875424,0.36420906587986007,6.54713302104834,7.092711937679325,7.35878330058157,7.659320789838365,8.1181234863208,0.049484072350774864,0.8085776003137676,-0.7823067767486842
YOBT_at,71.0,7.095566855069681,0.19075050402365815,6.71923389259041,6.96594566708308,7.08957766421194,7.20480513934274,7.67406221697871,0.0268830535910418,0.623469163379593,0.32777871189247065
YOBU_at,71.0,6.63365218645955,0.30120144445813174,6.06169787101949,6.398705010604915,6.64024326488445,6.832097111753875,7.39909667166449,0.04540507038836568,0.8026214037929562,-0.3115104149055994
YOBV_at,71.0,6.465326375701419,0.41037925949852916,5.48474685110353,6.188935741024545,6.49471635266858,6.74039106511579,7.2296397565998,0.06347386591972433,0.9602259319978417,-0.655504036185897
YOBW_at,71.0,7.026021042631738,0.5048083424715729,6.09546262147283,6.6160139249870245,7.01829528952179,7.35271385249113,8.24640594927776,0.07184839604216255,1.1549350454895373,-0.7105434527704526
YOCA_at,71.0,8.559747933251513,0.8590166861433568,6.11406425094533,7.8742472782179,8.5732688463097,9.211891777519064,10.1244535436189,0.10035537177518848,2.2649948712027648,-0.3411608038204128
YOCB_at,71.0,8.463969915020348,0.5806039068897713,7.62674748037481,8.115010406824904,8.37710837049569,8.60075880146753,10.9425928781159,0.06859711373257822,4.590136938211151,5.237852125671594
YOCC_at,71.0,6.178842530784561,0.5025028814935399,5.11645616166578,5.814174695771625,6.25250608522121,6.5176899379971545,7.35935346904177,0.08132637771393965,1.190681192257298,-0.6241086794890003
YOCD_at,71.0,5.724439095090637,0.452761002168466,4.91108581243188,5.41764202454386,5.77566697850289,6.034972297358134,6.7552078436082,0.07909264028274149,1.0202389170893438,-0.7470691452409826
YOCF_at,71.0,6.42826673041509,0.21794309310041668,6.01722944927964,6.2824662136023655,6.4123033316327,6.529891480110135,7.02846344177431,0.03390386588490915,0.6985824499557407,0.26090065967401754
YOCG_at,71.0,7.904709971657505,0.21099083888785933,7.41116423191491,7.7427491454397845,7.8939059271245,8.060398029607914,8.33720764658385,0.026691787509519158,0.498252601409542,-0.6325919273111986
YOCH_at,71.0,8.233037052133298,0.9640641201051394,5.74269187232543,7.56671292555969,8.08700623894331,9.03959593194689,10.4663908440306,0.11709702191311487,2.5006775684759135,-0.38651914808618715
YOCI_at,71.0,6.984049747675649,0.2616949812010168,6.40423443375308,6.793161945045265,6.94895638422428,7.06036925415503,7.67421621401264,0.037470377596910895,0.9087173032668191,0.5436974504311092
YOCJ_at,71.0,5.448923983629286,0.2899028970789814,4.82605119840416,5.25955422272781,5.4474429158915,5.60699441820953,6.37151829485734,0.05320369635362209,0.9974920466759599,0.5101863371574522
YOCK_at,71.0,7.194467771440809,0.4817847255471661,6.35870605216988,6.961516617438566,7.15286749293094,7.331181383754705,10.3162531461514,0.06696599955032961,12.810347567450593,25.020447798729677
YOCL_at,71.0,6.801600655270694,0.45102736893167583,5.88066691856701,6.48133229626606,6.77131396220735,7.10198614971984,7.60485963687476,0.06631194505401693,0.9801627759951306,-0.8319802793930662
YOCM_at,71.0,6.699820334312854,0.2914542094106781,5.99349288309943,6.493505587922765,6.68395337094676,6.89899892198157,7.43658841819033,0.04350179480455728,0.8650664872716349,0.009706325300330665
YOCN_at,71.0,6.934751128671146,0.5230734568276244,5.26035540333514,6.68054497419707,6.88342573660447,7.2205675782457295,8.40064111567873,0.07542786282048697,2.495171202788469,1.9178202209255941
YOCR_at,71.0,7.951812126634054,0.31106745583672146,6.74007385799949,7.788266857841685,8.01210303593604,8.157408956705,8.72782113407186,0.03911906504868522,1.8189727659500408,3.0584980642168578
YOCS_at,71.0,7.918619630413549,0.6306296939162029,5.96241293122152,7.502895655907841,7.84074635096509,8.347462096028584,9.30070434453984,0.07963884153421173,2.4095466706416233,0.9126222935502026
YODA_at,71.0,6.614808580048939,0.2796043121926466,5.70456731816277,6.457096401910925,6.62186198417274,6.76181745443941,7.36876894581346,0.04226944873899555,1.2652748069031998,1.6584314036029957
YODB_at,71.0,8.051036905960686,0.37290545642346873,7.00371833895999,7.781412868314495,8.05255731281433,8.340694370181279,8.65709337594136,0.04631769308464895,1.0246652349429841,-0.22356946470904582
YODC_at,71.0,7.898108252563989,0.5872379068599086,6.62865357971851,7.47262900546962,7.912618483612,8.27541571193878,9.12262372571332,0.07435171664927125,1.393862315058729,-0.619778860210217
YODD_at,71.0,8.098359647926088,0.28771886564335186,7.49412688359211,7.90669157381908,8.04225754789783,8.29917458833772,8.65023108376238,0.03552804248660825,0.6147367254945897,-0.8707224970861711
YODE_at,71.0,7.798516138216319,0.2718025249398782,7.312487582821,7.603259958521916,7.7940156751797,7.94288132450828,8.47950476824514,0.034853107966004035,0.656807902013668,-0.5743565637374171
YODF_at,71.0,6.790488924453882,0.4440337688434921,5.92046020590123,6.477798004164965,6.71544867887999,6.989582209262935,8.18314283886908,0.06539054459605102,1.7880893664040731,1.130807470498124
YODH_at,71.0,5.833059241352603,0.2142009176831724,5.39330428831297,5.695746298400505,5.83065685684174,5.955064741810659,6.80068604538372,0.03672188277544431,1.6367226634932739,4.957544753299247
YODI_at,71.0,9.07585222201923,0.3677053048480791,8.47827615166601,8.781158064718245,9.00367785399405,9.338286254507882,10.1470423293808,0.040514686208307456,1.0281749051632494,-0.17231765777577968
YODJ_at,71.0,7.165257283158403,0.4263774279292918,6.27963429268339,6.862451048185395,7.09750997632873,7.5655086767810396,7.9486433251642,0.05950622721272992,0.8655417810757942,-0.9835914832760237
YODL_at,71.0,8.250785670207316,0.30035365891757454,7.4990976438132,8.095287532595595,8.18812352087878,8.352760166080099,9.42559787088675,0.036403037349778546,1.8070448872977465,3.2373034508493754
YODM_at,71.0,6.468764004111438,0.2470172755181374,5.92027615775427,6.284055839277495,6.47625171732799,6.623592470533055,7.03017018812083,0.038186162822007014,0.6395812908872244,-0.3914686086603978
YODN_at,71.0,6.576639494134225,0.45631403250913244,5.65955728240277,6.298654065191766,6.53006379186371,6.823671978143435,7.56508056234298,0.06938407265840309,1.1873090145084497,-0.37798013908926853
YODO_at,71.0,7.877032548556136,0.3186040846358284,7.09717843192839,7.6796398946106095,7.85954109271414,8.06209653233139,8.53127149463357,0.04044722205625882,0.8254344673270727,-0.3898089278422714
YODP_at,71.0,6.1069905397469855,0.3573033087541948,5.28207653325867,5.9188438175853495,6.14168879467017,6.34001429772664,7.07536450259517,0.058507264163700175,1.090938638810757,0.09986746322727047
YODR_at,71.0,6.709422509752641,0.3651999320546681,5.88988717713197,6.412652332643249,6.68586921828284,6.981811978629155,7.43050875618884,0.054430903930080876,0.8007795549868236,-0.8112935528845551
YODS_at,71.0,7.451841027088875,0.3684058172941718,6.6425037165654,7.18771793279914,7.46963591600949,7.745891634196295,8.22671774005973,0.049438228211652106,0.8802718682092449,-0.6030307399379256
YODT_at,71.0,6.9070189388271706,0.40629391357313654,5.82425299295416,6.647066394652725,6.92076188233639,7.2215006353977405,7.63882987796462,0.05882333857363453,1.2076317632188767,0.014160221674342832
YODU_at,71.0,7.841003808547705,0.48256471093684183,6.81026145269808,7.546887399935615,7.77910942945226,8.168433262219866,9.29741859179454,0.06154374142897164,1.6721664256352782,0.5360060814025571
YODV_at,71.0,7.308681112543285,0.47415386480671307,6.24970602632537,6.97432239212104,7.290322028695,7.641848302466794,8.68982722437034,0.06487543477481347,1.392687990686185,-0.023008579223458003
YOEA_at,71.0,6.5226142049131095,0.2582901853773342,5.74917210778853,6.394061209006355,6.50354696601927,6.69370570681231,7.07662389997387,0.03959918174875023,0.9507654682968449,0.7645341981359048
YOEB_at,71.0,8.535339754397869,0.9526613154336887,6.72924415312448,7.675318121645895,8.58764899745987,9.240520425903174,10.5393657590596,0.11161375444285343,2.163714833443962,-0.7281584798353764
YOEC_at,71.0,7.9523725981813795,0.4290361468351989,6.86605685836683,7.6407246003884595,7.95916194399438,8.26001179116611,8.86683060427657,0.05395070987158157,1.1202322556650002,-0.368357507074625
YOED_at,71.0,7.798740248559535,0.40030544977434823,6.66475722274906,7.5763791088162495,7.80705122350041,8.114179675509401,8.56630571211677,0.051329501562548716,1.3480739609720653,0.4327158838743328
YOFA_at,71.0,6.831499988881118,0.352002256118334,5.52631458227484,6.613278286254805,6.83781560869339,7.070421103663925,7.56879496357888,0.05152634951200313,1.542614510729266,1.5071953770649822
YOGA_at,71.0,6.512419973100257,0.2361608928816056,6.0045560922879,6.346296146369671,6.5156566606711,6.66182633067874,7.06893632105762,0.03626315468859121,0.6594886504506567,-0.17618566917259937
YOJA_at,71.0,6.890732668050576,0.3769287478966218,6.12584939579861,6.6317365411823,6.90755350720296,7.140556208836594,7.64108112104244,0.054700822982769536,0.9340194487363951,-0.5092556801372776
YOJB_at,71.0,8.500081916340104,0.43597819851067454,7.41868127101941,8.213442807455714,8.52302374570301,8.714578284999138,9.64039267024933,0.05129105846292767,1.3672946336095868,0.18764098560673714
YOJE_at,71.0,7.237166929476009,0.2159102702209177,6.66943382888951,7.106189999233845,7.26511342285925,7.3386077797711255,7.73122832305657,0.02983353463100929,0.7289227231927624,0.4416432360546456
YOJF_at,71.0,8.652260886984665,0.4391219410453005,7.82403639470243,8.289814354090641,8.66088002307701,9.006139169857661,9.51458794000035,0.050752276980674305,0.8517161865343853,-1.0793096155960757
YOJG_at,71.0,8.850321940959068,0.46709916197904644,7.80820688252791,8.52149927808668,8.82823097058344,9.21441048733241,9.66037110199816,0.0527776464059825,1.0735005055440665,-0.6995741441910166
YOJH_at,71.0,7.115921879595114,0.31630364101508296,6.43845576879416,6.89593419069033,7.14079274709271,7.339366339513425,8.01839802532993,0.04445012836946436,0.9463453141538786,0.0348899087003236
YOJI_at,71.0,6.5902194306410635,0.1724082637891516,6.31411782712701,6.476168028995065,6.55557391224416,6.660133648390055,7.11406285250295,0.026161232657526335,0.8249144970706934,1.9331156424906526
YOJJ_at,71.0,6.831366476946049,0.2513003646521881,6.17629319321088,6.68373570271752,6.8036870890815,6.979714311937455,7.81524996237286,0.03678625140376476,1.3946062131276422,2.743011373492922
YOJK_at,71.0,7.200422082755645,0.43534631351232445,6.08176002670558,6.88114130006183,7.26661595291373,7.4932376866444645,8.31346667274481,0.060461221371305336,1.2780072073609905,-0.024698860965837177
YOJL_at,71.0,6.983057704800027,0.3436690471094319,6.36040426752145,6.774781916905055,6.90652716694286,7.07612799311682,8.0257966591378,0.04921469385441281,1.5470019553343013,1.6332270459850209
YOJM_at,71.0,7.862274409807126,0.2399359358069445,7.22373293325406,7.689612826195315,7.86027869247308,8.037683391937339,8.3631949613883,0.03051736982210349,0.6798826048079791,-0.13270936938618894
YOJN_at,71.0,6.697124339040853,0.3234163209197067,6.13626851056933,6.498854100345225,6.63296857427965,6.80284252518194,7.71581148497899,0.048291819674655415,1.469572933877917,1.6782008621175102
YOJO_at,71.0,8.514769048849653,0.21203915030694898,8.15269041425485,8.377058621913939,8.50710167336758,8.66098754556883,9.01459981238814,0.024902513396484374,0.522266852893471,-0.5250379393438429
YOKA_at,71.0,5.480493467684576,0.30897873698452777,4.96547947784057,5.256724441205035,5.449198727648,5.63335011514979,6.5102389430493,0.05637790443623438,1.3521606049280748,1.500658123840509
YOKB_at,71.0,6.52680445617715,0.570409838532331,5.43577433623741,6.175868023701835,6.49634911726954,6.850939801933005,8.38920231930308,0.08739496370118446,2.1098132607715536,0.7833495241664501
YOKC_at,71.0,6.4733491445042555,0.6463638979199734,5.11549667554678,6.0049323247567,6.42701914798107,6.825189346763955,8.11683463665242,0.09984999781275872,1.773740621528431,-0.22738712387047366
YOKD_at,71.0,5.220071291596417,0.2962028032006792,4.65812916511107,5.061823441371395,5.1721129219427,5.3604590168709745,6.61407072061067,0.056743057068497166,2.657658147843466,6.3672249212977015
YOKE_at,71.0,6.004556700390238,0.6363892306598828,4.59686773352079,5.619259516613825,6.03880391825822,6.45510309223674,7.89536792992446,0.10598438193089653,2.0196725441552825,0.22733608240498748
YOKF_at,71.0,6.428661769725832,0.608104111196243,5.15114961062814,6.041493535628176,6.40409727429035,6.8063877228533745,8.47479089308729,0.09459264353585321,2.2651460756574178,0.811052645036709
YOKG_at,71.0,5.963917940086962,0.3239434475007571,5.15574804930488,5.76102157687738,5.91661329150858,6.14924798081955,7.0792866145623,0.05431722078591067,1.3768248014655493,1.3672206169507257
YOKI_at,71.0,6.516686217103823,0.5525832412683467,5.10695318254877,6.174709805542429,6.44698067453194,6.879986165936785,7.82943650199247,0.0847951279007459,1.6504807727695994,0.029549976738470818
YOKJ_at,71.0,5.478844447762457,0.4874599460460247,4.44570100638652,5.2013896020176755,5.4702035032592,5.729915041124521,6.91891191453835,0.0889713060287926,1.6086901466940855,0.3612824180135319
YOKK_at,71.0,5.774486773763991,0.48874723494652955,4.6984306842595,5.47845086604691,5.7204297287385,6.0365563980363355,7.11844294903726,0.08463907773884272,1.6532185778988098,0.44854554001764946
YOKL_at,71.0,5.19156789363844,0.43247372486064506,3.88015349900647,4.984062644260865,5.16319733855944,5.50998481969622,6.13037439553687,0.08330310490412401,1.5985192231808092,0.7806552965823919
YOLA_at,71.0,5.271978763752442,0.5699048664371282,4.28980749919258,4.788833586837075,5.30930286989976,5.6073208723829655,7.25100323809683,0.10810075153479687,2.1550406229453847,0.8708473532425929
YOLB_at,71.0,6.097781465093045,0.46529162939434776,5.14247131042589,5.805892243954871,6.08503079191062,6.39133717977303,7.55812037938067,0.07630506800841017,1.7312320498145375,0.8066212685234304
YOLC_f_at,71.0,6.825287715804603,0.7270059879584362,5.2408612233993,6.331976900326859,6.81918210879299,7.332636563505405,8.47835249829904,0.10651653354846635,1.8913194290889186,-0.3784434703796129
YOLD_f_at,71.0,5.600859839162804,0.6114004853914236,4.50001446620993,5.17702827947744,5.62165998658706,5.939489020672021,7.76967793067378,0.10916189709236028,2.4399967331282233,1.0925946887616895
YOLF_at,71.0,9.396802018855672,0.6524067973804925,7.75549801586002,8.98623040654159,9.41318871614148,9.864005829866429,10.7904795081407,0.06942859880109951,1.78977552559074,-0.2282763641512
YOLI_at,71.0,4.703279079476937,0.344612970563984,4.01084348110312,4.4951615535000595,4.66632759542629,4.8118019132420855,6.05876250879324,0.07327078932392615,1.9874986391633411,2.9735982643232273
YOLJ_at,71.0,5.467303778914446,0.5139825370819581,4.28534372959354,5.117830003881714,5.35817999679095,5.6821523209845,6.89919892053818,0.09401023939152897,1.8704646049532854,0.7202357334557545
YOLK_at,71.0,5.947771328049738,0.6686234837681932,4.69361371200289,5.46715445657167,5.9600532210912,6.338172989852795,7.52909926298739,0.11241580196853895,1.7689116760729375,-0.3317666008601807
YOMD_at,71.0,4.964967287953463,0.40454303452745444,4.30539388155341,4.693826634473314,4.85405711057783,5.123592537865875,6.38510489121706,0.08147949645287697,1.7362802052708561,1.4114298430471601
YOME_at,71.0,5.6831144425099005,0.6087800516386137,4.59402194599762,5.216215547647765,5.75307112461812,6.094171400359125,7.65686218943278,0.1071208503360265,2.027684388920518,0.39366715405309805
YOMF_at,71.0,6.5160291066042,0.5143381231054532,5.46795893195779,6.231108817327311,6.45630299068105,6.762072738416235,8.50924872688738,0.07893428876555438,2.637028151266949,2.2956300687816116
YOMG_at,71.0,5.777663878703916,0.4867457838547462,4.99929428530361,5.529670311393915,5.64327530842301,5.924135581715145,7.76402221956505,0.08424612335945307,3.1211274700846476,3.656431049756379
YOMH_at,71.0,5.946907842853997,0.7123391532181982,4.68902579640588,5.461379221293365,5.82305955521299,6.357983026447875,7.59975760542767,0.11978311620789092,1.7909285058705338,-0.4709496291046604
YOMI_at,71.0,5.702921270484512,0.4835160520927238,4.84012594438198,5.35828740203518,5.59104496303257,6.07579955825546,7.06133759386936,0.08478392549361724,1.449566035805641,0.04132757267517917
YOMJ_at,71.0,7.116372141285276,0.49810822792810644,6.06508512640609,6.757510260706255,7.08774604837737,7.3513073122242805,9.19400567847057,0.0699946852186603,3.1180973354376964,3.495115061043199
YOMK_at,71.0,5.181515885353902,0.6882072164746774,3.92229732874451,4.667511192830386,5.13253552456692,5.622942480885776,7.28609537739625,0.1328196673911523,2.150629722787186,0.17580377216363496
YOMM_at,71.0,6.011029401098575,0.6198284812583913,4.79427604397601,5.559376236013055,6.02196892171369,6.4273358253896955,8.44611035324519,0.10311519706510028,3.0526631349867297,2.0817269900326485
YOMN_at,71.0,6.753146404903371,0.46799974679248796,5.83229380646668,6.542714552305535,6.7377109102337,6.957821457733505,8.69901739180094,0.06930099226823802,2.8741168048975045,3.3695378986871347
YOMO_at,71.0,4.749703250499225,0.45770091042566086,4.03327081643125,4.429219688336245,4.64913458443287,4.971372572987345,6.477102807591,0.09636410661604038,2.4584098452268845,2.554176148316251
YOMP_i_at,71.0,5.6207102976372125,0.3766951705146131,4.92424215448139,5.38079789110805,5.56689756914295,5.7717076545257004,6.99879464204335,0.06701914003163711,2.0240747206277554,2.5563238817070193
YOMQ_at,71.0,5.766996452610004,0.6288010828704179,4.55405992029768,5.33283394389885,5.75789258106577,6.135699800171695,7.95868123725977,0.10903441471441128,2.410242136834129,0.925558390152009
YOMR_at,71.0,5.856484776619973,0.6037839768671693,4.78586231556227,5.438900645366665,5.8601194375582,6.231383432671935,7.65863262414497,0.10309665266741098,1.8331277131203496,0.0816652810384948
YOMS_at,71.0,5.92126092992055,0.5886734448540235,4.83039465278164,5.491692092381175,5.86779794798395,6.291427242645195,7.75993498870388,0.09941690660504675,1.8664780336642992,0.2241675317205427
YOMT_at,71.0,4.789980584049373,0.23759161795488118,4.19643639657036,4.6709594663728105,4.77089635868429,4.87920691232393,5.73436925951332,0.04960179144484653,1.4160988317879086,3.1778311603310767
YOMU_at,71.0,5.654336769071991,0.569016651057185,4.56956719509114,5.19553816034745,5.62117153965582,5.93453158653398,7.5414691078714,0.1006336683321701,2.0009869896423123,0.5904349269048508
YOMV_at,71.0,5.0148671134181955,0.4145076193232507,4.40113561169894,4.6999080967010745,5.00101374002783,5.29395431599728,6.37264253603544,0.08265575337263865,1.4462293545434783,0.5612743112468892
YOMW_at,71.0,7.258116440400802,0.43130000990781187,6.61335818883134,6.972966511860255,7.21369332771195,7.422498675861865,8.9587523686391,0.0594231318069065,3.3370937238708853,5.059433532865675
YOMX_at,71.0,6.885529142171043,0.4827378820877711,6.16936367947545,6.5654920604632245,6.78035004993627,7.089116665860541,8.99498545206996,0.07010904639575184,3.988793851766158,5.615914565868495
YOMY_at,71.0,6.666783591658929,0.47002250512893307,5.8813857480593,6.329274582363615,6.55647757892248,6.8662350317491345,8.22297707532746,0.07050213925002702,2.266659890890227,1.9731308889898962
YOMZ_at,71.0,6.3050072434649715,0.4544097417109367,5.34843083516949,6.018801220415424,6.27583067272109,6.55345543961092,7.86612539890676,0.07207124816262889,1.9141237799862527,1.3271217732366454
YONA_at,71.0,6.322320167095986,0.4641308633884127,5.44544204561924,6.00017808258772,6.32592319778468,6.534834106738584,7.68643270853078,0.07341147729340645,1.6075670816075458,0.5343566584081967
YONB_at,71.0,5.139586158346352,0.33990924981228643,4.45616796638961,4.93474767356249,5.12159959717178,5.273092882775375,6.60135342551021,0.06613552907568172,2.2607362988565582,3.9092425878256467
YONC_at,71.0,4.879249765930252,0.40288147298692917,4.02492738168853,4.623376792942225,4.87232075090156,5.121625763592094,6.23392769562991,0.08257037297005801,1.6307821868425851,1.1529097717623733
YOND_at,71.0,5.3342995333986565,0.47631216662397785,4.42940322845172,5.045225308412565,5.28856311406518,5.582521918428805,7.0698345291092,0.08929235481467307,2.083768796786822,1.4991451372934836
YONE_at,71.0,4.906864228951244,0.5283007844260647,3.94433734444833,4.525588508253465,4.93786962274372,5.26521381181869,7.12629096960464,0.10766566177009948,3.0789244841613677,3.0378061745779625
YONF_at,71.0,6.232822360064639,0.4062362457155488,5.46548768353696,5.989391417703596,6.2166023054187,6.403255206725625,8.08327112404769,0.06517693305658977,3.129760898608839,5.024488734037028
YONG_at,71.0,6.895074084408173,0.5365809977146512,5.7657252629063,6.54266772409815,6.87802314094159,7.183037493271125,8.55621541389576,0.0778209184043463,1.9592703702632313,0.7331929780207664
YONH_at,71.0,6.532186273028502,0.777009355902335,4.82411085700461,5.9820794117844,6.61774643817992,7.03252153692895,8.55033788618209,0.11895088771589668,2.1527808641464525,-0.1994175701112444
YONI_at,71.0,7.066775996109816,0.3455630993559473,6.20369736473938,6.807391317492825,7.0803139512916,7.266087286484741,8.05190755734649,0.048899682053906345,1.1479664233878297,0.3844372312969644
YONJ_at,71.0,6.372102689135804,0.6585041705143002,5.0299706598162,5.897138468083686,6.3663619926865,6.822717935851535,8.22971676970493,0.10334173861275417,1.8095647288623868,-0.22335287676561055
YONK_r_at,71.0,3.4830173246652643,0.1195765111426155,3.32275242104395,3.41068039291687,3.47022676106605,3.513643974001705,4.11715160109078,0.034331299559099214,1.5386782010272924,10.491662446995226
YONN_at,71.0,7.342936099587546,0.415087016875584,6.25539445164021,7.0286208124565,7.33694180710946,7.64724828481768,8.75569178315854,0.05652875242900446,1.7342930318059033,1.2909240909147357
YONO_at,71.0,6.285448004200193,0.6559274858945165,5.09486360040847,5.845179441638805,6.19356745840622,6.697469060259426,8.16503807651404,0.10435652088064352,1.9080889706083028,-0.05288127585836033
YONP_r_at,71.0,3.926860365737242,0.33070108697239525,3.43265694493817,3.729141469109565,3.81781385050248,4.016614738831915,5.19532569598435,0.08421513783831942,2.2031482317403777,3.9209463454858575
YONR_at,71.0,6.755019989412048,0.4974730352781757,5.52822477873926,6.428318858735951,6.69292750079311,7.057653066299325,8.4402914292126,0.07364493903170158,2.1213880710876802,1.3821782354469114
YONS_at,71.0,6.889389465561185,0.4062616824261044,6.1253689068772,6.636240579479161,6.85543463015482,7.0905318932153705,8.31299850062731,0.05896918507175901,1.7590135481822624,1.4514541364186693
YONT_at,71.0,8.561391314369812,0.4134984121790305,7.82637666695469,8.244858427635826,8.55009671594071,8.769467631933313,9.80885191342569,0.04829803906813566,1.3073117788291833,0.2145718492584172
YONU_at,71.0,9.027933203937753,0.6779213511040698,7.63308135967237,8.473743442577199,9.01668432478231,9.564211569554999,10.609095987368,0.07509153377523639,1.5282469834532086,-0.7460725730351081
YONV_at,71.0,5.004381928979337,0.7377843927214148,3.8318949941083,4.4337965675936,4.84996751063514,5.435458637088654,7.06131842226901,0.1474276750239742,2.100609770167532,-0.11832425806507674
YONX_at,71.0,4.948961647380875,0.43310215817250935,4.06687804756285,4.63531813169375,4.91251405893143,5.123221340551215,6.46404445590849,0.08751374309027406,1.815762346259106,1.3060802095881776
YOPA_at,71.0,4.972207345381814,0.3128036254057225,4.27077322100512,4.784609470025815,4.95964867418049,5.133144269065645,6.11697334239987,0.06291041456592805,1.5408493825338136,2.0827003596684026
YOPB_at,71.0,6.594005790533808,0.776360464402148,5.13111911751689,6.0508580518841395,6.44493276993304,7.168910420008,8.54754264405756,0.1177373040097526,1.9334231907243054,-0.496132182477083
YOPC_at,71.0,4.575507515329304,0.3775960372502855,3.87123997771734,4.3466578918657,4.54250618150711,4.724235540417215,6.35174085140755,0.08252549820653274,3.3440636157063772,6.244153857600004
YOPD_at,71.0,5.994920076328122,0.5284567321437306,4.6119949298904,5.7107422239779595,6.02371728261425,6.32857071616239,7.69968573188497,0.0881507552086348,2.2097373854909246,1.2944693648854813
YOPE_i_at,71.0,4.405753302546222,0.383150156248407,3.85395464270903,4.125115074676385,4.32162608906029,4.552918356007879,5.78332209427046,0.08696586711447793,1.756616589875557,1.721362935664465
YOPF_i_at,71.0,8.339526965514311,1.1930940719694791,5.25071529046477,7.73273836122914,8.42830024115367,9.14724413570434,10.584367974396,0.14306495762927235,3.651162116628306,0.1072688134857076
YOPG_i_at,71.0,7.430889639318278,0.9530649342505038,5.40128682325549,6.77706267604401,7.56457596114556,8.1653323295934,9.58069047141948,0.12825717787647556,2.4123343828414243,-0.45296884358266887
YOPH_at,71.0,5.49593371866543,0.44520972236840856,4.78088046913172,5.17560552719905,5.4253695118586,5.65519789594779,7.23749177432095,0.08100711274162131,2.3881317266903603,2.5466007644088657
YOPI_at,71.0,5.889962381570585,0.379993995438424,5.18139713308359,5.626872932761535,5.81495437184643,6.0950088411760746,7.35761115987415,0.06451552163175224,1.9366577717943403,2.2633529881125325
YOPJ_at,71.0,6.328718404677308,0.4455134488928347,5.38285682142544,5.99713927784239,6.3213299406981,6.500346896389646,8.03267003682802,0.07039552408645218,2.2088013728803997,2.1165256640997585
YOPK_at,71.0,4.840996491050918,0.4717892980618047,4.01139949653656,4.568704451048565,4.78028004109922,5.045070251768809,6.69216458596524,0.09745706259733011,2.8020254983943573,3.155515148111201
YOPL_at,71.0,7.715303331930472,0.3564230629060214,6.87085958658263,7.54181959651014,7.70696134787595,7.920885686994755,8.92911490349443,0.04619689564646573,1.727709547014144,1.9995024821810423
YOPM_r_at,71.0,4.440652524947553,0.41440570055648673,3.76576252490781,4.1499348083374645,4.4267625236644,4.608781942925735,5.77930886204594,0.09332090232873627,1.6345231079032343,1.0432811256566312
YOPN_i_at,71.0,4.3548743049027765,0.4436315058919489,3.38667497549587,4.054971840498171,4.30172484199073,4.56953476546037,6.00818083615008,0.10187010573244389,2.5370286028294275,2.9221808147346
YOPO_at,71.0,6.00589221331281,0.6235034934899889,4.59504564481084,5.5503080924440855,5.89347861901271,6.339646657421699,7.60617732540721,0.10381529860091654,1.869245509703384,0.041330108011304656
YOPP_at,71.0,6.685346343141393,0.5293400736276406,5.33658674138981,6.345848198813245,6.65301220952277,7.047200655629959,7.85505664428602,0.07917915489460009,1.505439332876941,-0.12170588379800495
YOPQ_at,71.0,5.850449523514791,0.3765866514885252,5.05560384157882,5.58800391227612,5.88780858796289,6.168567012672615,6.77834939247944,0.06436884037284749,0.9206382005355945,-0.5444954038838392
YOPR_at,71.0,6.361009958692455,0.45840550015320886,5.46416523847305,5.9811715543176405,6.36699532365139,6.74082376799758,7.2993941033019,0.0720648927025791,0.9582207604386407,-0.9196971396243732
YOPS_at,71.0,6.0328493649520665,0.404589809360053,4.68994718399617,5.831358661576175,6.05370570718816,6.2854299023169204,6.93951012052315,0.06706446405085528,1.7228276373287283,1.375698690853092
YOPT_at,71.0,4.828857125177406,0.6825171550273209,3.76810545098546,4.342223158750705,4.66809447692791,5.14740073320808,6.82881816340663,0.14134134378685848,2.4127186495269553,0.609980661888228
YOPU_i_at,71.0,3.9610303778412375,0.23277451186715706,3.58296853520248,3.8230257957972,3.9090781684847,4.071999374867181,5.15771451266995,0.05876615164815253,2.6497058631627346,8.919748719893496
YOPV_r_at,71.0,4.93671440441773,0.1071814332628723,4.62330678872417,4.87630815703099,4.91779203395254,4.998897129308576,5.26243677645317,0.021711086460046908,0.45873783786761513,1.3987852555523057
YOPW_at,71.0,5.319986688160516,0.7519270245808451,4.02071062558869,4.766732424059745,5.18820422634006,5.89744626437305,7.45007131713007,0.14134001993919235,1.9625426561199812,-0.36944443795125803
YOPX_at,71.0,7.5171358561149555,0.47568214236239353,6.64805582097404,7.139523177396455,7.52897200054895,7.762269485894835,9.34341354070896,0.0632797053914412,2.2484794577812885,1.8719106178537084
YOPY_i_at,71.0,6.034680792820137,0.9475937472916881,3.77012784670115,5.465595097478215,5.99276211627612,6.7370217191760755,7.80023194132238,0.15702466788617944,2.5705319883804814,-0.2607279628299244
YOPZ_at,71.0,6.533228884769642,0.7034697484907471,5.08790928381206,6.023546368937716,6.69408633800466,6.98400062390312,8.53722763787327,0.10767566250903683,2.1317191585883553,0.07555275656105742
YOQA_at,71.0,7.247904697529178,0.5795421529871418,5.81140676489013,6.843470453614285,7.28933977683622,7.6149519359721705,8.62082442285008,0.07995995769435389,1.6271819315943965,-0.16013089368834565
YOQB_at,71.0,4.067089414343354,0.31567476919929705,3.5632591797498,3.83675735758892,4.02115011062253,4.2182333410307,5.00241241014743,0.07761687463423124,1.0235471689519278,0.3001481440695577
YOQC_at,71.0,4.7061146235512945,0.44697194659375405,3.76413260016545,4.39356717978942,4.66474233955804,4.951639914039805,5.94178716297523,0.09497685083081621,1.5036476980803108,0.4289707327461918
YOQD_at,71.0,5.291879437233397,0.481005322795897,4.36638466653275,4.9368986977467,5.30243941594377,5.48899377420376,7.01345266491796,0.09089498891671034,2.1522059524270736,1.6045982866508206
YOQE_at,71.0,6.284242038293431,0.9035889635656258,4.21657904305096,5.531597466197155,6.3467236043276,7.011583341508305,8.02627449566681,0.14378646749433718,1.9332971915069324,-0.8675589962241723
YOQF_at,71.0,7.309638579210669,0.7542785691621782,5.60415768489769,6.791798251954135,7.46892646463786,7.69307699241626,9.09411125287646,0.10318958468171334,1.9881801473760208,-0.3420712978986251
YOQG_at,71.0,6.9705591358467265,0.8524537452182206,5.11072535495488,6.45474485172705,7.02250168691518,7.5948469616511645,8.68000000062816,0.12229345287875124,1.96935399251591,-0.6868791432620522
YOQH_at,71.0,6.956606999984618,0.5004037976730655,5.95031676747622,6.584340190564616,6.94794422904,7.267055047394825,8.98111400848247,0.07193216429707357,2.6249649208766255,2.4212713193713054
YOQI_i_at,71.0,3.9877385235252905,0.24500408129615947,3.65117703168897,3.83677818012565,3.95437382687059,4.06304049601906,5.31137701663609,0.0614393546243769,3.31211159290621,11.18081692860093
YOQJ_at,71.0,7.106099432114422,0.6351115816327997,5.83985380860448,6.711436404794895,7.07937528095293,7.533078140828045,8.90811133153699,0.08937555514106028,1.9057104971536765,0.04410469461856792
YOQK_r_at,71.0,4.184812393155421,0.3618505354292266,3.63402539445978,3.988163266848975,4.1198057704817,4.286279530477,6.04542346200077,0.08646756447697887,4.305200219208709,9.464604869829637
YOQL_at,71.0,6.161459735765208,0.5822176725699634,4.96627635553428,5.75909358697208,6.04995538806969,6.50455775301951,7.68652547744628,0.09449346381189266,1.6498868627562893,-0.1325010790623833
YOQM_at,71.0,6.633743497564587,0.7712741350445725,4.71997306698485,6.15124177564126,6.78635018707562,7.141313748433805,8.29001050848305,0.11626529354469714,2.3212847115184467,0.05372269306924515
YOQN_at,71.0,6.673886662900898,0.5168521869177218,5.78990244773881,6.32072030974161,6.5889690561001,7.0225024047248095,7.9639499930646,0.07744395627675595,1.3788742777973781,-0.3082301102621874
YOQO_at,71.0,5.671608089535789,0.5439338023394179,4.23939640664028,5.329834170874355,5.64516070357683,6.0610080320535,6.8265439184377,0.09590468765692481,1.542696359075407,-0.12997395141338552
YOQP_at,71.0,6.93821711123333,0.9652166609041353,4.63894141297275,6.402157183599435,6.87261763074631,7.609361041952515,8.86746914335458,0.13911594944779113,2.558545160205892,-0.3263190420631532
YOQR_r_at,71.0,5.065995021716262,0.3283242078094251,4.47768779735308,4.8667993227147495,4.99395493421795,5.311740682167555,5.94894801227984,0.06480942172307844,0.9983598169166622,0.08665106117224486
YOQS_at,71.0,6.729856040060544,0.8036624750873512,4.98987544248597,6.253515890992276,6.8647961401092,7.254462791701879,8.64952722075435,0.11941748386643368,2.131437579362757,-0.32482804141167154
YOQT_r_at,71.0,4.65578418791832,0.4803069753143816,3.69498174015177,4.27586942335606,4.61392667216522,4.984051072788359,6.39772039639428,0.10316349640105098,2.160194408580768,1.6290968894563562
YOQU_at,71.0,7.361083607216317,0.47946909103479346,6.54810051825057,6.98098043210117,7.34160531068879,7.643219443774955,9.16485140529081,0.06513566705922941,2.139992229046591,1.5928057840049874
YOQV_at,71.0,5.907801764920096,0.3713439465128155,5.26316749806144,5.645820387007295,5.8508417696793,6.106613947752235,7.28851191539562,0.06285653467890827,1.821154985562718,2.059718547625743
YOQX_i_at,71.0,4.987920714637981,0.597852752945493,3.97314302599372,4.569602325737565,4.87974629456463,5.25862091812349,6.82589333974039,0.11986011549682074,2.6551251770105044,1.5693511796292272
YOQY_at,71.0,6.777606988653952,0.5117681202464305,5.80270085664661,6.373049617336346,6.82595790061307,7.08628702434999,8.50302914736671,0.07550867453706825,1.9443075783526929,0.8896861688683249
YOQZ_at,71.0,5.515225564243043,0.46054271017549836,4.77594847661913,5.165652934502165,5.49645880891945,5.8008633814947,6.9230005023653,0.08350387573653248,1.443452139149654,0.18561646774252027
YORA_at,71.0,6.279552667421296,0.6674472335457899,5.28147210927073,5.68926348973274,6.33170191095581,6.66437455337402,8.40371083181281,0.10628897771787903,2.0464978481433684,0.11352659667455622
YORB_i_at,71.0,7.3444398254949474,0.6838718105704145,5.95014617027678,6.971331392115776,7.20635164912816,7.714830589263445,9.32703086810873,0.0931142233879393,2.304331229681552,0.434752515794393
YORC_at,71.0,5.226207844516976,0.5475496647672115,3.97566032727557,4.85802012509753,5.1829818372949,5.571748614458645,6.66076092924409,0.10476997491434784,1.527694636712611,-0.1788145948395501
YORD_at,71.0,4.400103581771885,0.35042275186714283,3.57669970132688,4.18537515700133,4.30597630098401,4.57718030261506,5.53350690108349,0.07963965969319987,1.5218584143956797,1.4653948749765275
YORE_at,71.0,5.134788431932199,0.48702869474723104,4.36250901739075,4.81891770812652,5.05858315207696,5.409173036919915,6.79456161764849,0.09484883383286041,1.9703637797108964,1.1506721752800004
YORF_at,71.0,6.116255907494884,0.5700932516454854,5.06498643108385,5.69437065868009,6.09889692585114,6.389701149332399,7.66032711136403,0.09320951579983612,1.910058068476886,0.4145227846071453
YORG_at,71.0,5.097529864534787,0.6485417555415557,3.81113414613608,4.65115556994819,5.134065897433,5.454359779166265,6.84180402268536,0.12722667110862396,1.8045490007128484,-0.18684595266430515
YORH_at,71.0,6.690617489527268,0.8002428385782245,5.18575333055649,6.091134596255666,6.78589423769337,7.198994191014901,8.40564633508612,0.11960672386828775,1.6972555217174108,-0.8873063990651446
YORI_at,71.0,5.648602378047018,0.6270975557587665,4.35676413182385,5.24217118959427,5.54657420679144,6.0430318397790295,7.14346810163692,0.11101818003617082,1.6998505218836493,-0.2628779208831067
YORJ_at,71.0,4.6087277298368345,0.33986369223610163,3.96480738853991,4.373739427529455,4.53986481592758,4.79279790033788,5.94777422755757,0.0737434954197509,1.7719862462156784,2.387517142012328
YORK_at,71.0,6.061323101877983,0.7031110436015556,4.84568897099395,5.619098647184375,5.97294799336843,6.58766503069213,7.72800354221717,0.11599959807186493,1.7108714219269536,-0.5565701052721987
YORL_at,71.0,4.875927660100665,0.4507301210777154,4.03368085058881,4.554875260600445,4.7841701127344,5.16699858165586,6.25256184186426,0.09243987042014687,1.4398091291603565,0.24930610916141704
YORM_at,71.0,5.378317307820532,0.4962033797114964,4.35061372171517,5.02603759456316,5.29795888507723,5.631491775286605,6.95776303621553,0.09225996744185666,1.9846763761920247,1.1020091484436527
YORN_i_at,71.0,7.07014996044519,1.0037657619146523,4.82192972784729,6.33090242490153,7.17356215145171,7.843438539063785,9.50642580471912,0.1419723439432461,2.5351773792093586,-0.4587573990702163
YORO_at,71.0,5.329381117532371,0.5154618251426505,4.5792504841115,4.90586365060258,5.23676312202663,5.5814026391267095,7.10897958190604,0.09672076621559418,2.2031340633024725,1.3925226009757425
YORP_at,71.0,6.061907821495972,0.5922598260533465,5.08226318090216,5.61885779405866,6.01114288340674,6.47685339922569,7.61845464852349,0.09770188585731203,1.5758843233468809,-0.31567579196979123
YORQ_at,71.0,6.272372952998166,0.8289124700456348,4.57217606147674,5.71573031513534,6.2898101012492,6.833770447173075,8.75061140015459,0.13215293099709868,2.4968647756827216,0.056414600131386994
YORR_at,71.0,4.494583251635113,0.5185872015128865,3.63004855997429,4.131033360482565,4.40670438697569,4.773527988166165,6.23487446790009,0.11538048634970247,2.0396214385412184,1.031397314183204
YORS_at,71.0,4.922142929720892,0.5562548226826695,3.77138668091647,4.535317825174365,4.87229575214702,5.2020822871369194,6.60291672392562,0.11301070095382452,1.9726423042825798,0.6219056109825392
YORT_i_at,71.0,6.180935666143987,1.0782786282055334,4.02833150435438,5.471714963873435,6.16777450188171,6.893807284596084,8.39919353396698,0.17445232994606202,2.5772712765368984,-0.6022220812599106
YORV_at,71.0,3.8828023306308443,0.18506027308333814,3.58987913444007,3.736847709099885,3.87248971249888,3.977955595635565,4.50866683597674,0.04766152312813492,0.7273478718142619,1.0285331470817152
YORW_at,71.0,5.235827285952895,0.5190176992895766,4.41908246868048,4.78643680594824,5.15575075924418,5.54598120280062,6.70147500280773,0.09912811690371066,1.4700270718752741,-0.1340594302712148
YORX_at,71.0,7.105347267346498,0.5050804011903207,5.78642580079395,6.73601126140716,7.12938658353581,7.45065006615497,8.73790995552539,0.07108454832482013,1.8578867001980115,0.7617819472147236
YORY_r_at,71.0,6.696605220990444,0.39044152859822595,5.97560184323872,6.478668435947785,6.62506836594039,6.876477485827966,8.01126121788308,0.05830439688670773,1.6096575502956807,1.232176753565155
YORZ_r_at,71.0,4.5242869778521815,0.5933376240557606,3.69756835637092,4.086543831282225,4.47090082530829,4.752638402452675,6.50778023079995,0.13114500184456387,2.3176542958265407,1.0029107436196618
YOSA_at,71.0,7.218320645405065,0.45994331485354445,6.13256852431622,6.92245223476671,7.19834297604103,7.5318060328449,8.96391900913597,0.06371888108715822,2.197998573615473,1.926962958860397
YOSB_r_at,71.0,6.637799559524528,0.5922809753353654,5.61031607422552,6.18665195103088,6.59295276603403,7.034980823100071,8.62298863106945,0.08922851165120012,2.0189943154037637,0.47637345664859954
YOSC_at,71.0,6.446174046794579,0.6516074807051148,5.20264018518886,5.9791791814755655,6.50305082722677,6.902991460453025,8.39348376590366,0.1010843759375583,2.0446420790997246,0.18942984653793715
YOSD_at,71.0,7.439196777820245,0.5182859332391695,6.40301930433323,7.076552732638595,7.42244982073264,7.7818805754903195,8.99382351842366,0.06966960932992448,1.7541311768923527,0.4505804548639061
YOSE_at,71.0,4.230145411236863,0.36111152640945327,3.61781371561842,3.997787114557445,4.14339315143033,4.378186192999455,5.47932232002086,0.08536622061506556,1.5844917257239834,1.512932819461394
YOSF_at,71.0,6.51310694272496,0.7789531746704145,4.57429002898864,5.91593578994115,6.56803685197717,7.014847620850035,8.65946458553641,0.11959778666623817,2.309544815148051,0.006349640839719228
YOSG_at,71.0,6.643444178322543,0.5477200550876412,5.44341588950618,6.220046072640045,6.60977003637485,6.970875502855425,8.12504485500418,0.08244519565240623,1.7548897487044117,0.25946800011746074
YOSH_at,71.0,6.934182940286928,0.6847284964972441,5.69037072393295,6.50409764099239,6.94279574683357,7.364007942925155,8.6074907050181,0.09874681738190641,1.8531258114250744,-0.2674284985861348
YOSI_r_at,71.0,5.694088352144248,0.6701230035322557,4.27997953287206,5.28896290949249,5.55951023066156,6.1404636845480045,7.24890219533249,0.11768749659107496,1.7287407967649382,-0.40150658188250876
YOSJ_at,71.0,7.004971185900744,0.8480792260364751,5.07653162934156,6.508444628805005,7.12759885951187,7.5789453785447645,8.85794386355641,0.1210681962180582,2.2685614450113003,-0.30070241605618175
YOSK_at,71.0,7.8324521369764,0.7634634280126579,6.38172463320409,7.26589005362764,7.91843513591781,8.42299429865372,9.53979515088849,0.09747438154245541,1.8707338193903629,-0.5385301533321427
YOSL_at,71.0,6.71105728528276,0.618083647497694,5.34738191656938,6.34897250049055,6.64931730926078,7.061236987473444,8.51492651897731,0.09209929541998417,2.1573361968528304,0.5626859765777343
YOSM_at,71.0,5.9457616599296275,0.5320661215978371,4.87433126655179,5.617020118448879,5.85858751188587,6.282702883738455,7.27671825773085,0.08948662123199443,1.6446587837529554,0.1399155827673031
YOSN_at,71.0,6.152420340526725,0.4148390016191988,5.47582053752476,5.84500387504408,6.10702089674172,6.37159713542783,7.62832622436222,0.0674269602300423,1.744205416742464,1.318869065044158
YOSP_at,71.0,7.181818759185648,0.7560108579560959,5.33644998295281,6.66444411537533,7.3099728548091,7.676169956634725,8.90346678158596,0.10526732618936495,2.105922399413472,-0.18356354053240986
YOSQ_at,71.0,5.801987149883991,0.6076196161234338,4.6873726211033,5.3825095491281605,5.78887941041317,6.151300787598295,7.37028569833492,0.1047261223485445,1.6855624969163416,-0.19577110429956157
YOSR_at,71.0,5.902511437993933,0.7011259110130419,4.73227831184407,5.37144394265899,5.88643298624108,6.484803230186885,7.53065838967235,0.11878433754485551,1.6357291268643084,-0.6627534443587733
YOSS_at,71.0,7.158571735597617,0.5936529947510472,6.07085399683211,6.73426646414753,7.14252659175103,7.5769018306651645,9.70061482168763,0.08292897196223842,3.7243140209608425,3.509594084524891
YOST_at,71.0,5.553507323501373,0.548660008044932,4.52936746024177,5.14616356365032,5.51007611463029,5.819536011772476,7.12241121857945,0.09879522544664857,1.7771729407377281,0.2966590011358834
YOSU_at,71.0,4.601462812246747,0.3630150191292288,4.00623210749579,4.37302596658704,4.50016609267357,4.75936677243015,5.56503449852893,0.07889122088807672,1.365517263749268,0.8498781669291473
YOSV_r_at,71.0,5.721154875550534,0.4162937725689368,5.10110034465275,5.43872642184243,5.65151339628653,5.94161117735889,7.2176577518155,0.07276394043237254,1.773851536356738,1.3787151929928658
YOSW_at,71.0,4.549291335179537,0.442767105324376,3.79736246887529,4.210180547688685,4.48337477103306,4.78620919577601,6.42413584137612,0.09732661038884693,2.8203227355909024,3.611465508522648
YOSX_at,71.0,4.513685942618848,0.4972567794862181,3.75991484582924,4.230282569063011,4.43863955578919,4.6060452115213355,6.87467559562669,0.11016645504532133,4.816152635387551,7.122183553505604
YOSZ_r_at,71.0,9.239402688673568,0.4938118276895322,8.0615524022209,8.94813491710639,9.21474782123103,9.447238062354081,10.8498328468229,0.05344629348116713,2.090982524203237,1.3504594088433102
YOTB_at,71.0,5.398284830784499,0.3894865312686171,4.87475330572251,5.138477042751354,5.30891317518532,5.58249518544144,7.360783437888,0.07215005200309436,4.1203684027517005,8.068275661204122
YOTC_r_at,71.0,4.641079422064147,0.47531333291840827,3.78103346343951,4.286587280792485,4.5709528057254,4.9696752534658195,5.92325198707728,0.1024143932247145,1.5001651914734984,0.20882472830964716
YOTD_r_at,71.0,4.381777970293389,0.5123189663198435,3.45253295439375,4.00523837562368,4.27846553089513,4.702954759320275,5.73047160708414,0.11692033913930613,1.5749303423636718,0.12195900824050954
YOTE_at,71.0,7.153141210179142,0.4616981132088923,6.29428368605965,6.83228112023554,7.08476911380169,7.3738858290086355,8.89934940390036,0.06454480621071502,2.3188032985642386,2.1847757603859934
YOTF_r_at,71.0,3.9906626473177558,0.2553597462935414,3.62005338090239,3.813208506599975,3.93916861126199,4.045181627031084,4.78406520148181,0.06398930926049998,1.0421708766918325,1.1882644953150514
YOTG_at,71.0,5.85990552375073,0.5697203483258069,4.48002741951022,5.495695014363795,5.84020664048352,6.156083931424185,7.28216985908161,0.09722346990351269,1.8408660297416648,0.288251573283274
YOTH_i_at,71.0,4.748449249824352,0.28006936765238183,4.06699921808834,4.525255934580695,4.73362415068447,4.88908690797696,5.68604767697074,0.05898122795831539,1.296707600929755,1.7693093064767638
YOTI_at,71.0,5.918089588430146,0.6759578127145383,4.61941044636806,5.5070470067433845,5.79522772330729,6.300897232520775,7.84757295159405,0.11421892193657131,2.1480922461925918,0.2317895729748507
YOTJ_r_at,71.0,4.491661469775069,0.1930917644585979,4.18346304645514,4.333690028811465,4.4677847138477,4.5825132236000545,5.06143684998335,0.042988939784962786,0.6980497459568538,0.6947809481615108
YOTK_r_at,71.0,4.606491862270804,0.5014388207261139,3.69604306557215,4.253489752263345,4.45796608733961,4.94861482100481,6.0805366054792,0.10885481527344454,1.672621985945611,0.39886727609719097
YOTL_at,71.0,4.661227882945702,0.3957845462886817,3.95846296810631,4.414288383260574,4.54916430600031,4.90092606725102,5.75345724180245,0.08490993279619755,1.3529231801815638,0.4864185619568029
YOTM_at,71.0,6.181949303744635,0.5100740229444081,5.1445958450131,5.86363548848141,6.18691565173124,6.536664237477915,7.76890231495507,0.08251022418372751,1.6754075762207423,0.3448577164711377
YOTN_r_at,71.0,4.729319190134897,0.4787480029065905,3.94024957335391,4.387600460412595,4.65702763315265,4.9884187745130895,6.02810657858486,0.10122979305461825,1.5485771551953627,0.29191998365294136
YOXA_at,71.0,7.758382775315763,0.1721020625211353,7.29056752431058,7.6367771988734905,7.76479473608998,7.854674947662295,8.21379481974786,0.022182723836299868,0.5982654663139992,0.5477163363667059
YOXB_at,71.0,6.060876746931874,0.449197854958198,5.45032768506632,5.822689841894135,6.01128003414552,6.155348256476035,8.80430131124238,0.07411433588145314,9.790653518237939,19.944976988389598
YOXC_at,71.0,8.303213985276477,0.49649515120162424,7.65257274573084,8.08487721833656,8.20040672792347,8.433335537014834,11.1550390634777,0.05979553846041126,9.24569561664574,16.584340341424486
YOXD_at,71.0,7.986358565938575,0.5921405328464017,7.04910571496801,7.5392380774676795,7.85649707429932,8.385913483032315,9.48888937288964,0.07414399540885276,1.7410823151274655,-0.019712928912754002
YOZA_at,71.0,7.538098425853342,0.43057169873968,6.54607015748282,7.221922565227705,7.48994740619331,7.7657919239684645,8.56412147518303,0.05711940524190458,1.1592412701205606,-0.2822895601805513
YOZB_at,71.0,7.24127523053898,0.35044854960523913,6.67441141981757,7.007201031010361,7.1594191626521,7.39380457572972,8.62836592514446,0.048395971489562435,1.8587851379411322,2.4830258938252205
YOZC_i_at,71.0,6.80525439774632,0.7913267617316239,4.9990231614447,6.2440526676276,6.83393513470839,7.349887799784479,8.31598736205292,0.11628173106852341,1.9285799922009028,-0.5524832723874762
YOZD_at,71.0,8.25562752279124,0.35192653300013854,7.3751236590772,8.005670372661685,8.27761633709529,8.487005202116185,9.12951275946577,0.042628683528729706,1.0740398730633913,0.09841702228252913
YOZE_at,71.0,8.546434754191482,0.4183132078182992,7.82763557743943,8.19110264128689,8.55765148465465,8.875848414285045,9.54351834683774,0.04894593123912205,0.9547445319081782,-0.7163677597744926
YOZF_at,71.0,6.417114613513608,0.5234443030402213,5.22122502841792,6.227084027371255,6.43220945135639,6.753243336063005,8.20523344375163,0.08157004114246545,2.1775775683689393,1.2718132137715141
YOZG_at,71.0,6.90154944598189,0.3445548461873046,6.2408233069839,6.67306181410838,6.84705188903004,7.109200439363544,8.21516277845357,0.04992427409006043,1.6820422837578868,2.0359552791357425
YOZH_i_at,71.0,5.095190058549962,0.36276190063703545,4.40466669669126,4.881465537573876,5.07152061924843,5.268467129423826,6.28591600778086,0.07119693210036482,1.3463253722608526,0.7966402495132883
YOZI_at,71.0,6.49681578845545,0.4983636460000018,5.07478456726636,6.15868387464292,6.51486067198976,6.727639636271935,8.05636241340107,0.07670890821401642,2.072711757652489,1.270691601639924
YOZJ_at,71.0,4.992518402194901,0.5534568311563537,4.01186795316891,4.5778224762186746,4.89795283505911,5.269158880396921,6.43642181455978,0.11085724409408947,1.6430621292209018,0.010365464550309955
YOZL_f_at,71.0,6.801403886860927,0.5415152944363687,5.82990618652414,6.43572207644214,6.70174857727203,7.095073673636374,8.27173164248502,0.0796181646384032,1.5636104314223662,-0.07566867901543617
YOZM_r_at,71.0,6.069750635711076,0.4885447106475559,4.93329215790048,5.74453009775558,6.05658440347603,6.39661355481564,7.25821499533556,0.08048843189260979,1.4136634325798425,-0.06915789734900679
YOZN_at,71.0,8.333240867623092,0.3925256185096787,7.33025245677909,8.102563621424736,8.36200599595795,8.563777914687275,9.36397250156034,0.04710359687726627,1.3841619443087088,0.6007339978480215
YOZO_at,71.0,6.433385775440342,0.2952999399322665,5.8149767208889,6.19639986148945,6.41940698629942,6.637229012895951,7.45141714134304,0.0459011708981581,1.1195166216984014,0.8811315525569281
YOZP_r_at,71.0,6.040376891467656,0.3597789589074544,5.30583009474987,5.853033739677475,6.02118486241447,6.20868008977504,7.6540847691108,0.059562336154166264,2.754193072235489,4.9725523611882885
YPAA_at,71.0,7.023302282870066,0.33574849187563466,6.27735017051486,6.81878638683032,7.00517863533315,7.1791845999350645,7.81713094872302,0.04780493254498386,1.0132629825718475,0.062455197760959535
YPBB_at,71.0,7.522055279654783,0.3860908057057609,6.77290212544977,7.254728665709105,7.46664134643805,7.80287695096628,8.41729553383508,0.051327834129328564,1.0303003515131122,-0.3074750179101069
YPBD_at,71.0,7.076228908276839,0.5579352261362255,6.00022758475665,6.58331102128726,6.99902509265089,7.488768198989725,8.45870311133853,0.07884640722739007,1.4484716180314812,-0.3841502413806439
YPBE_at,71.0,8.65993907296413,0.4453002625037259,7.59093492216405,8.379634728361786,8.68229436547996,8.968308771941105,9.67980224600883,0.051420715405946636,1.2196745989280204,-0.232881385796186
YPBF_at,71.0,7.8660876408218545,0.3267685371858545,7.26089545852303,7.606075478163721,7.85222550758119,8.074423701499125,8.79304406532504,0.04154143102729447,1.0371779071879268,0.22776076647334254
YPBG_at,71.0,7.999123220101556,0.19729031215259632,7.54184992367091,7.87899029880656,7.99183308244597,8.114306678978359,8.60586139978346,0.02466399213063898,0.7027247593984478,0.638411862900822
YPBH_at,71.0,8.447941180762758,0.262696920373235,7.99003352447978,8.229616013292635,8.45172133287114,8.62735869919155,8.95984990418116,0.031095969390913338,0.5147121483426529,-1.0583987890594226
YPBQ_at,71.0,6.00717792000845,0.38835289621690994,5.15323871449984,5.67687641683267,6.00657076439293,6.329111641633755,6.8115230457662,0.06464814283648912,0.8727611590533632,-0.7534554170854477
YPBR_at,71.0,7.660916132111231,0.26394011396863404,6.95273984707676,7.453904370332385,7.66246266199412,7.855131778001175,8.26553787387156,0.034452813399472135,0.6853966973613208,-0.38345138326534567
YPBS_at,71.0,7.8348108008306,0.29365518483592606,6.82206503872207,7.662116587039584,7.79562461734679,8.057280259895185,8.41350240428821,0.03748082657015719,1.124854405067785,0.9228608390399735
YPCP_at,71.0,6.7821982765176125,0.30166944925356165,6.08548952327252,6.60470867246136,6.75069565602426,6.922604905435245,7.6131117140034,0.04447959746297138,0.9601428656098722,0.23699379559122669
YPDA_at,71.0,8.29297056047295,0.4459579789219874,7.55419911133463,7.991550800284585,8.24155340409137,8.555867970959,9.33107201571991,0.0537754204805177,1.3768566549486683,0.13603366116098448
YPDC_at,71.0,6.641784239571292,0.1932637778184913,6.20622952481837,6.526541991693515,6.63778514254446,6.722156002410295,7.12052657035017,0.02909817164295086,0.6628221843830523,0.4983747739231812
YPDP_at,71.0,7.320034989641347,0.28349035612826895,6.73999973743796,7.1194206851046005,7.31202329416106,7.512673170296329,7.97389873633872,0.03872800560782003,0.7600172241489835,-0.29436271513634127
YPDQ_at,71.0,6.522168706085923,0.26692684451375615,5.86095669389236,6.331638130967885,6.52419795235971,6.710734237806236,7.06159478367342,0.0409260870950307,0.7048993977397962,-0.33685517018064814
YPEB_at,71.0,6.765135989183077,0.341443172992597,6.05465649809373,6.5310923807083405,6.78268104628936,6.976619927759125,7.56164895644678,0.05047099918442703,0.8474499676337638,-0.5050295016180835
YPEP_at,71.0,6.989213882644588,0.3331173159804332,6.23780109626972,6.75523701295731,6.94135776050071,7.206097109816265,7.8403397220366,0.0476616285570571,0.9423650193552282,-0.13765642640494624
YPEQ_at,71.0,8.219791268788342,0.4647458756279949,7.39520301225032,7.917487792798945,8.16388519256598,8.50032885090764,9.42632748782073,0.05653986341389201,1.253267207361734,-0.2776925229260159
YPFA_at,71.0,7.876249087476479,0.37577044903453394,6.97623526871873,7.649675956269465,7.95486875230612,8.126462732078004,8.77008157092464,0.047709315038299456,1.1337008413024214,0.06148219602767169
YPFB_at,71.0,5.403117939574165,0.5140304964883142,4.26658574866188,5.12212637590679,5.33256218222771,5.7712857395325,6.487135597165,0.09513590157331017,1.3259136751082816,-0.4018146895319572
YPFD_at,71.0,9.0925060853828,0.8054288732672544,7.48168937398611,8.468794052314705,9.004235534465,9.708603016432026,10.612382088859,0.08858161498094234,1.713557958588786,-0.880334711300153
YPFP_at,71.0,7.9033321843174535,0.36714970015248877,7.13494571430418,7.696850358692775,7.89461836659312,8.137170350039405,8.93719451676695,0.04645505105821343,1.0789351862110792,-0.021449647646587522
YPGA_at,71.0,7.839688919287295,0.3431176547972521,7.07550954161325,7.6476408538572755,7.7948942343192,8.042096069289041,9.29509519817872,0.04376674359528603,2.197249996501498,3.647480678811789
YPGQ_at,71.0,7.540788719804382,0.2803076314676702,6.92518478192064,7.35134480034999,7.52768458505012,7.693587856587815,8.23062250275079,0.037172190056392634,0.8010285265316648,-0.10721722741242834
YPGR_at,71.0,7.925914991422134,0.43340385580009716,6.77669111124666,7.56380806836188,7.9008484428939,8.29334943977761,8.85903768935777,0.05468187032905991,1.0751610591709657,-0.5063294305719119
YPHA_at,71.0,6.10206999551705,0.45634671818844463,5.03891346503201,5.7908938080003605,6.09298870552099,6.380813511310736,7.10533346652414,0.07478555941241326,1.239233719135806,-0.2577008703126542
YPHB_at,71.0,7.524583732772949,0.4493196307166576,6.3007349972153,7.276856181574249,7.55466650140491,7.81461798718345,8.50896089194388,0.05971355315772066,1.4108136503717903,0.19159575316474564
YPHC_at,71.0,8.2108046163679,0.34022875561974264,7.54317638592335,7.994440540013985,8.16216299347059,8.41498328043168,9.31116169076813,0.041436713150074314,1.2333741803759484,0.7053828281151739
YPHE_at,71.0,7.048195759734636,0.33199688186162335,6.07825026592067,6.8374623219779505,7.10345540591523,7.273787437942155,7.79739450826485,0.04710381112827136,1.0318277052022906,0.1577718703007296
YPHF_at,71.0,6.832840541310529,0.24102001979955823,6.30147075256034,6.678236565724885,6.81332678952157,6.95436888424611,7.47042079627642,0.03527376620929177,0.7822543743674446,0.30352443275382823
YPHP_at,71.0,9.643112734452535,0.561626278123285,8.34300510941811,9.39625378157332,9.7157531224388,10.06247262375595,10.5145496710541,0.058241181409891506,1.5811471896444702,-0.1520850709368382
YPIA_at,71.0,7.836551145784211,0.614941359727756,6.44632492033243,7.30777504293207,7.72754551017441,8.212453965369106,9.2235257648142,0.07847091766364248,1.500260661384994,-0.5498008353695716
YPIB_at,71.0,8.0527712639215,0.5717611867785685,7.01497829328468,7.68051803371244,8.11928754949715,8.41619078154122,9.46295047902908,0.07100179156214291,1.393767492404544,-0.5519255295267671
YPIF_at,71.0,7.284033625105215,0.2712665887306661,6.48238824956146,7.1116539210713405,7.23598266560151,7.5259291741215755,7.90760067854628,0.03724125981457805,0.8180566833517775,0.060094107563482435
YPIP_at,71.0,8.06690582866039,0.32828608622229133,7.13293792588557,7.87205705371774,8.03076150420032,8.32218082117418,8.6579188470464,0.040695415713909146,1.0151721376380123,0.14124983776377364
YPJA_at,71.0,7.2008990489830875,0.2654089088208369,6.55637757592228,7.039078580966345,7.21853454760947,7.401714525366485,7.83750065286691,0.03685774609745682,0.7755554255093454,-0.038987922839203826
YPJB_at,71.0,7.436848121311159,0.26406684524891566,6.95429800993817,7.26308718376087,7.4326670845599,7.6108147128131005,8.05807923203881,0.035507898096264895,0.68270221155499,-0.39557497194390123
YPJC_at,71.0,6.801059200228001,0.19755005199232353,6.37916613371071,6.649897555511934,6.78377890725209,6.93416272811333,7.23514509075617,0.02904695374298474,0.5248232970901836,-0.32005833854480725
YPJD_s_at,71.0,7.977147085674111,0.3969477108370948,7.08708894184483,7.71221189351774,7.98493996546464,8.188614652047924,8.84826417572619,0.04976061072635351,0.9528167463266678,-0.591436443088897
YPJF_s_at,71.0,8.124642802661706,0.32717642777963357,7.50601814944213,7.871390571754525,8.08503726024121,8.27886896755765,8.89812907713418,0.0402696383984349,0.8742962490458076,-0.3035542579774835
YPJG_s_at,71.0,8.13260662032953,0.27028644482142117,7.50225855002657,7.94212461481495,8.10260260043944,8.312346159946514,8.71618146647418,0.033234909474875014,0.6741021126348279,-0.49225620552463933
YPJH_at,71.0,8.079344394044846,0.34990928361529583,7.50355073981115,7.793896304564679,8.05874342896979,8.337168440313755,8.96195710359294,0.04330911848159466,0.8509889947282131,-0.5579044029214519
YPJP_at,71.0,8.99215891919503,0.5404927150081302,8.01749348727983,8.625911619289269,8.98394905979073,9.434851796361169,10.2430337223525,0.060107113304500484,1.2716274103437775,-0.6418782284519495
YPJQ_at,71.0,9.116236721165778,0.6708651065579104,7.60510627687359,8.701442775521969,9.19054204978876,9.658237798285036,10.3757443098442,0.07359013670633606,1.5763842201197944,-0.6449918525457266
YPKP_at,71.0,8.791506510069874,0.4347499491775851,7.86057463237978,8.452609069988725,8.73678271740311,9.028241817919294,9.67601731757409,0.049451132030627336,1.0926828081116098,-0.47178841095146273
YPLP_at,71.0,7.761927853826422,0.5045460177774612,7.0257438200652,7.3769471004741,7.63276150688251,8.042247374644125,9.25067348351338,0.06500266780098111,1.6860871920579599,0.405374300627765
YPLQ_at,71.0,8.279375162687202,0.5664107108861187,7.19741418041506,7.826085182456165,8.25176601228109,8.64564815122421,9.68620700791739,0.06841225331094686,1.4597529290022868,-0.4041937389044996
YPMA_at,71.0,8.298137783493857,0.4993315986959809,7.11504070236439,7.959639638861445,8.31833870604134,8.692968925685795,9.29827385689266,0.060173934408418776,1.2796266142087807,-0.4195674779788181
YPMB_at,71.0,8.788099785415048,0.6280286132753408,7.27806219144416,8.388045002169696,8.82677821096732,9.219992491178996,10.0796261411776,0.07146352779444232,1.578762379873985,-0.4712811890106168
YPMP_at,71.0,10.806548130927606,0.5523979755082535,9.41379556790094,10.4661870462308,10.9207058437863,11.1824766647503,11.8777635233495,0.05111696804711655,1.7442687944768287,0.21038133274133042
YPMQ_at,71.0,8.169951709524707,0.41252747120502514,7.30439110247514,7.8991609013301805,8.1484286440806,8.414630950079903,9.07045234548191,0.05049325698266878,1.0709744251328097,-0.38415012925360514
YPMR_at,71.0,7.529385594111209,0.39600953952756474,6.53443860743212,7.286672796879985,7.48245468835625,7.72762777086986,8.43062021000268,0.052595199777958894,1.1559317110306053,-0.04234028021419167
YPMS_at,71.0,7.970957718071609,0.26551088476670914,7.49426835732675,7.755928946254645,7.9665161604409,8.140084238542935,8.66782943070413,0.033309784615310124,0.7466728339688026,-0.1553563405270446
YPMT_at,71.0,8.70336189996501,0.2978943483132063,8.02084786574832,8.492315769823884,8.68093481251592,8.93583059854433,9.3316664132184,0.03422750331850546,0.7108678904069738,-0.6063124728193263
YPNP_at,71.0,7.5471881036344355,0.26639367460900787,7.03444650144319,7.348933933188144,7.50945845965579,7.71345856048725,8.27388375639388,0.035297076335055556,0.8469743230803454,0.23344024052958723
YPOC_at,71.0,7.65924792605329,0.3406370258667216,7.01046108632411,7.43424758207056,7.59223411816406,7.876806228783066,8.53012394466144,0.04447395216285255,0.9204178000395135,-0.27199968837833355
YPOP_at,71.0,7.068430959362572,0.22639163756778,6.52747431499286,6.916852166857475,7.08518461157818,7.203499081061385,7.60693450968238,0.032028556106629344,0.6410243002983785,-0.13495044131139666
YPPC_at,71.0,6.363804294200785,0.2521734717788204,5.70913779114777,6.216845311822254,6.36424606727991,6.5159647794606705,7.31836301994991,0.039626214151277615,1.6038638091390938,3.6012954908943104
YPPD_at,71.0,7.334045961940425,0.4932164635954956,6.45511052562597,6.9896903997248305,7.40373925804295,7.665468358564761,8.69278432952095,0.06725025533723292,1.296387161332548,-0.3499440494558854
YPPE_at,71.0,8.368959891576333,0.23862362458724165,7.82842810335133,8.215335700351929,8.36611678995975,8.51934566427771,9.0060923069427,0.028512936813979133,0.7534501391295083,0.21022541534030958
YPPF_at,71.0,5.722920842441923,0.27277000413968044,5.08226927954748,5.581505603827915,5.67324886057912,5.8910277911919895,6.44640882451986,0.047662725319697376,0.9626643772101594,0.6038250574178234
YPPG_at,71.0,7.746203437640449,0.5805616233369527,6.5070607794948,7.415432945504531,7.74732038988478,8.184632696110441,8.81419255211906,0.07494789260450874,1.3644023467036106,-0.644606512315149
YPPQ_at,71.0,8.5312220379956,0.5122514438119576,7.74440173351732,8.14505470362242,8.38264500890735,8.909772471992476,9.74160983017908,0.060044322083112785,1.3529350158705917,-0.3364761908592886
YPQA_at,71.0,6.584837265642719,0.38302727181401924,5.6999104537702,6.330048493594365,6.52669489601749,6.826960661704385,7.55941231149525,0.0581680695151748,1.1849438262917051,0.1426136062975636
YPQE_at,71.0,9.092007338218954,0.37629786729264325,8.26711131352619,8.84888046822962,9.0784666217948,9.342108016032585,9.89683335563627,0.041387765461961976,0.9968747056963382,-0.32799531300357376
YPQP_at,71.0,7.581307941737799,0.27176057225225075,7.1545487410301,7.41472855593317,7.51697135852527,7.7085267055229405,8.85812500243714,0.035846132928608804,2.461937134805483,6.459116434625734
YPRA_at,71.0,7.258784456023005,0.2710068952166261,6.76266428649481,7.013246477146445,7.27221129460611,7.43823990022767,8.12163466354655,0.03733502446015697,0.9048775701320736,0.4023629695057167
YPRB_at,71.0,8.031062760731002,0.22117045669419172,7.5734681060114,7.89342712615366,8.02451196160803,8.158973275092185,9.03296836918791,0.02753937595602358,1.7108315545368586,5.0573814317680075
YPSA_at,71.0,6.947218544764261,0.24114882845429658,6.40643110960134,6.781999321042635,6.88996647461822,7.080685855906875,7.76529688567065,0.03471156505304375,1.029830746867818,1.3887340815270077
YPSB_at,71.0,8.571833542301993,0.9677705319448866,6.3320683007564,7.82852621331052,8.8389229899223,9.294431037159146,10.0166508038771,0.11290122786087009,2.580956557640117,-0.30920565334187433
YPSC_at,71.0,7.874943322765728,0.27042065498537954,7.36397852575951,7.68168406868792,7.84851489364422,8.00591199853405,8.52006428426129,0.034339377936044135,0.797012173112584,-0.012316348806205912
YPTA_at,71.0,6.620477162123276,0.504742327511287,5.79372068856866,6.3669407000031,6.5738825802231,6.7833466433387795,9.94983142889325,0.07623956931669398,14.265340520955254,26.79213456487166
YPUA_at,71.0,8.116884727906758,0.30633134456320443,7.36993530065402,7.892821197324235,8.09085768283819,8.27032509258473,9.12420505628839,0.03774001415962001,1.214584980008375,1.0651779811174826
YPUB_at,71.0,8.03120369978867,0.34291365100210525,7.28173847834061,7.85210867774943,8.01073701855286,8.21364056265856,8.87767821804874,0.04269766573236445,1.0380554090561713,0.07223875261562984
YPUC_at,71.0,6.139122507426133,0.22391373014570892,5.69405031942405,5.98869155066998,6.09785564531208,6.22096093660953,6.80331178464248,0.03647324676692048,0.9019604673103765,1.1321189043840736
YPUD_at,71.0,9.390396719891804,1.063183485472594,7.37980893611391,8.532777968471141,9.27240248099533,10.1725247067259,12.0107124086535,0.11322029485936819,2.45806470835016,-0.6850077738237657
YPUF_at,71.0,9.303694538428404,1.1101427755689073,7.60937711513995,8.214235445483524,9.4393789106798,10.19826093356665,11.6355535691364,0.11932278848832825,2.0325949315385636,-1.194359399566668
YPUG_at,71.0,8.112018525646905,0.9066874684937536,6.57312665586499,7.319162803858029,8.03430212453664,8.808627665664265,10.1944687086894,0.11177088237991277,1.8556865538689256,-0.965934046838731
YPUH_at,71.0,7.321080434346434,0.20536603474128684,6.87102596833216,7.16611742899237,7.31988036368412,7.46053545746335,7.81525923151702,0.028051328841822817,0.5835955221162625,-0.124098128992161
YPUI_at,71.0,6.992954811193563,0.2565248275699556,6.39613091196717,6.803590508710055,6.96784280449465,7.19783114853134,7.61582025677129,0.036683324073442956,0.6704192528411521,-0.3657916388269724
YPVA_at,71.0,7.288853448588845,0.3046914777390159,6.72469025178248,7.0618315881447895,7.22013291113781,7.497465794303745,8.02926704368731,0.041802387698987906,0.8686160970979927,-0.11449253715843888
YPWA_at,71.0,7.656412298732786,0.28509790259828666,7.14083944671699,7.455171811120745,7.60180858925568,7.84963871439117,8.33308703390337,0.03723648772747953,0.6800405313026376,-0.6073935455624224
YPZA_at,71.0,8.386080550990519,0.3013494859658303,7.79147902647706,8.149108033288705,8.43764214596982,8.604256738612996,9.01259598087186,0.035934485023547326,0.6769254704192305,-0.7545425568581408
YPZC_at,71.0,6.710993951547424,0.49445737715351956,5.59885272206661,6.35197433778209,6.71218278250576,7.023422713410065,7.87360735515505,0.07367870999786959,1.3160515177589138,-0.3148195640366107
YPZD_at,71.0,5.41468435676729,0.23471300615073187,4.9091891773434,5.2588676003272,5.41536171128633,5.543147373583345,5.99774750361104,0.04334749556682594,0.6719898790263172,-0.10155104889352007
YPZE_at,71.0,9.040122910066147,0.4756673674129656,8.09283173859714,8.683660235876566,9.03689232211142,9.41632621076908,10.0535653143814,0.05261735621794606,1.0619327703948678,-0.7691568385811385
YQAB_at,71.0,5.913062318143298,0.5639808700154126,4.97533742539537,5.3989232648508345,5.95567230129332,6.226115458163465,7.40235014111596,0.09537881383135881,1.4074751523090514,-0.4905838919758829
YQAC_at,71.0,7.502787815817757,0.4168171253653278,6.80738227175885,7.2378302561692305,7.46706740179064,7.700672457405885,9.606506702663,0.055554966446814985,4.4551864134515915,8.18433586144998
YQAD_r_at,71.0,3.8730615004063855,0.17704584551310354,3.58322355874192,3.7567175831168402,3.82148996416568,3.931710858090815,4.51637240265898,0.04571211830602917,1.0911715933370603,3.3927646272954535
YQAE_at,71.0,6.682699902359917,0.3245617663912118,5.89374869096192,6.4878751950871845,6.70611208611447,6.86861909256785,7.41548529378985,0.048567460926473245,0.9910600527944826,0.1001602236159429
YQAF_at,71.0,5.3178069920185465,0.7657506843157655,3.65195653758514,4.754087608768195,5.31746386834026,5.829293062875375,7.04983093142235,0.14399745712190656,1.9473311352866265,-0.44036655787002
YQAG_at,71.0,7.10486288219496,0.6105978050866943,5.94389595239235,6.66212424680192,7.10930846216965,7.576902614115745,8.75003576604672,0.0859408288676301,1.5332202324272173,-0.47427058886616713
YQAH_at,71.0,6.521626250825097,0.70120111855534,4.88586836858704,6.085148713388265,6.4123623581439,7.124072960085245,8.02285085918451,0.1075193658125726,1.7697071107839621,-0.46070975467686726
YQAI_at,71.0,8.563186179276101,0.7831335713636596,6.74863393640186,8.03816057388815,8.6489394987295,9.080381885238094,10.4793040601547,0.09145352617217796,2.211871307233972,-0.14246622841171774
YQAJ_at,71.0,5.781372081310256,0.3854347763366441,5.09549018284079,5.489367010806459,5.73372728384323,6.035100331877825,6.96194399375686,0.0666683913292243,1.262997437249973,0.3365736958594856
YQAK_at,71.0,7.305102850228112,0.45434772280302393,6.55497106447812,6.99411685749169,7.21437703331019,7.541249438191086,8.64227103565096,0.06219593784211215,1.5974253770530464,0.5896885419659408
YQAL_at,71.0,5.777367234881462,0.3702628393461158,4.91458630313529,5.537136974944345,5.76692815657697,5.998615796797375,6.8377709164591,0.06408850680472845,1.23122691697821,0.3878903840721337
YQAM_at,71.0,6.017839953972164,0.45936148377245767,5.27149269061495,5.68476736455582,5.92922657832024,6.2943068931511,7.31398248994405,0.07633328358446112,1.2782543128411428,-0.18662918892138558
YQAN_at,71.0,6.766779335471547,0.367569827230617,5.78818605837182,6.533268024577775,6.77406844086131,6.9796996338468,8.01057219025498,0.054319759668208935,1.5628437202097618,1.3689433081544555
YQAO_at,71.0,7.2395672336975965,0.4592832707590234,6.41491343088639,6.9364058136106355,7.24896043812799,7.5141196448528,8.51163159864989,0.0634407079778504,1.3586753463732413,-0.0007262137008350322
YQAP_at,71.0,5.302450229026758,0.39235230940536725,4.60848516338169,5.04328859977956,5.24166346846602,5.484815193332125,6.6225417409343,0.07399452940784733,1.5940917594600439,1.168911401748919
YQAQ_at,71.0,6.040173756392101,0.5516312367185476,4.78175440190509,5.6974095873055095,6.13825559999049,6.3482216751285545,7.37556825367464,0.09132704769209261,1.5456796620395927,-0.16615164438285168
YQAR_at,71.0,5.494273319185505,0.5639954899658682,4.38516060516169,5.046391135223135,5.45689563759365,5.785352212098055,7.09506354250277,0.1026515168068627,1.7294583977926419,0.11382662296389245
YQAS_at,71.0,6.398361005028551,0.5381912353529927,4.88651815874092,6.0061407446663555,6.38191211074143,6.7451318303514505,7.69679216134175,0.0841139215074019,1.5986333120225387,0.012117541546799782
YQAT_at,71.0,5.946407406407079,0.39713625420115906,5.14733767896151,5.722615593472614,5.92909032714152,6.064711086083729,7.40863499389809,0.06678591409213845,1.9157413154684593,1.9746551352524824
YQBA_at,71.0,5.767346736035949,0.4639121579303696,4.69676875726713,5.473908548775865,5.72282068663844,6.0527152578872805,7.13611577889122,0.08043770890897202,1.5127401048254034,0.3196544496009688
YQBB_at,71.0,6.385824035452748,0.4480359516225866,5.49399040370817,6.170085128413705,6.39209004565353,6.65455803259713,7.94189672400107,0.07016102371991234,1.8393701265804316,1.2139096617876683
YQBC_at,71.0,5.245191884542266,0.5521569833739978,4.14228618068316,4.78915496089083,5.2470107309778,5.6184730930836,6.64198322728062,0.10526916755919274,1.4198925615228415,-0.41018758406539213
YQBD_at,71.0,6.536502892868009,0.2763108028483999,5.91428712860527,6.3747372967941445,6.46448880218472,6.64270233196676,7.68093112221616,0.04227196214506126,1.7528614815038197,3.5839762503489174
YQBE_at,71.0,6.320936126465348,0.37696299937802913,5.65686377424565,6.106763005266995,6.27360509069792,6.565991270949835,7.79362722771323,0.05963721066563378,1.8648028253121673,2.1049146088903097
YQBF_at,71.0,7.718299133654211,0.6440230820498516,6.616056894941,7.13710733458937,7.77725508607075,8.15279339018884,9.25894625565472,0.08344106271311881,1.4613264519251754,-0.7304591347271217
YQBG_at,71.0,4.609101603527733,0.2947338354366291,4.12081039979623,4.385846714501785,4.59157467639746,4.817130054145535,5.60585376240017,0.06394604866402696,1.0337526026949948,0.5807366298223378
YQBH_at,71.0,7.1742506978980245,0.5409537751516685,6.08492426922958,6.798806102496405,7.19335610078388,7.4893638560580005,8.93818373814927,0.07540212879794708,1.850961266927045,0.4899444769900225
YQBI_at,71.0,7.367645965999159,0.4002523708031333,6.43382762881749,7.081745467631835,7.30590447977786,7.640883479711265,8.53886666851204,0.054325679145041994,1.230143119628533,0.12121570391493286
YQBJ_at,71.0,5.382328400946021,0.257967668307588,4.89654454905549,5.21090418585678,5.33912957121949,5.495322415099325,6.08040183882107,0.04792863777361606,0.9163923784715073,0.6283232625488471
YQBK_at,71.0,7.119679856667326,0.4005075943189265,6.32042649492534,6.83446069088595,7.15878249858277,7.404431030152695,7.94593069641774,0.05625359600177323,0.9613246459458833,-0.5915345149068796
YQBL_at,71.0,5.984357684100076,0.30582371858761187,5.4170293091668,5.7699550589481206,6.01083498080116,6.181943163922185,6.76753944560683,0.051103850192671336,0.8056234056168408,-0.343761257743576
YQBM_at,71.0,7.412006423004487,0.2761707404848927,6.80177432384983,7.210850211655675,7.39062607805499,7.5908213180554505,8.04342021451607,0.037259916508942496,0.758556226591185,-0.2247292011331914
YQBN_at,71.0,6.218759154414152,0.2908028161829875,5.55962693691822,6.028404722647215,6.1903617202429,6.401380606622065,6.90605262205466,0.04676219306170943,0.8661262548069711,0.020604567149356434
YQBO_at,71.0,6.96499216799501,0.3932124119503627,6.0472560940777,6.689318761189635,6.93360899073344,7.1751439227617695,7.8889555045813,0.05645554258585125,1.191991256859068,0.07674457629743969
YQBP_at,71.0,5.322970315780546,0.19147434423756243,4.94668911360364,5.1899552282534,5.30184484355795,5.446692646896899,5.77686786272435,0.03597133421351517,0.4642520022796596,-0.5657505094209307
YQBQ_at,71.0,7.271138215334667,0.3319172950226066,6.6295479531207,7.0009903978816705,7.25611096217516,7.46423974918747,8.06380620012483,0.0456486020747894,0.8528925541783587,-0.41224617172283695
YQBR_at,71.0,6.937213145240518,0.45529969891920585,5.885946994193,6.58074767388423,6.97916784277181,7.264206006936705,7.88444227099261,0.06563149918949482,1.0571190596468072,-0.6746060459763767
YQBS_at,71.0,7.379485577861894,0.47856197713048293,6.37320346797979,7.057320746368905,7.39921412108927,7.6338306998084455,8.51770642682576,0.06485031674377766,1.3394502896457994,-0.16944413313114426
YQBT_at,71.0,6.796881739020757,0.47884324440128495,5.65277274661652,6.450900921361654,6.822944543605,7.107790732764791,8.02889572827848,0.07045043047494202,1.4506943942704573,0.07479931760121739
YQCA_at,71.0,7.304808328870111,0.4214500120716278,6.36023747921782,7.0055951932033,7.24805407937829,7.557866412622236,8.48780399759993,0.057694876182578306,1.2497274797903222,0.006741503581620734
YQCB_at,71.0,6.295200170829799,0.3480571099527359,5.6059763091076,6.036022824762195,6.30004017362406,6.48434760454027,7.30355406581827,0.05528928397948892,1.1476567607086419,0.3582909913166832
YQCC_at,71.0,6.65374528648619,0.37318934792879155,5.84141600892267,6.386189590724085,6.65139538317752,6.83606061599829,7.87214914115397,0.05608711062125298,1.358770131995359,0.7221492912346332
YQCD_at,71.0,5.567029377195397,0.4486499364323341,4.67542964825804,5.2325995825926555,5.60850655055906,5.773452992579211,6.71757257565799,0.08059054587895108,1.2063534814701535,-0.28597208453316636
YQCE_at,71.0,6.723686757934555,0.7016388954325302,5.27331868123398,6.268188684540065,6.89128274787672,7.240085389300599,8.10444543522534,0.10435329911889979,1.6094522931501185,-0.7042131240655096
YQCF_at,71.0,6.777385187049313,0.3300596872716865,5.71207598677335,6.534163333138725,6.79382214161489,7.031420026922885,7.45703377509052,0.048700151778651585,1.0918215789162087,0.3695450083265075
YQCG_at,71.0,7.13280219474016,0.26306974844400366,6.47312372501529,6.994935681089045,7.14105721861955,7.236066498821909,7.8775403937739,0.03688168285922683,1.0132894178229725,0.9453735206302287
YQCI_at,71.0,6.22678032856539,0.5619666962175612,5.36267497112816,5.79497871929663,6.16250352577615,6.54561183720144,7.67038253531507,0.09024996331403179,1.581029147405551,-0.15411319942763857
YQCK_at,71.0,5.875474481318868,0.3421797481715554,4.98090837678795,5.652523487147384,5.85982007758772,6.08236620986449,6.7890829397942,0.058238657875124715,1.2147872968075595,0.6259834155396771
YQDA_at,71.0,6.259324749583796,0.5533082618021566,5.19625000162487,5.893015476142195,6.18472710933213,6.606696708108069,7.70525163876841,0.08839743645493837,1.779709697666536,0.2727014486029016
YQDB_at,71.0,7.0949927874750545,0.5009183450417684,6.26043735501923,6.782064973412496,7.02561770393685,7.27964116800946,8.54710698993056,0.07060167079042708,1.9572101516030247,1.0040894565886012
YQEB_at,71.0,6.921037293390673,0.227974382853126,6.42267538574328,6.751995760062105,6.89684687438788,7.051492765712471,7.66116814856412,0.03293933744163362,0.8631924344043168,0.8760917132141381
YQEC_at,71.0,7.838609339447043,0.24290003726542478,7.37577383982509,7.6600418280626705,7.84018476193696,8.006623490612416,8.72151265295092,0.0309876442040623,1.0176874872133561,1.3032007221724244
YQED_at,71.0,6.524966817327088,0.2625234357513958,5.80914883076039,6.360391287616885,6.50279222508405,6.69658638007629,7.09179154435803,0.04023368135057228,0.8475487543357153,0.28538653410898496
YQEE_at,71.0,7.056499284050278,0.2734881172686188,6.5709695775911,6.82984107936092,7.04424342660747,7.258705599351535,7.69691627804047,0.03875691136067721,0.5914856447782487,-0.84302476221053
YQEF_at,71.0,8.427686083421117,0.23247289516192413,8.00115846430243,8.291273438523124,8.41068279329543,8.560575724368885,9.16033387675897,0.027584427428928936,0.7966467495182955,0.49542346034080564
YQEG_at,71.0,8.21139392200418,0.24503385501874217,7.58721624137577,8.072655987600296,8.22410415749799,8.332317192991365,8.76361872756659,0.029840713689562707,0.8276607397238697,0.44343863366596015
YQEH_at,71.0,7.3388292871642005,0.2508534531322686,6.61443941915343,7.193805712741815,7.33275834172148,7.510528265439705,7.89169687600378,0.03418167166948789,0.8383440599180113,0.40556137919113056
YQEI_at,71.0,7.412615851823403,0.6208505705687838,6.03138476656094,6.9140048349784955,7.44238629652721,7.913138079084835,8.48489805573618,0.08375593487905662,1.2821926779828101,-0.9462893733136455
YQEJ_at,71.0,6.634797894833221,0.3873616424168031,6.01414236374643,6.322999205617254,6.52726570043256,6.977144626902505,7.40400066498956,0.058383337150097206,0.7858080116222752,-0.9850460126124796
YQEK_at,71.0,8.00015606061003,0.3833216055591218,7.22112479041533,7.746992546044945,7.91598435075207,8.345710383417606,8.71756639607696,0.04791426600369252,0.8232972056935193,-0.8588537438759332
YQEL_at,71.0,8.37158432578513,0.4079045993189316,7.56115054166228,8.05369822893387,8.35004110078983,8.70475255140647,9.16774565080398,0.04872489882978945,0.8203879222556975,-1.00345998872596
YQEM_at,71.0,8.427414380380764,0.3623069522970762,7.77200849540835,8.131690687274016,8.39502032617479,8.731610590588456,9.0767172335184,0.042991472347738834,0.6736917827319949,-1.164162564079536
YQEN_at,71.0,7.481729589475918,0.33726233595838406,6.50092178996303,7.27538666620857,7.51577218625493,7.733006285869955,8.15543591155005,0.04507812423918527,1.0254228857903949,0.086287631621913
YQET_at,71.0,7.543056803371655,0.26193833479306367,6.99535784750972,7.37719937013134,7.49943995459666,7.6694183598196695,8.26804311190572,0.0347257539776156,0.9279091821716061,0.617860238818261
YQEU_at,71.0,8.057494500777633,0.24573538908206857,7.64404006665689,7.873985454812351,8.00049406795614,8.23742476167184,8.6235415312721,0.030497742078303934,0.5952540569134732,-0.5681643480008871
YQEV_at,71.0,8.192991216601897,0.3969300751303713,7.25438589113749,7.905264329732965,8.16155484982621,8.56091028986322,8.95937996782393,0.04844751625341068,0.8982789020983413,-0.7368049454861958
YQEW_at,71.0,7.041081300265529,0.33235571762767147,6.37882135611717,6.8035712080913004,6.99047549967408,7.2137634514412,7.85386671387834,0.04720236899056085,0.8682945778099944,-0.3667672237079036
YQEY_at,71.0,10.18380262121022,0.6459261277880373,8.46292057725292,9.92135544274823,10.2858005594897,10.599592709353999,11.3812577398092,0.06342681136049717,1.8427163623152247,-0.11235055655989168
YQEZ_at,71.0,8.620382435932495,0.4804181285866554,7.43373805545373,8.253434607728405,8.4868418820213,9.002863134187436,9.61159457196367,0.055730489007554916,1.1461675496920116,-0.6068820537330617
YQFA_at,71.0,9.202176937829094,0.4679075675451177,8.28491196602653,8.843785523665769,9.15643765010255,9.55341652716703,10.2054379639484,0.050847486492202006,1.0193685335655236,-0.8262730876153079
YQFB_at,71.0,8.460057752639374,0.6123422407515413,7.12933825092549,7.983868694437845,8.51703268471341,8.89429416803552,9.70565259169686,0.0723803854129131,1.3523183779780248,-0.7946487956477095
YQFC_at,71.0,7.259285258296317,0.32548279238917305,6.32263893877076,7.080183642820581,7.30121736380368,7.472863070671201,7.9567353439179,0.0448367546952633,1.227680474668514,0.8607578909996292
YQFD_at,71.0,5.862668346766957,0.29793570201870906,5.36618627981738,5.6462008207543555,5.84010490990558,6.086104155336395,6.47621760072165,0.05081912951514808,0.6557922241980646,-0.8023947095529342
YQFF_at,71.0,7.130195428860909,0.24312421210352989,6.6475243494263,6.969485032859755,7.09533422137795,7.2394693319579755,7.71400575247241,0.03409783287558086,0.745111055678783,0.1120202156120107
YQFG_at,71.0,8.320180619604976,0.3147480075362786,7.7577990082128,8.0772990113676,8.2849081602383,8.55953794137219,9.08136973114624,0.037829468124121336,0.8222223246733442,-0.36700708543713567
YQFL_at,71.0,8.106321417875115,0.21685099647132547,7.67773037647224,7.93979992934538,8.10860760173854,8.242835121746944,8.60650544697404,0.026750851007850605,0.5294826403779505,-0.5476748182466307
YQFN_at,71.0,8.6545033059439,0.29991899777518505,8.17181646867321,8.450055256051069,8.57063944682887,8.80364435956771,9.58311423729377,0.03465467481758325,1.1148156552882404,0.8027138317372344
YQFO_at,71.0,8.31065203047666,0.3430618372017157,7.63533838965229,8.06246161017169,8.26038622574644,8.548201030088421,9.2194514551353,0.04127977395078582,1.0194360761906645,0.013387675161937729
YQFP_at,71.0,7.9260079811742,0.3687017686943562,7.23416627848023,7.666904955615065,7.83631475279712,8.14947058911175,8.7413759033137,0.046517965862524255,0.904102652378131,-0.5366251747711512
YQFQ_at,71.0,7.952518088624531,0.32385894469251886,7.25605167895316,7.7417537893439246,7.91797282422849,8.209234096881655,8.86938524972648,0.04072407520276808,0.8736565827749102,-0.2766619353000732
YQFR_at,71.0,7.546318024601802,0.3471881793736926,6.98876022762645,7.300089077953855,7.47425828866173,7.7514137420802,8.38421359533406,0.04600762626778014,0.8758163443269195,-0.46200579064205227
YQFS_at,71.0,7.898160924157808,0.43305919729916265,6.91679014447393,7.590555635767576,7.84929578393046,8.122960084059924,8.90810451460018,0.05483038411822944,1.1071582247054608,-0.4260063392813551
YQFT_at,71.0,7.042363944876053,0.32874589808457244,6.20772656199747,6.789595613133425,7.02470981192199,7.2723865132726,7.97979594057326,0.04668118555897191,1.014830017128119,0.1355683048711671
YQFU_at,71.0,8.409149537018358,0.6456275945834268,7.08812724807763,7.87547075791858,8.37418612765912,8.865213340566175,9.72045740338161,0.07677680028655404,1.4487681123370428,-0.7570254714358926
YQFW_at,71.0,6.271376908313581,0.2193469203055686,5.78004002061999,6.129305927959005,6.25193892353242,6.4392760893613,6.75407547966699,0.034975879063303274,0.5856015156130967,-0.3061978470668585
YQFX_at,71.0,7.116515792944936,0.2886517375149308,6.61849989435359,6.882634052537066,7.07652426233344,7.3343000880086695,7.92892610414292,0.04056082300851352,0.8044105132520424,-0.18227813430323225
YQFY_at,71.0,8.022196706807776,0.41856646027308203,7.29391705073846,7.70421860333345,7.96458294781359,8.373931507914474,8.95338610581187,0.05217604049996421,0.9552541661412597,-0.7165407392019487
YQFZ_at,71.0,7.779389372658198,0.3180374785533688,6.96095088898517,7.581733529183349,7.74804946202437,7.96809095020806,8.54430477206182,0.0408820619869161,1.0038513679611996,0.2090711717672633
YQGA_at,71.0,7.658245525791539,0.3864864909359967,6.86435698505882,7.37131478865335,7.65022293382495,7.94429320549861,8.63866295371698,0.050466714554186394,1.0262096461598011,-0.3215747359465797
YQGB_at,71.0,6.86989248483434,0.3925771827124253,5.9368167808834,6.586193226830295,6.88226818956561,7.17569956366839,7.55229471276507,0.05714458902800309,0.9693127080608287,-0.5186501092025795
YQGC_at,71.0,6.895581759659823,0.293884652205899,6.40252538282519,6.74000089095328,6.86534879510091,7.010927041912705,8.44248794436542,0.04261926875048713,3.658527857124248,10.048149828426647
YQGE_at,71.0,6.219349432879285,0.3331891927249262,5.39536138743002,5.983038225010315,6.18081789034978,6.508951407113615,7.05301440276454,0.053572997677777096,0.903780607890892,-0.26091786049976173
YQGG_at,71.0,7.4235763779991295,0.2695945366400522,6.80767389426859,7.24813700733724,7.43093176498298,7.572559380918565,8.07308052201922,0.036315991499600596,0.764642912913265,-0.1298828508874328
YQGH_at,71.0,6.881966421239467,0.40444342554218604,5.89060723048018,6.56981410138788,6.87453977237859,7.180809240581845,7.66164053781406,0.05876858455658439,0.9475002585187751,-0.6524585753372514
YQGI_at,71.0,7.573754160152166,0.3883306788900966,6.61624727153925,7.339461114011906,7.52448648244274,7.854905064572449,8.49262175402722,0.05127320885766571,1.1409663304002917,-0.022030297923981923
YQGJ_at,71.0,6.961852469927744,0.34492934123726926,6.15480560938662,6.745164812989025,6.93933691228356,7.225354911163895,7.78277513280846,0.04954562635838924,0.9558937803235382,-0.19870200983456243
YQGK_at,71.0,7.89127437008464,0.2645417253699519,7.28594944780022,7.68568385918559,7.86254914165843,8.078515248402645,8.56787433441702,0.03352332119800753,0.7259108378572418,-0.2275471681819332
YQGL_at,71.0,7.348246371925351,0.25163507655977047,6.77805121696798,7.185912524132695,7.33663063442854,7.526874436307345,7.90870537289861,0.0342442351308695,0.6381823537028973,-0.44766522037352985
YQGM_at,71.0,7.938218228783626,0.35844226563628606,7.16285262250641,7.70388893473169,7.91278065052105,8.12944591663453,9.08172111953058,0.045153994927550664,1.3531822525105468,0.8642517085662167
YQGN_at,71.0,7.47452816970226,0.23716540541106762,6.89288281607316,7.32256653486387,7.47626551816712,7.616653640241674,7.974474504403,0.03172981625414288,0.6761187711899856,-0.11446413025322588
YQGN-P_i_at,71.0,7.604927623610363,1.0044194508137696,5.64433943886735,6.747430185188,7.48260086418241,8.45986916848355,9.4082168611504,0.13207482050130695,1.986664665295118,-1.038720565741475
YQGO_at,71.0,7.207356038093466,0.363858701176966,6.43258866326729,6.958384340028105,7.21488764927799,7.480431108337186,7.90447104269588,0.050484352272017925,0.8184210851149665,-0.7513988706656956
YQGP_at,71.0,8.193862911548608,0.2638130736174841,7.39354317178037,7.97172506352824,8.23076204075403,8.35084038976188,8.71445839565612,0.03219642267210258,0.8294549669241582,0.19605586393115004
YQGQ_at,71.0,6.990148935364144,0.5913955745144722,5.68717206950645,6.671469335520855,6.94176249229151,7.30981251179906,8.45988908501809,0.08460414505941627,1.906549071349668,0.2804573224401601
YQGS_at,71.0,7.6215503027780125,0.6887228087479025,6.39199896580437,7.122364997121204,7.62344537457438,8.143081683141194,9.15850449144212,0.09036518574139264,1.562277991960686,-0.7311890527254858
YQGT_at,71.0,6.08170880115478,0.16798209395437522,5.83213210778567,5.962750183937445,6.02706009083074,6.160081181485725,6.49714240957365,0.02762087095036171,0.48019596018155924,-0.1062245963550339
YQGU_at,71.0,5.4988590706929825,0.36582564652116956,4.68631673403809,5.273871079533841,5.44149675067101,5.704136267815485,6.66227012378364,0.06652755450142263,1.3815533022296254,0.8656916289068661
YQGV_at,71.0,7.406432967334661,0.4116030254984021,6.39326442874203,7.097485713680969,7.41859941576806,7.728684326745895,8.18525147758264,0.05557371913223767,0.9406884796424423,-0.7131289289226963
YQGW_at,71.0,8.293725076826124,0.4294277590195335,7.61443916900258,8.00076655195816,8.31382696843848,8.495759806469245,9.49121822305229,0.05177742872372478,1.345631655842132,0.1848799554602012
YQGX_at,71.0,8.434567841576499,0.422230346819617,7.71839304538983,8.07881597790537,8.37496776819791,8.705073243309254,9.42687118388831,0.05005951161342467,0.9419085404111529,-0.7709761135778361
YQGY_i_at,71.0,9.409057363572531,0.5545538733533448,8.1971937009292,8.99058347818292,9.37061202343838,9.80570391405737,10.7688164708453,0.05893830294842478,1.5362551636076942,-0.19978206129711218
YQGZ_at,71.0,8.573667045166994,0.7413882531965945,7.37624134953023,8.084138093937746,8.4185507612501,8.908247852296975,11.8530853830243,0.08647271340149809,5.393547955475938,4.569875175114511
YQHA_at,71.0,7.391430947802423,0.21660684529808755,6.91845049061049,7.251904935429085,7.40425647984681,7.4777183676500805,7.89068744762071,0.029305130065848457,0.5906284460341656,-0.24586613825446202
YQHB_at,71.0,5.9944725290240015,0.3903531536877502,5.30800678702815,5.775277236058895,5.93234505531804,6.17892240140683,8.13712669096419,0.06511884937294159,5.577652660892607,11.996256201681216
YQHG_at,71.0,7.424469024672213,0.2937655386962139,6.69491545348637,7.21921330123272,7.41403075821577,7.59698835696239,8.19031634459925,0.03956721183966196,0.9155352294459237,0.16688500761738911
YQHH_at,71.0,7.039449927724928,0.3492866269841515,6.43077114193124,6.74487601982389,7.04032973537626,7.2950345444057305,7.76308294936313,0.04961845464778199,0.8043735979277097,-0.6946233028278912
YQHI_at,71.0,8.461804390855905,0.39773033413922665,7.81970961904041,8.16207002638728,8.38846404542699,8.726021320331256,9.4500791032131,0.04700301682334169,1.104476845526428,-0.19269340783575206
YQHJ_at,71.0,9.67636090178623,0.39746077161820237,8.80791025352231,9.397142573419174,9.66332953670994,9.962583318136474,10.4181142827999,0.041075438964335464,0.896631966347317,-0.7443917635263402
YQHK_at,71.0,8.486457164698745,0.48496750482573636,7.63285401601182,8.150800779393279,8.45954676833319,8.75849802021426,9.48966248293996,0.05714604992564667,1.1765059581777506,-0.5643414824820945
YQHL_at,71.0,8.074096014833646,0.3021502666371144,7.28837700143291,7.883655569599265,8.05422848128398,8.26475086053283,8.72021805922683,0.037422179038000915,0.8889317937655109,-0.01791349670050124
YQHM_at,71.0,8.348467639124683,0.42535773265929966,7.73069043127293,7.982453449972865,8.31936697976954,8.705376624952759,9.20889425089713,0.05095039605422695,0.8672602620342929,-0.9741610635616307
YQHN_at,71.0,7.880803274758098,0.3794290462315822,6.99475702771951,7.606673063995135,7.80262649642873,8.148866004000386,8.75953738327341,0.04814598626600393,0.9404507009197826,-0.5085982798475821
YQHO_at,71.0,6.063749074222778,0.2835287934702126,5.39379324580268,5.866296354239845,6.03700210736952,6.34190156878961,6.54239421478351,0.04675800235130177,0.6247936615062993,-0.7997329016358306
YQHP_at,71.0,9.380341882950841,0.3210750425577216,8.55055951788217,9.133498064450226,9.3901142222665,9.58839014166385,10.1778601872742,0.034228501110528685,0.9604290402480283,0.03425747829972492
YQHQ_at,71.0,7.534175350875115,0.30814171005411783,7.01435032973732,7.309088798903135,7.47110837119132,7.700055886046105,8.41539175865645,0.04089919542665361,1.1473346154462043,0.8094304193947934
YQHR_at,71.0,6.552835612811469,0.4084518870145591,5.72568242630256,6.237893250025095,6.56169977323062,6.863550150835344,7.41589375890302,0.06233208204032977,0.869468472808221,-0.8790826103119724
YQHS_at,71.0,9.185578460008799,0.458360149883223,7.71036358395477,8.98296975719137,9.24282081935531,9.45230137233656,10.1794865723382,0.04989997656421781,1.671799745813876,0.7289073333777285
YQHT_at,71.0,10.020536812037108,0.43187938972117756,8.93322699227689,9.739667097333498,10.0773279682901,10.3310659863757,11.047057792076,0.04309942649004444,1.3002759288128547,0.054848493294012535
YQHV_at,71.0,7.185429158711271,0.31646516845600936,6.3686870810111,6.97496230571363,7.13484841541542,7.34177227127526,8.15176999513015,0.04404262591223826,1.352957387399494,1.3937084247556992
YQHY_at,71.0,9.50133343323219,0.54531210191624,8.25842441831823,9.22147899254609,9.49396596861749,9.9362875837311,10.4236296233674,0.057393218093887505,1.3509230582695138,-0.5099272688529264
YQHZ_at,71.0,8.736361371544026,0.5589543098655391,7.49859523230573,8.36841102702863,8.80602576348146,9.127798877831324,9.8664368944671,0.06398021854798251,1.3232875050318906,-0.6262973761426012
YQIB_at,71.0,8.315800530335334,0.2620662061165945,7.74317965771147,8.084764930684155,8.29276217157092,8.4993224932496,8.96354667064408,0.03151424870769798,0.6735194271200895,-0.4117783733872278
YQIC_at,71.0,7.33910287676828,0.5041284038095947,6.24328420123591,7.032194468238085,7.3240985498532,7.6170593252883805,8.43248131665851,0.06869073949152542,1.360839610214367,-0.2748137598380831
YQID_at,71.0,8.410682864198236,0.25190841327172947,7.77891093999268,8.215102215494614,8.3698055570151,8.59499681030678,9.10508225048022,0.029951006040666247,0.757129255374518,0.04937963069906237
YQIE_at,71.0,8.58291800592604,0.43305331378963996,7.81557822860072,8.26379519446426,8.54468344232502,8.831150232503425,9.50589419886098,0.05045525466870825,1.1088049280600991,-0.42194334107844567
YQIG_at,71.0,9.196197018411375,0.5458141832447664,8.11326008645086,8.807687359525719,9.24948897321837,9.586042137503846,10.3783715452425,0.05935216287254519,1.2462193666791899,-0.7154545851176097
YQIH_at,71.0,5.778159756211433,0.4521954622892026,5.06756918050268,5.50915687057767,5.64113662258425,5.8221009821773055,7.33648402883146,0.07825942538246705,2.6569953111476448,3.088408344675102
YQII_at,71.0,8.16991550494995,0.3608782848906394,7.57326662408632,7.92915480328191,8.09720725545376,8.273751886773773,9.28530306354844,0.044171605529089275,1.6251093134381784,1.6351083064975258
YQIK_at,71.0,7.593350117797924,0.3188645839609192,6.8880441655596,7.4142175784491755,7.48532116158704,7.7504072922237,8.82644080449371,0.041992609192817006,1.7353014032066048,2.6292592639292085
YQIQ_at,71.0,7.694523939080259,0.17558980160216048,7.22837536447287,7.569270100200169,7.7272651362139,7.79285100558479,8.10132289579383,0.022820099461949177,0.5394514032341338,0.11995194107558049
YQIS_at,71.0,8.31497581090451,0.18560154564355982,7.97047808469902,8.177638510939685,8.31938610714583,8.44300929980674,8.7793475882985,0.022321357255201676,0.4751461422337868,-0.4223688055522974
YQIU_at,71.0,8.052237066067416,0.21912085382040714,7.58754401841824,7.873792989958875,8.04528481352208,8.234480101769755,8.50869784332229,0.02721241960743988,0.5276908899138631,-0.5831139348920877
YQIV_at,71.0,7.8006679637635585,0.24923816556692208,7.27564179437114,7.59636371079638,7.79383041526899,7.980393636481329,8.41467229926035,0.03195087481286322,0.6306702430656745,-0.4537538121132454
YQIW_at,71.0,8.809369197434105,0.6786104990037759,7.19064064701088,8.40661642183355,8.85106894100704,9.27873616679947,10.1050689964065,0.07703281401821983,1.8160635907903802,-0.2994215770461506
YQIX_at,71.0,7.7193754987764835,0.6791678800597875,6.46347236696607,7.16676574354016,7.6957167067497,8.285413819705909,9.05571989782467,0.08798223122679226,1.370800929699164,-0.9959120544040183
YQIY_at,71.0,7.24157085563382,0.49676571116742874,6.37440740292416,6.848115298927975,7.20190581825847,7.67375075807234,8.30571108148303,0.06859916461094258,0.9994443726461029,-1.0027422027970294
YQIZ_at,71.0,8.601906322428647,0.48837452093174055,7.67049261067455,8.214366503446989,8.52374381968537,9.052930207637043,9.44063488296581,0.05677514990582387,0.9207346189199546,-1.1367876994165111
YQJA_at,71.0,6.583796275479031,0.31427249945632646,5.98615226996818,6.343186168940591,6.54327161862764,6.7746182661247545,7.59606287706739,0.047734238166939676,1.0953014349146253,0.5572157980424524
YQJB_at,71.0,8.137149981618364,0.32979724448939707,7.4792642150163,7.9226221937618995,8.11991453379047,8.32411897293239,9.01081346972944,0.04052982250965037,1.0471646949073965,0.22896001354562756
YQJC_at,71.0,5.646430885467737,0.2705028788902161,5.10551475638912,5.48155205239428,5.61353874001587,5.782488468089269,6.4424747216101,0.04790687858881112,0.9441184965527907,0.5625501482049864
YQJD_at,71.0,9.6338584080856,0.2738261398342879,8.91596188716433,9.45471918024532,9.63059051191279,9.807856814406,10.1625536226738,0.02842330956457367,0.7768877906441992,-0.12894357970195092
YQJE_at,71.0,9.657823121733104,0.5336320177277398,8.41932608199311,9.370031127279486,9.76366235335308,10.03423934236355,10.6756776477368,0.055253861144640544,1.4700469188582128,-0.2161503551501811
YQJF_at,71.0,7.747871094067866,0.32079080207192673,7.12967944529184,7.4984375194185855,7.73443191267286,7.982566080680185,8.60164845791912,0.04140373506182095,0.834336232264253,-0.37912647941640554
YQJG_at,71.0,7.994442387188171,0.3630253805077133,7.09050640752594,7.76638900956565,7.95897812886212,8.23865621877848,8.95539523929048,0.04540971876781486,1.0696818086505964,-0.013088516786513349
YQJH_at,71.0,7.142685762500203,0.2782470418311172,6.44050322155345,6.967858780381965,7.13129442064396,7.322794236851159,7.69399616988546,0.03895552052589816,0.7540947788962575,-0.2634081979267431
YQJI_at,71.0,9.19773068087249,0.7296924916557034,6.95367246006203,8.805412179717909,9.29170207472692,9.708635511886484,10.2792537751693,0.0793339701904041,2.452790203655137,0.42613978655785845
YQJJ_at,71.0,8.623661073894269,0.48742380852498834,7.34931337011221,8.26616048420767,8.5965622144951,8.919699534638,9.73752518881387,0.056521679637958885,1.321229662995959,-0.26290467372749093
YQJK_at,71.0,7.357087751520758,0.22654065563054715,6.92454535665342,7.151896194342705,7.34998319031312,7.49653103067572,7.95134607601989,0.030792164410940966,0.5967434040476678,-0.34388608297758916
YQJL_at,71.0,8.278039704187929,0.38037952922080775,7.53907916996018,8.02376215801297,8.29106639188911,8.464823112152882,9.35708978876765,0.045950435467030995,1.3002103532371578,0.4862700393877759
YQJM_at,71.0,8.627752906578891,0.5630499735483391,7.57219400977091,8.176842921010785,8.64395080127072,9.09790956618065,9.61949343407495,0.0652603267206457,1.119158483486109,-1.0283987901561127
YQJN_at,71.0,8.162997070571766,0.3400728298941421,7.55255898365302,7.8829549524912945,8.17785732966307,8.343438880844225,9.0008014566158,0.04166029057147783,1.0023999913184727,-0.011999988693659702
YQJO_at,71.0,7.4886530942739675,0.26933464939096363,6.95471249711772,7.29523447579775,7.46919019542452,7.633644197962244,8.18796474179565,0.035965699839521796,0.8507099000713382,0.21136630207871843
YQJP_at,71.0,7.226173191529701,0.23116458609015725,6.85060373019513,7.06744089724066,7.2000001934136,7.32909815547413,8.17008098691074,0.03198990391776401,1.3746569210067745,3.1634699355131994
YQJQ_at,71.0,7.769363843017609,0.35222986263681794,6.94598278697929,7.58776517326703,7.7326701220846,7.9334574155896505,8.85263869388935,0.045335740448475687,1.4404030403893977,1.1969432992824105
YQJR_at,71.0,8.302111659129414,0.27377885232570204,7.59062447232472,8.11895189041454,8.25682608754612,8.522650718207915,8.89032260893784,0.03297701398952413,0.7251287188268125,-0.3285998667214698
YQJS_at,71.0,7.596678069704933,0.23680628335500079,7.12417948747772,7.44216525839,7.59027603071708,7.7332256524458245,8.28612094736377,0.031172346805029044,0.7978901489055161,0.4345855746130125
YQJT_at,71.0,8.958427626396473,0.2332125988998719,8.44694730642295,8.781381520899838,8.94521649730588,9.10441814271058,9.54326655507753,0.026032760281804235,0.5667935772277253,-0.5596563295715327
YQJU_at,71.0,7.957459434366364,0.18389667465526294,7.27730197735305,7.828820646049225,7.97902163063231,8.05994040879116,8.40868280346442,0.02310997324862973,0.8849638256521793,1.9623718114113258
YQJV_at,71.0,7.598296497099509,0.31418732846184927,6.896537914996,7.4215216618625455,7.5426517445157,7.824585727863055,8.43341018698358,0.04134970629032227,0.9122965095842044,-0.058517570929857765
YQJW_at,71.0,8.259073413893686,0.374271121570452,7.52095332159224,7.98780324874566,8.25033133713715,8.505494285944575,9.14332619273632,0.045316357273303895,0.9768495649669101,-0.3694574338836678
YQJX_at,71.0,7.3874348482164,0.3301673802932903,6.66358023228761,7.1906400970063356,7.38190282119457,7.5846515162127055,8.25205683714767,0.044693102149388826,0.9050416540280344,-0.23058750005850914
YQJY_at,71.0,7.709389757436304,0.2335207648052469,7.05963600068374,7.576152467108665,7.70300305350221,7.83544002118847,8.50784440626087,0.03029043441213982,1.0628059522948932,1.6859536469985423
YQJZ_at,71.0,8.490630351447509,0.15795267151097817,8.20844495501623,8.37614158001692,8.45777304288728,8.59199691943067,8.888037506883,0.018603173730681835,0.41646734668260954,-0.34123564683003327
YQKA_at,71.0,6.751281839218029,0.21409279873671724,6.20874826369098,6.62240765103782,6.76653737325393,6.90071818282132,7.23985794329862,0.031711429597422146,0.5620707008171302,-0.3531992342313379
YQKB_at,71.0,8.797334664682207,0.45262706072656683,7.7022904244919,8.50818266596646,8.81243329844671,9.14869174162915,9.63552104000463,0.05145047653395341,1.1995374314320855,-0.3269328426065692
YQKC_at,71.0,8.464935792850826,0.5261960509196433,7.10500698237382,8.164590996065545,8.46899904924342,8.85846835970063,9.63679254281536,0.06216184786233691,1.5937055036334458,0.07389773433451419
YQKD_at,71.0,7.834294816399042,0.1301645054737255,7.35471436217527,7.758159170238915,7.83081724450424,7.93351747876123,8.16926576057013,0.01661470604875122,0.6335288577241945,2.020449916189211
YQKE_at,71.0,6.3780045189165655,0.3787198786347461,5.47158409798896,6.09432671119969,6.35533278074353,6.64487731255452,7.24164526548206,0.059379054610497424,1.028848997191982,-0.25654039575427934
YQKF_at,71.0,8.729160192263365,0.5898176062788267,7.56947109457466,8.33203879446163,8.6682785433882,9.232548356563786,9.94501062231338,0.06756865417610056,1.3777663229536852,-0.6596660223437989
YQKG_at,71.0,9.0777484279651,0.47200806944002033,7.93314433237323,8.789521013466105,9.14861299972864,9.418800483834886,9.98866309299487,0.05199616107293109,1.2468620053475983,-0.335991778714436
YQKI_at,71.0,6.85013154739495,0.3014634538025509,6.38546225134431,6.60449321665231,6.77844904226233,7.03301178621565,7.59099174671145,0.04400841819120905,0.7760040371019488,-0.40745023250132384
YQKJ_at,71.0,8.84347013593795,0.3412470552946646,8.15551707208636,8.65202937059834,8.82496399007225,9.050662657064066,9.62590236328503,0.03858746058381657,0.9229128998786802,-0.2693723229516749
YQKK_at,71.0,9.390910797362784,0.36767047655934637,8.23232324742019,9.175636411394954,9.39425261655144,9.620383568384892,10.2848041268095,0.03915173772735633,1.4629031213660555,1.0799003167415657
YQXA_at,71.0,7.542037005852034,0.3848084251814808,6.79032559528255,7.25968352587739,7.49677563181044,7.753030239217685,8.40753018637259,0.0510218161065637,0.9657995218149672,-0.4755368469924992
YQXC_at,71.0,8.838559906831327,0.5523737422927297,7.5442488105432,8.520108389413386,8.85329372253151,9.21782047499698,9.97464793198991,0.06249589843994833,1.456589614509882,-0.3409129100161796
YQXD_at,71.0,7.129677566308599,0.5618722028694987,6.00246935354772,6.747924783047409,7.06535412563419,7.40557980594528,9.0214775139372,0.07880751936449895,2.8716579839321774,2.2785212272863946
YQXG_at,71.0,5.884725767917823,0.22819523045897494,5.54157776049729,5.736227548020075,5.82257249675046,6.0025659077570594,6.6959227490855,0.03877754706991498,1.0932097999685437,1.9394899346959287
YQXH_at,71.0,5.7119947465291565,0.3366049971794728,5.00145102363903,5.462507749345695,5.61952166664817,5.95740836402493,6.75530697640197,0.05892950048387349,1.0969016178965443,0.31741765528654575
YQXI_at,71.0,7.140429859006029,0.6992272652619318,5.3858946796034,6.67711320756239,7.13190673583153,7.541187638303185,8.63979695531832,0.09792509401657598,2.008337594876177,-0.09181357747738383
YQXJ_at,71.0,5.921371431050398,0.6253018242569495,4.50704190266708,5.5821484481248795,5.80802912431641,6.184619243666431,7.65627330631655,0.10560084459117042,2.2965859047236923,0.7558164029245305
YQXK_at,71.0,8.447720245582664,0.5371554393987016,7.2954779437468,8.10753955532369,8.45840318182322,8.92680373677755,9.40263561205012,0.06358584609612063,1.2664029014052147,-0.6366996504746871
YQXL_at,71.0,6.981913952528538,0.48136959471681257,6.06219474824497,6.645683263847105,6.95411016409267,7.201473714158845,8.89094713930175,0.06894522017741023,2.5285791180016934,2.4288858957374444
YQXM_at,71.0,6.376856608368763,0.4402365052951672,5.60105129839275,6.071161635581875,6.37168150998177,6.6065633909129,7.4663198671863,0.06903660099827497,1.2623688482042055,-0.09683829834247071
YQZB_at,71.0,7.944822404154282,0.20765673965137615,7.47059537530249,7.825987202678875,7.94064058141662,8.074872726327804,8.41082589369288,0.026137367091150353,0.6183341839360073,0.01983952432479974
YQZC_at,71.0,9.422946320844726,0.582322815220917,8.2257199770712,8.953112591992031,9.50075434892145,9.88909211453541,10.5272061762006,0.061798379762892916,1.2585416499362387,-0.8446164010478623
YQZD_at,71.0,8.359017589704239,0.6888849840362123,6.6100879183802,7.89166655981162,8.33330239650677,8.828909658391105,9.5964940114127,0.08241219457232733,1.6517298878852107,-0.5942659651235469
YQZE_at,71.0,6.926530856590173,0.5788468841884183,5.80610718069958,6.454625400376985,7.04144594803653,7.365390166192935,8.01664570573876,0.08356952364366943,1.1554158046682546,-1.0195121071996702
YQZF_at,71.0,8.529739238301884,0.31076944270830026,7.93323515654984,8.279321107523959,8.44924527946463,8.732962918965306,9.31919830518496,0.036433639297298,0.8122497616618464,-0.365573652248703
YQZG_at,71.0,6.43737396437692,0.39269642389476267,5.51581884208584,6.16177210851687,6.45667697781317,6.728520983450355,7.37952358262776,0.06100258056590506,1.0653002151546853,-0.2606337698162582
YQZH_at,71.0,7.7768552968805,0.3719444689495352,7.00588049501824,7.504990559191035,7.79604683779701,8.00627611555267,8.68265526669565,0.047827104240801784,1.0996386891322358,-0.00262364304824958
YQZI_r_at,71.0,4.121421432577469,0.206600136203929,3.77591329646545,3.99684354868372,4.06475814253385,4.195484220419945,4.72362576399947,0.050128369443336616,0.770391880730734,0.8152579747556605
YRAA_at,71.0,9.20638156455716,0.6204887258257571,7.71030737517217,8.787752351530589,9.19171259928676,9.618527078677584,10.4911067316272,0.06739767643506349,1.5592692658662648,-0.4722010532122103
YRAB_at,71.0,7.542153451325982,0.4067002668762422,6.57961173613347,7.256898448303685,7.46572031758114,7.777601016049855,8.47028499686064,0.0539236266539685,1.100467063340768,-0.2679821099949118
YRAD_at,71.0,8.204254795042504,0.29275947147202863,7.54556609662764,7.979376521839585,8.18711623759325,8.45497705595797,8.88536073607827,0.03568385902019172,0.7201636366015279,-0.5283756445087371
YRAE_at,71.0,7.372620342722205,0.3894186372028342,6.52907352083166,7.11577571847968,7.38830392819003,7.6520102676222805,8.24595806241302,0.052819570125734766,1.017176535761437,-0.3673043331653365
YRAF_at,71.0,7.2357846483109025,0.4039235590090167,6.39967506172105,6.93228815207021,7.21726430513869,7.5638723667046,8.13587147117911,0.05582304872814413,0.9567772299881283,-0.6249478696414217
YRAG_at,71.0,6.883505651481119,0.49247366674885645,5.91072348087644,6.543052336980679,6.89927858413234,7.17558872107177,7.90577808946972,0.07154402010883673,1.1615876276407573,-0.6355667904043028
YRAH_at,71.0,6.10808319152477,0.35751471254113987,5.59459858939403,5.8247985546018555,6.04336499302815,6.26409246551108,7.2386442186536,0.058531408517357296,1.3283649430373703,0.8011228516615883
YRAI_at,71.0,8.099603069301658,0.26299656302646024,7.38131241473443,7.95378269626232,8.08533095036369,8.267642013711125,8.77905853912503,0.032470302652637964,0.8591542578853684,0.32596064591630736
YRAJ_at,71.0,7.455001573042485,0.20227620491877138,7.09001410206952,7.32387354533199,7.45653493180963,7.545484270911605,8.08180675105725,0.02713295268108438,0.6963117244179683,0.5118814624855941
YRAK_at,71.0,7.71214320248734,0.23431751977956367,7.17931449501558,7.54797161927257,7.67642565135118,7.906655259547425,8.40341096278685,0.03038293164784479,0.7051478952359113,0.05339844654379844
YRAL_at,71.0,8.161251063576133,0.7975479969012368,6.5724729157593,7.57896488389654,8.12155463560742,8.64769287650643,9.89668861308052,0.09772374243707725,2.0214325242415363,-0.4493415275378134
YRAM_at,71.0,6.27457783910788,0.39433163719532816,5.46400110657364,6.001698471506315,6.27031256959249,6.49969551828309,7.56517382885199,0.06284592323288386,1.3908773666290262,0.6016653653002106
YRAN_at,71.0,6.582824200059318,0.3450134083651204,5.8497385897907,6.358070384933351,6.51828318236804,6.7553504920813054,7.5118902320176,0.0524111533104608,1.2604871134466744,0.7353599797574795
YRAO_at,71.0,6.8496581321353975,0.18701776462568928,6.44509173935069,6.74975854077562,6.82350406111272,6.97387943222984,7.51836585824726,0.027303226090699222,0.8862907956969257,1.8848494282728971
YRBA_at,71.0,8.743488487988191,1.3280788520023392,6.77580418164627,7.78790212366777,8.4487030013198,9.535097335552255,11.9482677184876,0.1518934752218013,3.7096899697402117,-0.17540662312711097
YRBB_at,71.0,7.411883061093318,0.5326185149888589,6.32837339687281,7.063755745807955,7.37527548250004,7.71679906560343,8.60970849798463,0.07186008071075706,1.454580967769015,-0.2413456595051784
YRBC_at,71.0,7.958166366232149,0.28383263683040005,7.27894174734603,7.74900888834849,7.92205950655444,8.174730686042935,8.61329519400198,0.03566558221687224,0.7162605483394515,-0.46101798981148034
YRBD_at,71.0,7.779624061752317,0.3622056230594865,7.04118210102369,7.544536249086995,7.75374505570844,8.037164260412684,8.64482604090278,0.046558242427192774,0.9872801512666473,-0.24690942933559734
YRBE_at,71.0,7.682495314762834,0.37949326284744517,7.00812571147311,7.431533472957305,7.55173910133712,7.939527166227425,8.49327119158674,0.049397135604912566,0.8580440888694258,-0.73896492421563
YRBF_at,71.0,8.398255109038164,0.4748883413982378,7.4139595188971,8.041670477938954,8.38949500249861,8.78941001643347,9.18587692226805,0.05654607239629636,0.9502319463754496,-1.0143302008989665
YRBG_at,71.0,6.33552265789207,0.3393038003904341,5.61916300588667,6.088708930107375,6.3492213059053,6.541206054915185,7.15881276988804,0.053555770961969215,0.9875382793621307,-0.051303394968756244
YRDA_at,71.0,7.0098930660895045,0.3989485455073903,6.09209178298301,6.757845511700265,6.96504746250909,7.215465057299105,8.34611785395172,0.056912215599594765,1.6708216149349953,1.301427246950439
YRDB_at,71.0,6.044664600238731,0.45217415866443766,5.06953085008849,5.778695109806765,6.03207557504216,6.268622131689066,7.36237240350872,0.07480550015075763,1.5465726380061566,0.4885049822153351
YRDC_at,71.0,6.5351603484054435,0.5873336686966917,5.26863702956044,6.159900800934375,6.54994799950268,6.936724727713489,8.33597879350232,0.0898728779990837,1.9270103437150747,0.34095102390339216
YRDD_i_at,71.0,7.814884009642088,0.8828287499834232,5.92525445463387,7.17497640547076,7.81799521779764,8.43387650429322,9.84317282750507,0.11296760756707068,2.25581198254487,-0.42747689745663475
YRDF_at,71.0,6.231920515581428,0.6601856030849512,4.57509870819972,5.78296036856354,6.25516272557819,6.619488042781075,8.01548914330117,0.10593613981987011,2.150339475592655,0.3157802940624923
YRDK_at,71.0,7.321140298803442,0.4013196069846502,6.59431378879432,7.095685820880745,7.2681957127704,7.572642690413395,8.959169683013,0.05481654368107675,2.2728828866658852,2.8636792483921445
YRDN_at,71.0,6.5298523623769364,0.5958152475159297,5.20239784080014,6.171094674875295,6.53179165302298,6.919242049840805,8.14861276384975,0.09124482675118961,1.7789977855612413,0.0284653929208023
YRDQ_at,71.0,8.152754268857858,0.38481322349966174,7.44519739019932,7.838741055839155,8.10632202585202,8.390867051614606,9.27747074121453,0.04720039520503925,1.208319622992777,0.19173034260725208
YRDR_at,71.0,4.165841548941774,0.287596845144432,3.757013974982,3.945300917672975,4.18275688471147,4.3277553003397,5.58589969118571,0.06903691409422152,2.8270337464291853,7.275083768382313
YRHA_at,71.0,7.941270209520443,0.3256737222519917,7.35591305393869,7.744016968733575,7.92567436160931,8.049853868563565,9.39223749999294,0.041010280932331916,2.7952897660054523,5.954994739273872
YRHB_at,71.0,7.509249908910645,0.4024189391434516,6.62121551323994,7.2997558450466045,7.45075716009418,7.67983480880718,9.13084732369258,0.0535897651596243,3.011251055970839,4.790052939376484
YRHC_at,71.0,7.705287745384525,0.3523546946128298,7.01870290591217,7.51924181154999,7.68167864487798,7.84154353405109,8.86329857649845,0.04572894695903999,1.8711106947585496,2.4896829485271574
YRHD_at,71.0,9.510638577669363,0.6498602804298822,7.62852731001372,9.19495269592478,9.56329011257897,9.935725950976206,10.6952308473666,0.06832982613341346,2.1451784671379635,0.3621673310929028
YRHE_at,71.0,8.731106458401523,0.6084654834618202,7.17696559257062,8.33853016380613,8.72267090925122,9.158512732257185,9.91309177913087,0.06968939004017333,1.657597462806097,-0.2485177867117443
YRHF_at,71.0,8.263447107854473,0.3062759411406538,7.58423895069216,8.061599182446614,8.19989932397957,8.450257528325965,8.92040576331481,0.0370639440348733,0.829203231956916,-0.2663620285886479
YRHG_at,71.0,9.807987508206086,0.6210257137995577,8.46573673166871,9.307015578890875,9.79850518752812,10.2970886626682,10.9449970755288,0.06331836304644167,1.3729661751094209,-0.7921409600396836
YRHH_at,71.0,6.489777894236068,0.522164363898279,5.42830473443319,6.06562424094818,6.56874101502985,6.81737382790968,7.71830661915716,0.08045951223724346,1.1725324317754424,-0.7553790438899415
YRHI_at,71.0,5.726270435603172,0.2823228644479629,5.22069044617325,5.52628863192229,5.68199309461283,5.93386542768908,6.57486505578989,0.049303096600645385,0.8021755721334275,-0.12451346344158543
YRHJ_at,71.0,7.330522734925508,0.2619003429259506,6.79075327611303,7.1583470358314045,7.32905094457939,7.4822885768531,8.03645770151229,0.03572737612259953,0.745156256965723,-0.12043812774490492
YRHK_at,71.0,5.925408147803689,0.35990095375318787,5.17482574472423,5.64506011014581,5.93904172778453,6.14536341048721,6.93982046223069,0.060738592983943004,1.072692233602572,0.02285309319007567
YRHL_at,71.0,6.116025872490496,0.23127951807594957,5.46336700676294,6.0058428178052505,6.09649670222729,6.238648618106275,6.62051158432146,0.03781532696194607,0.7887573470469139,0.4780271221620853
YRHM_at,71.0,7.3090758902555555,0.396170194081103,6.51447801488615,7.054831850043645,7.33300526442573,7.52187437999314,8.5402112961585,0.054202501113619066,1.4120764901115694,0.6409912670518443
YRHO_at,71.0,7.430124251085503,0.3399038571682723,6.66815850899699,7.17885514744926,7.3954796985947,7.650402311038285,8.48286245764931,0.04574672585301842,1.1138145494397065,0.3366154086950175
YRHP_at,71.0,6.416472671120699,0.4602477477161978,5.41219099154544,6.1701100614675095,6.46026530150099,6.67095573945286,7.5453512325764,0.07172909031276387,1.4363515361317165,0.17140798857191664
YRKA_at,71.0,5.271919461676035,0.3000233226970977,4.77782548922554,5.085726864159545,5.21298023593056,5.388546828726049,6.44094201348144,0.05690969387489753,1.6639134626972263,2.739186906471783
YRKB_at,71.0,6.445412916189081,0.4924994235825315,5.27527761682645,6.207274311393795,6.47028852036717,6.8106980909065005,8.03033300728925,0.07641084132026828,1.8869157331413968,0.923684047469779
YRKC_at,71.0,6.010903849175123,0.24447901194596622,5.44570753429912,5.864922480866465,6.00710294219788,6.1070437452640896,7.36774302018075,0.040672587364630045,3.6877328779090126,12.838351430266998
YRKD_at,71.0,7.900588139865674,0.5415592745532612,6.3990129112052,7.510073387225004,7.9366275773339,8.2243054776812,9.1810215038718,0.06854670373470055,1.753652472089815,0.29564159528568856
YRKE_at,71.0,5.997247375634706,0.38531560577736623,5.23125055908854,5.758169231849346,5.94020214043743,6.109506240118289,7.65205526970375,0.06424874307216437,2.7148754399851716,4.3273180057157035
YRKF_at,71.0,6.027306191963247,0.31359654310517493,5.39306097032602,5.8915839069382905,5.97391533750705,6.0634709990392945,7.70986560881041,0.0520293034927148,4.34345848536445,11.532207734436776
YRKG_r_at,71.0,5.691051318180723,0.49954173558120857,4.91948281116126,5.376730525717679,5.54363005576092,5.925448003712345,7.12769545807108,0.08777670550700616,1.6387990594928512,0.3405893187204101
YRKH_at,71.0,7.382133567661967,0.3475986547817368,6.67008765605012,7.150482657402691,7.40075082072566,7.582665277533225,8.9288655256902,0.047086475961965905,2.5092205089031516,4.510367848977543
YRKI_at,71.0,7.0929941298181856,0.3412958426969578,6.35034311701568,6.932137973316495,7.11130353545364,7.29418462470202,8.20376972500897,0.04811731639001176,1.4436884893429311,1.3458531504401652
YRKJ_at,71.0,6.380117816095341,0.4574397979809922,5.5883092457907,6.09871826290582,6.32960917698427,6.653659560721325,7.99474994202297,0.0716977038930211,2.161104220787078,1.869257167715407
YRKK_at,71.0,5.486567663048204,0.399748033306085,4.61851527048944,5.2604527568151,5.42254185386134,5.638205423520819,6.89263080424517,0.07285940096909234,2.1173536281766516,2.4753000338431965
YRKL_at,71.0,6.421290273178543,0.41673785953688663,5.50809154048926,6.183355798208325,6.36856567462101,6.550999505686735,7.73463274789398,0.06489939588583668,1.8036246219851764,1.449553136841777
YRKM_i_at,71.0,4.525661650113529,0.35071836319537397,3.99198113418293,4.25592400886778,4.46841649967543,4.751752762554025,5.79479190226718,0.07749548912623108,1.6066900161633721,1.71762677933061
YRKN_at,71.0,6.580749465239281,0.32289237419394157,6.02880407153253,6.366337405053676,6.50966515575531,6.77677785975298,7.56985688360451,0.04906620072675886,1.2613350980434048,1.0031576316267392
YRKO_at,71.0,6.738710651070409,0.37568143993088876,6.04337547362915,6.424291706923355,6.73960451319293,6.9803088004042,7.80633116389313,0.05574975086238696,0.9796617623153494,-0.3719059000050642
YRKP_at,71.0,7.095571611403765,0.2623386245669643,6.67378128686357,6.88524706484117,7.07099231379464,7.27163213717725,7.96751883811275,0.03697216220682523,0.9286740314140289,0.615223998910913
YRKQ_at,71.0,7.620881407946662,0.49398471176703224,6.70466080363284,7.230224086841505,7.64769768932387,7.943056181157405,8.82416156794458,0.06481989225707284,1.2341309323480647,-0.48771436953031655
YRKR_at,71.0,5.269963709783452,0.44992194644028494,4.3203984652692,4.8661710950631,5.32189600646415,5.56744902755554,6.54010338355888,0.08537477129207265,1.3186384983638038,-0.02977524737583126
YRKS_f_at,71.0,8.470505812490263,0.5936232130405077,7.26055387912484,8.018534105376805,8.58890471034324,8.81585055660635,10.2409873908995,0.07008120012917943,1.731823207194281,-0.044004025903328525
YRPB_at,71.0,6.422000195491919,0.3641430992694961,5.71522364930735,6.21333923479109,6.40087253465712,6.56671337458114,8.02217439223723,0.056702442881442966,2.5880398877322643,4.392284229252664
YRPC_at,71.0,5.721992563119875,0.3171160150881974,5.13502732206034,5.496539595541526,5.6870339994347,5.906161532565079,6.89947338757968,0.05542055701577008,1.482537861965532,1.8170760917783912
YRPD_at,71.0,8.186439454181372,0.24450104915777723,7.3153099252171,8.04287524317559,8.1806455218545,8.297723666405641,9.07304377975965,0.029866592250052483,1.56010023126362,3.623096608828158
YRPE_at,71.0,7.428798322667015,1.0708913347148012,5.76495091360512,6.563859246679295,6.9802658747197,8.320086259422009,9.4055442475501,0.14415404594404713,1.9754380712937498,-1.179815340142594
YRPG_at,71.0,7.643974692994697,0.29724432994022226,7.11847219845437,7.4883032655682005,7.58892068203705,7.77178508774915,8.90030900102827,0.03888609550377386,1.9032389758785537,3.6465960676728955
YRRA_at,71.0,8.3655642547983,0.4987566873451299,7.35046031506859,8.00114782490539,8.35957379075308,8.624928566434281,9.36935486010008,0.059620208769426905,1.1581867576595615,-0.6742475694944852
YRRB_at,71.0,7.581521744866885,0.299974736985589,7.03072857284429,7.374602270843175,7.53525572799701,7.73935945654946,8.70280721430671,0.03956656026063484,1.397691821141855,1.8004530752798669
YRRC_at,71.0,7.820941258244442,0.24787854426577008,7.2160735964338,7.64384981414883,7.81194984490895,7.9639878470697045,8.4886235099674,0.03169420867398397,0.7838678230046779,0.21533173756925494
YRRD_at,71.0,6.359459140305661,0.3972143372642712,5.53746422043521,6.07788389218734,6.30445498944234,6.655948919679105,7.34380166207051,0.06246039615959849,1.1017541828425563,-0.19613143645231146
YRRI_at,71.0,6.772373983294758,0.33363238632203446,6.22446092592394,6.55316531799239,6.75273014164311,6.952262084161025,7.7764280531987,0.049263727482415615,1.0207051341247688,0.10634131322250573
YRRK_at,71.0,8.89268410483984,0.4168058623795789,7.977716480577,8.559448901141554,8.86595151348324,9.272251711819706,9.72327680772013,0.04687064754191959,0.961088870770139,-0.6915115276055968
YRRL_at,71.0,7.0199197917172125,0.2213408046456344,6.37334948767747,6.89613774813308,6.97742345527389,7.129461413633869,7.83626110742493,0.03153038940798069,1.2153854465932705,2.6810224459964047
YRRM_at,71.0,7.818718966027765,0.28327183158334945,7.32799845083483,7.590384961096725,7.82086457462757,7.96150553292294,8.62949617214927,0.03622995439715406,0.9221888643224269,0.31399801632043545
YRRN_at,71.0,7.1196446720491515,0.3286138371344866,6.35873778269619,6.942240388641415,7.09316287815226,7.2759071389667955,8.17642064545426,0.046155932251027085,1.3438473227190377,1.1970053916578784
YRRO_at,71.0,7.232546028630786,0.2969048418965478,6.71624040604946,7.05129391514003,7.20493814306499,7.38177250731598,8.54829221914263,0.04105122051366408,2.516088070711139,5.83989351148991
YRRR_at,71.0,7.904641224595987,0.2584618432831981,7.17719114310102,7.73248855495331,7.94297433782538,8.09293174640327,8.29760502008723,0.03269747935921131,0.882314479161374,0.48152701138681486
YRRS_at,71.0,8.020696535507224,0.45188757848459554,7.01581533515398,7.769900369068955,7.99507070435626,8.288837058897514,9.18306985398204,0.056340191463934805,1.3584072706695856,0.04990901622144284
YRRT_at,71.0,7.8617795816666876,0.425748810305145,7.1905462860956,7.613510271872711,7.77821278429634,7.997526596961405,9.75342869840872,0.05415425424772425,4.165854138573148,7.227352259051836
YRRU_at,71.0,9.187142412108614,0.39756897609534303,8.60014351936755,8.895154595444865,9.12775038212757,9.43165811387058,10.5528624129399,0.04327449801707099,1.7236488850992921,1.4575066947456303
YRVC_at,71.0,8.271389913861519,0.2790123647553857,7.55673932260202,8.05433311496027,8.26397009395959,8.468642490599866,8.91575926719563,0.033732222475427724,0.7270226119004982,-0.3740155036341708
YRVD_at,71.0,6.959550459192567,0.2948930702365944,6.26761189088978,6.75036345448178,6.96939041690881,7.108619544690811,8.22829241767385,0.0423724308007686,1.9779231701431015,3.9688076241759553
YRVE_at,71.0,8.20883027825215,0.2163429466543494,7.8137096402798,8.071976571897334,8.20627265022084,8.319626976662416,8.72051393920259,0.026354905549395014,0.5869905228141917,-0.260149062961184
YRVI_at,71.0,8.236773488335976,0.2508585697422273,7.74221966581239,8.033841301990329,8.22132819420916,8.361153976422354,8.79437941404659,0.0304559267166283,0.6357328147595177,-0.4496920782324043
YRVJ_at,71.0,7.902094495116619,0.3531205874362214,7.18438886878537,7.685371834040755,7.83009497570015,8.01073971442498,9.1726588731277,0.044686960862647854,1.743244769256814,2.0940848946511643
YRVM_at,71.0,7.585641787822041,0.4370940980918524,6.83615595835137,7.261594695895106,7.5632483287506,7.8072629129243705,8.70391888230632,0.05762124159271026,1.219937776704691,-0.17779611668214157
YRVN_at,71.0,8.283978865253397,0.20548788772306475,7.86533683986055,8.11900709237852,8.28146279159418,8.43958402012797,8.72740668427445,0.024805457747480518,0.4685124540399967,-0.7188743194539886
YRVO_at,71.0,8.517556067897582,0.4359911422012115,7.72438086976444,8.20000887401384,8.47077347021882,8.808654827970663,9.4620737034954,0.05118735218479504,1.0495497629489583,-0.5841148921768431
YRXA_at,71.0,7.993910897814141,0.2900886336283617,7.42622395138297,7.81671492509368,7.9707384328722,8.125280098748725,8.9669458359425,0.03628869990378347,1.270019333202533,1.5025783117977394
YRZA_at,71.0,8.16489527948201,0.3411591760713478,7.0308783338061,7.97744167724202,8.14953889576984,8.41586441268633,8.95591140580231,0.04178365605357664,1.468409697903308,1.4243722344225365
YRZB_at,71.0,9.238657187693525,0.8083006695400783,7.20794020242818,8.696768980717493,9.41970332384945,9.831069873119045,10.5346737261549,0.08749114217775998,2.1733296271262996,-0.28606588886805184
YRZC_at,71.0,8.425537823070586,0.3910032854259377,7.58349058819106,8.127464813294075,8.42222860555853,8.693410708299329,9.22279934637175,0.04640692305187959,0.9286321665812237,-0.6182881681059986
YRZD_at,71.0,8.356322041011769,0.4433951445328243,7.301610917278,8.012880118142554,8.43762299523836,8.664813551701695,9.16816007949739,0.05306104077328485,1.0181126680446564,-0.7017486346688018
YRZE_at,71.0,6.616162096600451,0.25995380825715836,6.01534852797912,6.4715768857189,6.5747281068753,6.73636606605173,7.57358136980968,0.03929072541779608,1.2159622837540873,1.8197701866669487
YRZF_at,71.0,8.742106496060384,0.5167123440823409,7.78207854082873,8.38012448490299,8.74128391274651,9.136284245457354,9.81120581031011,0.05910615986149294,1.135240455554381,-0.8067090100669247
YRZG_at,71.0,10.33578558886888,0.5045462729594792,9.08189483759471,10.0235361274556,10.3746923883655,10.718110830834199,11.32874824662,0.048815474026749364,1.3822847694980378,-0.23217684872362776
YRZH_at,71.0,6.198829105861071,0.39630228283297214,5.46267307320922,5.87308535882799,6.16905367767568,6.423672972522899,7.24224219852263,0.06393179680631353,1.0239832817079755,-0.39715748774245974
YRZI_r_at,71.0,8.71753914168539,1.2072552598615416,4.73692168133744,8.15319959182536,8.92896515029023,9.545196499568949,11.167062932137,0.13848578598158598,5.067773872486419,1.3117000225704398
YRZK_at,71.0,6.865585798264435,0.330212330280172,6.0907236975536,6.6386828732606,6.86455360118245,7.044309687582141,7.6623985282709,0.048096745126052755,0.9868725298995641,0.03140754316968497
YSAA_at,71.0,8.137889434297671,0.44406627204400284,7.28812142148999,7.820551505154435,8.10492124037611,8.37873731497384,9.18410101314968,0.05456774457667811,1.2249253570178593,-0.2123026208187362
YSBA_at,71.0,6.937762715745959,0.23060751664600831,6.42828478994421,6.7818043523446345,6.93253559965062,7.08404938021561,7.41917586354813,0.0332394643769844,0.5769797083262747,-0.483817226509053
YSBB_at,71.0,7.43812558383446,0.23726154169878375,6.92200642688323,7.26965681949937,7.40578364020169,7.6026474927193455,7.96756673355347,0.03189802847836189,0.6428499345140088,-0.264155550572021
YSCA_at,71.0,5.494543032558104,0.4311604714575218,4.76130665082734,5.249407832986975,5.45885217405323,5.63928308822531,7.66360815214069,0.07847066969949376,4.650015308991235,8.286295727128174
YSCB_at,71.0,7.447749323247835,0.36525159243371846,6.56901973268671,7.24720844134969,7.45010629415844,7.66458536612852,8.49661925221338,0.049041875146576305,1.255405533114689,0.5062879521768444
YSDA_at,71.0,7.931289749003729,0.22474980930789595,7.49689346867469,7.80540724124403,7.92133554653949,8.057066203872825,8.70565825012009,0.02833710738359135,1.0619524985340236,1.8699943093216351
YSDB_at,71.0,8.797035358653881,0.6950504865600154,7.40208964323474,8.27912408302165,8.77477500365081,9.30284178193757,10.86429965231,0.07900962747367789,2.059960623324092,0.005103134493845918
YSDC_at,71.0,8.990347293536729,0.3698112300160442,8.27559452677822,8.73585882579184,8.94329003365557,9.20917360131977,9.79234418524486,0.04113425409960592,0.9029041766275829,-0.547845881228969
YSFB_at,71.0,6.75682735498079,0.22571911882355444,6.26514531551471,6.64117505408242,6.74423965262108,6.885772075286325,7.36178593742878,0.03340608054121225,0.7374354840260554,0.3262363191908193
YSFC_at,71.0,8.199957406180001,0.25204007984077076,7.36594995385262,8.071057628446244,8.22695351682628,8.36716459118357,8.74883794622166,0.03073675476055736,0.9278356081921012,0.7648566734778006
YSFD_at,71.0,7.12266922083221,0.3222537035801631,6.37199273296154,6.908806619976424,7.12997955268658,7.367549356979875,8.07260332573094,0.04524339030621319,1.0871369079893576,0.4389949766831851
YSFE_at,71.0,9.581235130021195,0.559263681690995,8.34342255580784,9.21561378055194,9.57715302310133,10.06136127778735,10.7134223930447,0.05837072925375101,1.272222218022844,-0.7243631544324338
YSGA_at,71.0,7.921577849478496,0.21826963963677087,7.42674469854447,7.777847090190665,7.90878383120412,8.06160966885976,8.39748937034582,0.027553808569985877,0.5841144087791418,-0.2994600005014951
YSHA_at,71.0,7.992033719987773,0.3355317974526307,7.2064377085971,7.77745082294817,8.04397154242768,8.234417446612774,8.78291129558667,0.04198328100311669,0.929122703043346,-0.2009990344443895
YSHB_at,71.0,7.019124123710995,0.1988887997128396,6.62005483614838,6.882526644681375,7.0200208292465,7.120460379698995,7.58270132347079,0.028335273206094486,0.5998709137558373,0.06053812287315541
YSHC_at,71.0,7.47980881578834,0.3479598976196247,6.78945863356513,7.225149821619685,7.47953140465503,7.800143218115795,8.16773322008306,0.04651989191022541,0.7562138655278575,-0.8318736077493432
YSHD_at,71.0,7.638031894190799,0.4537851427273159,6.83392253316178,7.343771072966804,7.58586004161855,7.98932387529695,8.66768451048623,0.05941126575714457,1.0019438163577727,-0.7951421246636885
YSHE_at,71.0,8.35588659984766,0.37717277295760854,7.47517714318715,8.098983982697305,8.37515997114865,8.592081281294245,9.20444518720113,0.045138570090753144,1.0175946270897633,-0.27633561241581495
YSIA_at,71.0,9.743960251885872,0.6327038557666632,8.30886902574376,9.2943801493729,9.89571677197816,10.32842569077065,10.7992871218795,0.06493292659360018,1.2921811519971205,-0.9705401856143898
YSIB_at,71.0,8.937024277975976,0.6562783190156177,7.70378552729244,8.46570801545521,8.92628398740322,9.543569916226406,10.2185487172299,0.07343365068761447,1.2286621525600394,-1.1506985975048794
YSLB_at,71.0,8.598226276313692,0.4120598284812238,7.79679794176806,8.255757080111685,8.56007638516065,8.93257283267144,9.31191491137179,0.04792381768509188,0.8059046560188162,-1.0621502960025584
YSMA_at,71.0,8.403567062260858,0.3686441030204122,7.49799324198992,8.137434514563676,8.39116158847435,8.689612994608229,9.06963638200934,0.043867574363264945,0.9192506892461173,-0.4927106811193025
YSMB_at,71.0,7.856897558141367,0.32909593688995753,7.16104627993874,7.5859510552725204,7.8449530104912,8.14217919920644,8.52532084717798,0.04188624510560739,0.69618959061863,-0.8930925387365138
YSNA_at,71.0,8.707252756499502,0.5350264710394472,7.57632987806263,8.411802150711189,8.70023784457211,9.078547490531754,9.86832152028492,0.06144607099410068,1.3701524822729338,-0.4214448327268041
YSNB_at,71.0,8.88495396185978,0.507883862169833,7.83759197036059,8.597380461847425,8.8825472717547,9.25740966420761,9.91461670645255,0.05716223903354067,1.1934230633841896,-0.6449738763457198
YSND_at,71.0,7.4448775066863355,0.2809211506353227,6.88696263729151,7.240393143990275,7.38724388584437,7.635870452559075,8.09131155004085,0.03773348189853009,0.7181418313472391,-0.42623469531969915
YSNE_at,71.0,7.569264534508771,0.35045625759537286,6.75994735041123,7.293245855560331,7.53971427976789,7.81475891031788,8.43025752102469,0.04629990879531557,0.9539454382843261,-0.25086409041853663
YSNF_at,71.0,8.400092157123874,0.6913976543699469,7.222294352989,8.031775480087386,8.26127082560964,8.596274601928371,11.6396079858858,0.08230834155594266,7.5708207816468684,8.461150536587429
YSOA_at,71.0,7.1626573231343516,0.2529752189774103,6.40405345752264,6.99574800818116,7.15798943413838,7.346021955151835,7.86329762831972,0.03531862653268875,0.8858939087236258,0.5749017458592585
YSXA_at,71.0,8.4730451635038,0.4811009960901943,7.33848272128975,8.15928333240079,8.39884127530037,8.903006146551022,9.52040309593934,0.05678017605316858,1.204795273990135,-0.48143767544874594
YSXB_at,71.0,10.386070036235266,0.588910838463178,8.9385778213562,10.11575001820135,10.4326903991944,10.808789238947899,11.661349824244,0.05670198991616332,1.6523890575206694,-0.1621038675589075
YSXC_at,71.0,9.117591820826554,0.3174636303121727,8.47534208148912,8.875598042492054,9.13951925805118,9.361381666971525,9.78819992185666,0.03481880265653229,0.7312589134022763,-0.694054226516065
YSXD_at,71.0,6.869826058896686,0.20948678801716797,6.48547856760017,6.720419423325235,6.85323189486056,7.01331264412715,7.31597192297265,0.030493754313600793,0.4980020235649139,-0.6159063324151082
YSXE_at,71.0,7.873172170805331,0.3364807628028078,7.16839958693362,7.617017448076755,7.91498499843865,8.08459116875167,8.76862421280933,0.042737635542954205,0.9033229266753442,-0.2904536887408544
YTAA_at,71.0,7.294172894769057,0.3632834919002586,6.56056698893702,7.01332475615887,7.31575733826765,7.557426464565645,8.04848431900415,0.04980461762303218,0.8120481275251503,-0.7662025237859362
YTAB_at,71.0,5.944833612331134,0.3424455496485802,5.35991678171045,5.7813256316528,5.90096102544384,6.057181619055295,8.15587764693411,0.05760389137523696,8.91543752725853,24.433069017420998
YTAF_at,71.0,9.124647928482446,0.4213824906899809,7.88951551397641,8.79944926013865,9.16051766627906,9.46855914699367,9.96891863794717,0.046180684886990765,1.145099174362001,-0.2556588450485906
YTAG_at,71.0,8.483256810791387,0.5571911193269046,7.38522317911595,8.10779901077538,8.45938289936479,8.897810093385905,9.62169127719647,0.06568127450982181,1.306162698741645,-0.6509071851288892
YTAP_at,71.0,7.458752315941925,0.3019225284600432,6.65494981560599,7.29186877782997,7.46861687750875,7.569286507216489,8.33075540708256,0.040478958902379784,1.2476606833953559,1.2424760917648259
YTBD_at,71.0,6.5432300399557874,0.2696271257777554,5.85913957164345,6.36614047195446,6.52769511057861,6.72151241560693,7.12705691892216,0.04120703752295055,0.7876061265408383,-0.04006947591017873
YTBE_at,71.0,7.180759680228826,0.21132623557553815,6.65111637199014,7.046928601074505,7.17961865013346,7.340998937291775,7.63788415869607,0.02942950954860585,0.6356590743925578,0.05189753175620071
YTBJ_at,71.0,7.362276775805831,0.25209923683391255,6.71071034745862,7.176742087688584,7.33834438613251,7.561157470771695,7.84677181624786,0.0342420211180283,0.6701283490639668,-0.3184353591419389
YTBQ_at,71.0,7.833378362112906,0.5063670380647791,6.77712913728613,7.4403889571754505,7.81114302703316,8.203661586348204,9.11728622315308,0.06464222901754438,1.3695541936999487,-0.26922731881366957
YTCA_at,71.0,7.676247154279833,0.27972102770039464,7.07403887192612,7.49160917156653,7.65287290132813,7.86403851612414,8.29664042417569,0.036439815195950055,0.7205143419312376,-0.4056409201895863
YTCB_at,71.0,6.646098775907567,0.200792612620624,6.22121245966839,6.515854494350284,6.65236969566607,6.754102096397496,7.35160701287468,0.030212101774428488,0.8754013220315604,1.4831910339038936
YTCC_at,71.0,6.795384597140632,0.3263182438348219,5.8007402572454,6.618571926273635,6.77600350252502,7.009787096533615,7.40485353319643,0.04802057031063854,1.1847413377612048,0.7112058699110126
YTCD_at,71.0,7.40849982130564,0.2691717939763756,6.86503197745103,7.249637903440085,7.39560853977116,7.553002639840315,8.1396311269773,0.036332833970283876,0.7677251094500124,-0.11304213868719293
YTCF_at,71.0,9.171527844212951,0.9317984994697113,7.12133783059575,8.497923393199706,9.07554975797007,9.88215890622846,11.0317860439581,0.10159686753365278,2.2205774830174847,-0.6097003396248821
YTCG_at,71.0,7.658334964858927,0.20276921537542716,7.18687911629911,7.54413509994461,7.63519691189488,7.77966223952916,8.08905005412512,0.02647693216682934,0.5782149312443398,-0.11366035862889001
YTCI_at,71.0,9.121856114023258,0.2058419487106332,8.71417930983186,8.976388848587579,9.07496115716353,9.230504905761444,9.59175659950749,0.022565796493346044,0.5377827863983629,-0.3667094024422082
YTCJ_at,71.0,8.884571453034273,0.24422860172682787,8.28355421614982,8.740788384941965,8.89569801126565,9.047641143403851,9.38486503502639,0.02748906945235029,0.6313729878356105,-0.39575119087062616
YTCP_at,71.0,7.516428834121769,0.23454266028521786,7.00314569746131,7.3373566142968105,7.49361154592359,7.676078709134865,8.07179154529059,0.03120400198834879,0.6221575352308079,-0.3243133582514419
YTCQ_at,71.0,7.761486467754765,0.2739230852510715,7.19065436270859,7.59940330764912,7.7283867271709,7.914538406880579,8.53488598247976,0.03529260617654748,1.0013006599020176,0.7374397603424971
YTDA_at,71.0,6.639110065535889,0.44466284338033646,5.69984295906618,6.337793535456775,6.64792754200598,6.882081825491955,7.63292446482927,0.0669762722700764,1.152800278882616,-0.3879640926829322
YTDI_at,71.0,9.840058872559975,0.6409298783124173,8.37929660525781,9.52964544021771,9.94584137268347,10.300068405475699,10.8725018348722,0.06513476053478874,1.6662974200313205,-0.3802498277138775
YTDP_at,71.0,6.7732580539678535,0.3483345808087468,5.98431435009123,6.512332940948355,6.7873055458929,7.02461171565052,7.51504742342438,0.0514279211028566,0.8641311407929354,-0.5063154632867342
YTEA_at,71.0,6.91865607158837,0.4397926793854385,5.94348686106065,6.673682144898635,6.89052054125288,7.244703866585905,8.03818837277652,0.06356620055034357,1.2586503946585772,-0.10272666894187754
YTEI_at,71.0,7.722315576693095,0.27081221011183704,7.22818714025323,7.504709821322679,7.71243156363247,7.93104658349483,8.33139567547699,0.03506878311593246,0.6404975150080078,-0.628770530497047
YTEJ_at,71.0,7.9916064136395555,0.3661349440507588,7.14845033574677,7.752255297427825,8.01281505000914,8.268717178184335,8.72809147712615,0.04581493696009146,0.8386366125103687,-0.7077439527417204
YTEP_at,71.0,6.0097774971679225,0.27020094560863583,5.27664538378994,5.8323667840065045,6.04158278737836,6.212733672027855,6.44441454557053,0.04496022452344811,0.7863114871369146,-0.05171108998166618
YTEQ_at,71.0,8.95125763586232,0.2694870023210387,8.25858985022074,8.82719656758319,8.93696828414007,9.0866022619564,9.69657751734947,0.030106049147928218,0.9986770585009931,0.7908435486401846
YTER_at,71.0,7.941207787514203,0.2663329270794405,7.35308817379617,7.73176725788092,7.92502943647762,8.1104146949643,8.65037893324945,0.03353808818580346,0.7768626011241019,-0.04452553427981121
YTES_at,71.0,6.902945923878028,0.27715527812996793,6.28334603659471,6.7042238510351755,6.89976222573341,7.08458440121607,7.67296672849761,0.040150289627977266,0.8049138467518121,-0.057958989229197844
YTET_at,71.0,7.2555611133718285,0.22937633390804968,6.8163644598951,7.07931617650272,7.26949654578346,7.392606412847865,7.98640161838904,0.031613865602388005,0.7374212344325312,0.27101601474175574
YTEU_at,71.0,7.650601477439588,0.27099993672205314,6.65091275469336,7.463104803931335,7.67550305141094,7.82836607158353,8.39946504522205,0.03542204328917001,1.3094375511940006,1.9831095664938792
YTEV_i_at,71.0,7.6395189718622625,0.27097407500066434,6.94033026019652,7.4786484103106154,7.63051121594427,7.816466565709835,8.29794817010364,0.035470044121719065,0.8010624686139054,-0.0028634015819735126
YTFI_at,71.0,6.529403713177152,0.413272708744766,5.56138456925114,6.189716142104006,6.59126369287382,6.810671213352094,7.33466254822164,0.06329409650543281,1.0290118853190398,-0.4966169433501051
YTFJ_at,71.0,7.12198994599884,0.29339612829337447,6.43185946097984,6.9146107253601095,7.10196493409972,7.2904242056985655,7.91180334158399,0.041195807705149246,0.8827509099918392,0.05272603758282868
YTFP_at,71.0,7.229920892049076,0.20904300960141353,6.71441429593371,7.09043094735741,7.24727863077722,7.366482124471165,7.66707121424877,0.02891359569802532,0.5783661645542383,-0.20351047186950444
YTGA_at,71.0,9.077770409342333,0.9009053840535514,7.3693032196171,8.411825580098391,8.75279925354057,9.666355110967615,11.4676811421353,0.09924302371939149,2.5593419195698996,-0.12502779277992992
YTGB_at,71.0,8.88297530715666,0.8705956441680238,7.62193219338405,8.17547309239186,8.60032413646246,9.439668341459935,11.2147212600942,0.0980072120054887,2.4393237372845595,-0.16627248883750667
YTGC_at,71.0,8.521806758137467,0.8715622359053794,7.23440444163986,7.8642255239291945,8.26353237621443,8.948848986893559,10.9323823082156,0.10227434869643404,2.6252113151673315,0.05626415446162625
YTGD_at,71.0,8.355166449546662,1.002749921716171,6.98871692174032,7.604912730178955,8.07863244913099,8.913944310844116,10.9923601786094,0.1200155529840556,2.825790605233564,-0.14918398471207528
YTGI_at,71.0,9.027475513589845,0.7927330601845755,6.97256084608882,8.54878168015152,9.11026160802589,9.63249037459685,10.2834322394198,0.0878133714116649,2.0692025135129666,-0.36923688626507367
YTGP_at,71.0,7.6660186602073,0.24098998204167468,7.11512798254481,7.531669322381205,7.69307087591634,7.818573543960005,8.30135794548063,0.03143613298159621,0.8070855461742954,0.41305203222806064
YTHA_at,71.0,7.973199436974055,0.37781955600498457,7.17397484746608,7.748002268691939,7.92916563863528,8.238168623872564,8.84387482464836,0.04738619157736415,1.0531950913508252,-0.18145706123325134
YTHB_at,71.0,6.871028424658647,0.41167291043392557,5.68177939599185,6.59763041706395,6.86797043272129,7.172628413443775,7.71570143167399,0.05991430758116497,1.1757583990204274,-0.10893942946161195
YTHC_at,71.0,7.444047844015578,0.30146997976207385,6.85850132270734,7.191040530456036,7.40141036244479,7.65016698023781,8.03975167774657,0.04049812495555516,0.6482118320850742,-0.8563412976464213
YTHP_at,71.0,6.954662719394896,0.17403988896811493,6.53159921055365,6.84974739616478,6.95505533246333,7.083704645498405,7.3539431266213,0.0250249215512291,0.5134496725907677,-0.00926823324457171
YTHQ_at,71.0,6.472543552556848,0.2197152020573305,5.94179277431067,6.32129169455704,6.46244016401313,6.604623176850775,6.98966043030569,0.03394572786930672,0.6288012848093197,-0.10275322945055088
YTIA_at,71.0,9.753752988168024,1.5782550330156666,7.21583773497732,8.21917433617337,9.92364740921543,11.2000085935382,12.2565361394233,0.16181002686147566,2.470706345010983,-1.4754389170237117
YTIB_at,71.0,7.881203723070776,0.3809182592456744,7.13421104741885,7.63315595812035,7.82542711065032,8.10671446200443,9.06138798022097,0.04833249750042702,1.548959406022924,1.1725893174957003
YTIP_at,71.0,7.710628250758181,0.19693576698035792,7.18470175401756,7.588008809036385,7.68388655008559,7.8213239749345504,8.21568741408825,0.02554081983669662,0.7194534728280132,0.7351433446236375
YTJA_at,71.0,7.3933930328887465,0.25454626173805683,6.85978669223879,7.246775234722071,7.37588950361958,7.5478772420957405,8.17097571380645,0.03442888273431888,0.8650404971769695,0.4652739604635845
YTJB_at,71.0,10.257818521013789,0.6115066826305176,8.53602415478534,9.887326243841034,10.3220193007053,10.65220021035925,11.3702484028467,0.05961371624754401,1.8386955710943607,0.05070817730436161
YTJP_at,71.0,9.594359473759098,0.459516476876113,8.51313341970067,9.314672697498224,9.58956239926314,9.954248714942224,10.4515704164139,0.04789444028367983,1.1094195269488183,-0.5766541801288998
YTKA_at,71.0,7.719165126496703,0.24223015517595106,7.19250770664014,7.5476109800421,7.71109618944684,7.8808881181284995,8.29768980394022,0.03138035671040059,0.6989916702588319,-0.07759723506072325
YTKC_at,71.0,6.509699538658972,0.6087387117149577,5.07041009858152,5.99199497141206,6.59426718336437,6.92759224254097,7.71971287853088,0.09351256660923565,1.5105156436756257,-0.505642572390371
YTKD_at,71.0,6.971619185448675,0.23667774107488143,6.55393821651273,6.79595092002738,6.97908702697012,7.1105396344521505,7.60223013390912,0.03394874774125367,0.5960925496305206,-0.46625732140605924
YTKK_at,71.0,7.806618877700917,0.32017617320742037,7.20356236781334,7.55385418654522,7.7641213505709,8.03029262610106,8.72346662996319,0.04101342440604884,0.9310950075644884,-0.05385844850451216
YTKL_at,71.0,9.215247000729725,0.4744869686999642,8.08789809414371,8.87789564373016,9.26467954184836,9.606519184211015,10.068849591047,0.051489338122178506,1.098475081676899,-0.6817316191133251
YTKP_at,71.0,8.563998560480245,0.2023146524229608,8.07188133703961,8.433624594719436,8.53297154816534,8.66313424648896,9.22825393613542,0.02362385409037429,0.9482654501905079,1.829800820660358
YTLA_at,71.0,7.5157883384383695,0.20788512168753218,6.92167887193528,7.403437059848464,7.53443447537511,7.617265905025819,8.04860809045885,0.027659789276440232,0.8018763325572686,0.9512130342196556
YTLB_at,71.0,6.8317554699389085,0.3557094483301763,6.11323656673069,6.591572845309785,6.86943630780804,7.065721335630545,7.58326475713231,0.05206706386014094,0.835360749912155,-0.646413402610722
YTLC_at,71.0,6.317028285839561,0.25381202110789336,5.683619303818,6.14605933195493,6.31332452576076,6.461728401161035,6.92348450289362,0.04017902241736766,0.7965489598809825,0.18995816713400915
YTLD_at,71.0,7.345850517332118,0.287266330318117,6.68547386773315,7.1335704518663245,7.34868333194373,7.49928414002833,7.99672972001056,0.039105931932637124,0.8476355224875882,-0.008726303633635357
YTLI_at,71.0,7.658740534805926,0.24763619020417366,7.08805823990116,7.4845211113104355,7.6340084245843,7.814226400660275,8.2977179770491,0.03233380071811622,0.7430029052047933,0.04388160936985175
YTLP_at,71.0,8.456924904104948,0.2670711967693254,7.92182816430382,8.28211498212681,8.45164413830587,8.60668638185064,9.28891014337955,0.031580178350607134,0.9592303441976511,0.6699473787810946
YTLQ_at,71.0,7.24312879163516,0.25853468795654233,6.67039506599708,7.0843936861485854,7.20035897358861,7.4008674605659,8.20343798528375,0.035693785847783786,1.2821276119324325,2.1179350973161313
YTLR_at,71.0,7.097050303210773,0.2991579957717264,6.25457632647294,6.903284625917911,7.11167426158989,7.25909724590712,7.96299755449131,0.04215244122426249,1.1697901806481028,1.0072993755181514
YTMA_at,71.0,8.315208569092524,0.2464068949549961,7.80513310700673,8.1566724547287,8.29015162777658,8.446028859469685,9.14930945703282,0.029633278937931388,0.9743390056376277,1.0537941867908822
YTMB_at,71.0,8.72556875448953,0.4138287334735767,7.76342005944398,8.39850860627562,8.68503228810167,9.055196506463549,9.45284186000452,0.047427135710855654,0.892422157531995,-0.8496381227606435
YTMI_at,71.0,7.814912153393421,0.3389160131910272,6.89472276436313,7.606642087377245,7.81021090120089,8.03667950749697,8.78624134650114,0.043367859617444555,1.2148101115690948,0.6622533377356525
YTMJ_at,71.0,7.455340106125882,0.43226462326711046,6.57467730757109,7.131952925186285,7.44148249157156,7.77708829160606,8.47268272434609,0.05798053705315583,1.000586573497423,-0.6820755735838677
YTMK_at,71.0,6.938001488300537,0.3393508081113364,6.19011964402241,6.7089181596764895,6.89022090107303,7.1205234633518,8.33223759876829,0.04891189612506992,2.0111449687040404,3.142070418980472
YTML_at,71.0,6.156141455795202,0.39007659309364046,5.41661015154176,5.84642533285212,6.14960098256371,6.42641683795345,7.22737930182244,0.06336381252682788,1.0169430632520422,-0.37260305380361425
YTMM_at,71.0,7.309778298976677,0.3024583563245505,6.67402236823522,7.113087976273185,7.26798749850721,7.50145222236722,8.21667710396418,0.04137722704488763,0.9409336221711927,0.16095752700842159
YTMO_at,71.0,7.706555512138204,0.3268962886903747,6.88144923201188,7.517401555290245,7.73391467693388,7.906283170029295,8.7610619612966,0.04241795029900154,1.4063442097415926,1.4221843180834028
YTMP_at,71.0,8.356751661318983,0.36371003324385254,7.69726422914154,8.11966322994951,8.23901622379296,8.630831050282886,9.09902337938747,0.043522895974923176,0.8360518189213124,-0.699099234601146
YTMQ_at,71.0,6.47841450297551,0.21646266065695158,5.95597075061328,6.351168404516125,6.48161199102614,6.614049901313955,7.10260209524272,0.03341290690145423,0.7286119414022985,0.431000949931005
YTNA_at,71.0,7.417107559432971,0.465330441867868,6.58346062199018,7.1443264575211405,7.31922223890786,7.600148068519321,8.59271072127259,0.06273745366899357,1.3717801819568634,-0.011612329086757356
YTNI_at,71.0,6.683632335524189,0.6736996592007265,4.96127624376597,6.270454350450899,6.70511338740306,7.21250004631876,8.27327741824513,0.10079843195741692,2.093207012959702,0.1568072249761827
YTNJ_at,71.0,7.170594754374728,0.33408800999883964,6.61073558647693,6.94354029565707,7.09442435876888,7.304545070063815,8.4641842621322,0.04659139463919851,1.9076159655747345,2.912805812588731
YTNM_at,71.0,7.473849196140743,0.21100960922884815,6.92799259004073,7.32651297776753,7.4426123424375,7.575507183872255,8.14322505888948,0.028233056848110713,0.8614519093254304,1.1896807223778012
YTNP_at,71.0,11.040150983049962,0.5007395070850472,9.70974306837224,10.75965189188395,11.1476132845885,11.4235552113249,11.8954018252916,0.045356219118183876,1.5956581763371684,0.24105824803076636
YTOA_at,71.0,8.366803143910728,0.23646557830657217,7.84799669729599,8.19880227018039,8.36586402977735,8.527127257634774,8.85128669657974,0.028262357108123113,0.6239407831231649,-0.33916843611885517
YTOI_at,71.0,8.485512299733552,0.19634855310629593,7.98148972531376,8.361996377381246,8.46826148482464,8.601425560717669,8.95833033716692,0.02313926916498151,0.6334243988127469,0.28279376810579526
YTOP_at,71.0,9.053263811563598,0.33046009202822146,8.36432086356353,8.85548086999578,9.01248635879861,9.23627443102939,9.8831189728219,0.03650176322114128,0.8831721744361937,-0.3032301219647411
YTOQ_at,71.0,8.58402647463086,0.4119375270708693,7.99053886177407,8.28940482460362,8.50048466953555,8.774266287989938,9.70809508579044,0.047988846293555244,1.3514322502539404,0.34066125100462674
YTPA_at,71.0,7.917091362127314,0.31315348082533195,7.27779109474197,7.6762676522322355,7.89103268099924,8.136396834181015,8.77597990113365,0.039554107247435875,0.9123004846420348,-0.048354032792434776
YTPB_at,71.0,7.798102299763166,0.4289617044262439,6.99891089882632,7.542966841911095,7.73385405195824,8.00108506188267,8.92388785052196,0.055008473592257405,1.3610201783021159,0.2264688411271254
YTPI_at,71.0,8.324922820689254,0.22886985240917226,7.79259448083961,8.17764078319665,8.31969385030055,8.454808618458024,9.01267582455135,0.02749212903696604,0.7801256621844305,0.4761130149231403
YTPP_at,71.0,8.603779112776005,0.4946036738087129,7.45840459384849,8.31289158210516,8.61144198151647,8.93147155130369,9.49453565869114,0.05748679357356599,1.2171853336396512,-0.527301065535339
YTPQ_at,71.0,9.542350244387409,0.4938671185902961,8.48047229112412,9.24883653199168,9.6801741843864,9.86815560082258,10.3666057872051,0.05175529151015782,1.1682462169880596,-0.6283376619082248
YTPR_at,71.0,8.934541861698023,0.5246449216079823,7.56659790474834,8.628813088229915,9.03064049357561,9.261571989662775,9.85853740110193,0.058720965185367964,1.4285567974198532,-0.24991943766096192
YTPS_at,71.0,7.942108646147407,0.19970706282457548,7.5533905964859,7.80772791322152,7.94892552122468,8.068961080775441,8.40464857910119,0.025145345112025163,0.5002991410121755,-0.4804646963649959
YTPT_at,71.0,7.553326445983947,0.23769622908557253,7.09156745271884,7.362057592052615,7.54093276303492,7.70269700053837,8.13810112219206,0.03146907932358121,0.5900201219094884,-0.5047336027426415
YTQA_at,71.0,8.347908126186658,0.24779468513462805,7.78686393907041,8.20855735405158,8.3493351011954,8.515737687042524,8.95849082168555,0.02968344660590092,0.7208653617178076,-0.05274383006624195
YTQB_at,71.0,8.761495414659002,0.24198524731286974,8.1474417511304,8.572108470794035,8.82446076138493,8.937940758524636,9.15922078389787,0.02761917182630721,0.6411173127444195,-0.3277382741326682
YTQI_at,71.0,8.285478452889537,0.27804068838971935,7.68560682964001,8.12313022283508,8.2551203687905,8.44793774018865,8.96470416035385,0.033557589941321186,0.8714566620841023,0.18565439308816423
YTRA_at,71.0,7.147378632808813,0.4589621820775732,6.14387637353697,6.760213307776166,7.14310324064922,7.4846554897766,8.21308372213831,0.06421405744069388,1.053319616014331,-0.7029890787790394
YTRB_at,71.0,7.071368544377237,0.2631464380205535,6.42044107647214,6.899646102200575,7.08456419007226,7.23046692535116,7.70294470472654,0.03721294348740924,0.7984499032190748,0.07973420978340817
YTRC_at,71.0,6.643576381768285,0.2921493785537608,5.99766844182214,6.45825519744694,6.66958555932002,6.81739182109001,7.77674781480413,0.04397471508802025,1.4470134410762028,2.1113518036098142
YTRD_at,71.0,6.715494956151169,0.3906564040676146,5.92136669821454,6.454109929979349,6.74439453638206,6.96374231053096,7.62461230885506,0.05817239185174078,0.9430065043717495,-0.5770954706375573
YTRE_at,71.0,7.415655943193157,0.2166515136736921,7.04313635544553,7.283545914907595,7.39796563786943,7.48673068651762,8.06627514925617,0.029215421445294654,0.8579037228816766,1.0597715834611359
YTRF_at,71.0,7.654161294718825,0.26735190580849655,6.81894265343589,7.483204076266695,7.63751436859639,7.849105613913055,8.22583408458876,0.03492896158236991,0.9111154847238028,0.4753998040447245
YTRI_at,71.0,7.099274521022387,0.3672781369229536,6.41468815509757,6.86254577422321,7.0393696127482,7.291133222451945,8.00127660371274,0.051734601308256044,1.0950195954550528,0.023831878257988492
YTRP_at,71.0,8.190480259181442,0.17438575406359572,7.78700026479575,8.048817335035405,8.18314100845674,8.305125881391575,8.55418794071225,0.021291273349705122,0.45470153426996524,-0.3721665596307546
YTSA_at,71.0,7.788876032501188,0.19797088233513904,7.33510909937565,7.675056833946105,7.79015597251678,7.88046365356227,8.39499842836513,0.0254171309838611,0.8538852291762017,1.4339104484595149
YTSB_at,71.0,6.914971538570297,0.3103544581823135,6.25248854686834,6.63691041431149,6.95754662619402,7.077753885187745,7.78884076980979,0.044881523582739245,0.8511904674287903,-0.22902084842158477
YTSC_at,71.0,5.8859927722634575,0.2632449232020556,5.25590345660025,5.737568157623155,5.85508835041725,6.026990661032725,6.76840462393041,0.044723963040278224,1.0582166336175343,1.123365809612027
YTSD_at,71.0,7.17216325426327,0.23114569993208914,6.39349083664851,7.056528096670885,7.19623689457702,7.26880327698411,7.85747976640552,0.03222817046094032,1.0994160238848436,1.9031712484377987
YTSJ_at,71.0,9.473527026139786,0.39197122978532384,8.50880151672382,9.15096566892092,9.56879338885851,9.734478060826405,10.1643585944657,0.04137542740985264,0.9524302658277195,-0.5602127482761992
YTSP_at,71.0,7.193482570843184,0.2820896115074358,6.40665169446672,6.9978515989455445,7.2196191887998,7.40276499577823,7.86217569278712,0.039214609715023004,0.8789705045207115,0.16622399921965103
YTTA_at,71.0,6.804991754144668,0.35025025370026985,5.96022990349934,6.60219111052184,6.74962558649747,7.03101254291525,7.83798227764246,0.051469607363880406,1.2600729071800425,0.6762692757343962
YTTB_at,71.0,6.698632044256317,0.28829638595616003,6.0516985712231,6.5282110648297405,6.65414922347645,6.90789657651996,7.44456042575635,0.04303809853287243,0.7927233174837461,-0.221564568459379
YTTI_at,71.0,8.696169705571988,0.5405449982543113,7.32618199281244,8.243993818278614,8.73677452559104,9.08516392884815,9.7953305683562,0.062158975336919,1.326433171682312,-0.5347652474645139
YTTP_at,71.0,6.892994721883461,0.24502814623606164,6.28318850499923,6.751493058743945,6.89660139617303,7.040467479485205,7.59454971889045,0.035547415328516234,0.9630368606201064,1.028513619518571
YTVA_at,71.0,8.327285118057524,0.3690649472235119,7.31388122725932,8.082291704533219,8.31441485478175,8.59601174045551,9.21689750560567,0.04431996046625126,1.1364470541032003,0.12740097161212516
YTVB_at,71.0,8.30578253236562,0.3125824343760956,7.40346717516761,8.123568791324619,8.25681062048732,8.487298944392826,9.01849380905747,0.03763431478708209,1.034234301150925,0.370312697336185
YTVI_at,71.0,5.974846121981931,0.3618207666352337,4.89200183670122,5.73242836660729,5.99486720861584,6.2596084741277345,6.69211837471855,0.0605573364147516,1.1174276082445733,0.13702076510128292
YTWF_at,71.0,7.001841419029907,0.44365158846447134,6.01799106484311,6.650199602381241,7.00355492248991,7.348730299409085,7.78803869841176,0.06336213031884667,0.9815123578809346,-0.7905046502006114
YTWI_at,71.0,7.889630259351189,0.2270625019482732,7.44987107192131,7.760785556465825,7.88868214296718,8.009692573099926,8.38633338605464,0.028779866037340247,0.5799955169680667,-0.4283938355415282
YTWP_at,71.0,8.23345655155628,0.34700970652002516,7.55674507427736,8.01413086128274,8.24184405103564,8.448294416705775,8.98286654332095,0.04214629716536656,0.8497686389895573,-0.5401108816519562
YTXB_at,71.0,8.80818333834662,0.2533747948291039,8.19293087009992,8.655321503630125,8.76358403737345,8.94290393873184,9.4407906773368,0.028765840252896552,0.8270222880046106,0.32303674797247384
YTXC_at,71.0,7.644970314769015,0.2950096978999635,7.12586363625862,7.43557241435573,7.59993064870553,7.822087193551354,8.32058377711854,0.03858873033555748,0.770995294131462,-0.36580208140657344
YTXD_at,71.0,7.957888214756975,0.25279929393747075,7.46783657337292,7.8013405959747,7.95787651767685,8.10692786501297,8.72569227469763,0.03176713307792939,0.7956112878810604,0.19934273873786612
YTXE_at,71.0,7.1577410832423745,0.2821905885490381,6.43284152672518,6.95895385464558,7.15249777430195,7.3548961474122745,7.75682386537968,0.03942453146422125,0.8682648637890872,0.12487418146586071
YTXG_at,71.0,8.52801392451399,0.5789659337081394,7.10170243698464,8.190290565441686,8.48440700969575,8.930838502878,11.4484959423171,0.0678898907568487,6.20926487771613,8.22262528344548
YTXH_at,71.0,8.695751999381171,0.698968072509691,7.39197430071693,8.288720339297855,8.74235437962252,9.19990464119725,11.3574931829906,0.08038040557727873,3.204910793946932,1.721928936938089
YTXJ_at,71.0,9.907702658897371,0.5185546489447608,8.92449702065942,9.554556359861525,9.88489985547906,10.2328061909047,11.8787529323725,0.05233853566236017,2.404524930207191,1.7767458812136425
YTXK_at,71.0,7.548519034639961,0.48279000069882744,6.74577395493687,7.17112303790391,7.54576446724807,7.918061690281386,8.53228476036076,0.06395824114416569,0.9557691743150647,-1.0368617343824211
YTXM_at,71.0,7.860616576079531,0.24122767514876128,7.29459050541927,7.70687876348578,7.86138867865794,8.007118189936492,8.44310223555826,0.030688136587508404,0.7142204937550519,0.0019442569610075289
YTXO_at,71.0,7.4840658271130955,0.34435870355147863,6.49312291832595,7.268512102592775,7.4949203967488,7.6874237353185055,8.37500244478671,0.04601224942516461,1.1683130982660344,0.4593007827142075
YTZA_at,71.0,9.217971776720114,0.459866775404479,7.7898081433739,8.918436211104101,9.30444937609736,9.498083025315971,10.1089339178003,0.04988806502596021,1.5221510734703863,0.37169524327306736
YTZB_at,71.0,9.825680739325533,0.5314443649367434,8.53538584450121,9.54657835438055,9.86930466158606,10.19563241953205,10.9843110022976,0.054087281994593235,1.5274749051443817,-0.08972669720822157
YTZC_at,71.0,6.607955907183629,0.32677501837856726,5.72874247140609,6.42427057467076,6.62897963624547,6.7893592729044006,7.38125590475137,0.04945175527326449,1.0242180089276134,0.18570116542593063
YTZD_at,71.0,6.875946652506362,0.6087726199833878,5.24505488803714,6.467536450038645,6.91050022573179,7.1752553170035,8.62399206770703,0.08853655369206263,2.618072616059813,1.4205582046348528
YTZE_at,71.0,8.19775803740804,0.6881162215223767,6.48361970659312,7.776357732299305,8.28919326829697,8.629450591760762,9.69490392807419,0.08393956230256641,1.8530402346603707,-0.28166788530518794
YTZF_at,71.0,7.380914857816332,0.1973861110943893,6.83453554077014,7.26158968937766,7.36172148760062,7.500168111534061,7.87768020050347,0.026742770360690303,0.6531918597019487,0.37087583457360784
YTZG_at,71.0,7.9474593020462745,0.23614597253897757,7.49050575206918,7.769378466925465,7.91990896025322,8.076912999764845,8.54118574160579,0.02971339186073917,0.635455931067386,-0.283755965278917
YTZH_at,71.0,7.675382495732829,0.5221652729557648,6.35254575704738,7.38203750485354,7.77613431681042,8.05368228791787,8.69481274684334,0.06803117281074467,1.5195028505132382,-0.05181199144561033
YUAA_at,71.0,6.549092664816766,0.40499043101773546,5.62678161127367,6.298182223052265,6.55401668631859,6.84938166882195,7.58176865125946,0.06183916639222977,1.2150808630968768,0.043764725268403915
YUAB_at,71.0,6.827235738741938,0.4400305240305521,5.79474872107425,6.514413166288556,6.89604341928731,7.09799877146149,7.78844971824522,0.06445222354540185,1.1694513961144635,-0.3189996902925367
YUAC_at,71.0,7.077337371498346,0.3131078296618474,6.28251728820675,6.83860926530076,7.04928470278314,7.29088015700761,8.05642804358944,0.044240907734988934,1.0531967919192367,0.42855880212669506
YUAD_at,71.0,8.754040294910489,0.4125807654998218,8.03462406256251,8.45995772299324,8.70401366143163,9.033511005361895,10.0079370116199,0.04713032515279741,1.4676733604017165,0.6335601089834673
YUAE_at,71.0,9.901431864564444,0.7115597057386479,7.54601896708752,9.542662946429665,10.1329211622616,10.3610295387674,11.0925969622882,0.07186432381413442,2.701396060017635,0.8867711408842309
YUAF_at,71.0,7.575983042646856,0.2505991418154008,6.86780332649322,7.458849426319805,7.54595194113941,7.69323564537256,8.39210575581668,0.03307810226141265,1.1415347407810554,1.6901839789214463
YUAG_at,71.0,8.055763668284303,0.2940861134433712,7.41517485497798,7.84684050590155,8.04270560100791,8.26805451806177,8.82806758254731,0.03650629854016124,0.8629429509761128,-0.02606459679312323
YUAI_at,71.0,8.270575423417926,0.3663973467214099,7.21620266550069,8.00528106284656,8.27593832396097,8.504357914549349,9.05661838472465,0.04430131254035421,1.0732321210798441,-0.031541313901189305
YUAJ_at,71.0,6.816281250457251,0.2395265755671035,6.23331324137528,6.7005118661900855,6.85515400413723,6.94537580507356,7.41128635169664,0.03514035978944318,0.8022795227768273,0.41347191723900467
YUBA_at,71.0,7.3935543687927785,0.2501326892618756,6.86639444669338,7.24912541122418,7.39859480601572,7.5283051717704,8.05173708094849,0.03383118278235064,0.7762058391122064,0.15272378012935262
YUBB_at,71.0,7.78648927749326,0.22342168249632732,7.12812622845627,7.6325169327328,7.82322271092684,7.959188596198975,8.26019834924793,0.028693506731220272,0.5919566496588263,-0.3276351120434202
YUBC_at,71.0,6.65645870329514,0.49539996329170205,5.59111464996207,6.275578727943024,6.7652887410164,7.025064400889355,7.76505861286616,0.07442395204021392,1.1752441726600078,-0.6211306498876392
YUBD_at,71.0,6.959828022088752,0.299980637562543,6.27391485160498,6.800275282006135,6.93230217674625,7.1645681412519995,7.64645280020998,0.043101731337395054,0.8466074486473479,-0.14477317400059908
YUBE_at,71.0,6.495095214380111,0.24582571359429714,5.88915706608776,6.344804382040065,6.47915034215032,6.64254289273096,7.1710831399755,0.03784789991223533,0.8150904203345507,0.3777751307232009
YUBF_at,71.0,7.443842012699179,0.5274502095383624,6.3847646134388,7.01204522934116,7.29966684525594,7.940055584820675,8.45968932267282,0.07085725471316202,1.0001538338880713,-1.1252456373436952
YUBG_at,71.0,6.471325969561549,0.41615341058555777,5.75628565256057,6.111378491786135,6.51076816485995,6.772392410540794,7.36959159633323,0.06430728610225663,0.9097999149909669,-0.81817876932279
YUEB_at,71.0,6.5273299941331375,0.4265236088258948,5.76740429083946,6.20330891020924,6.51652118002912,6.76525304065307,7.50959800104784,0.06534426928150723,1.081254668419728,-0.4488316841586375
YUEC_at,71.0,7.491312440898874,0.24849969697070337,7.04036375071288,7.352838003047426,7.44765716847479,7.62985476072532,8.22289623566349,0.03317171709646197,0.7736047034079194,0.16323246653606382
YUED_at,71.0,7.779141492744517,0.3017071603018249,7.1857163434473,7.543359316045075,7.79044374262371,7.98922239687895,8.42078911364743,0.03878412040496016,0.7108657658816423,-0.638250742791393
YUEE_at,71.0,9.088533940621817,0.2930387500003267,8.63080481966764,8.87152550954877,9.04950480405281,9.267451424293945,10.0046490142019,0.03224268643489025,1.117413740003511,0.9045076961035168
YUEF_at,71.0,6.095402621773129,0.29137490265260474,5.44435882408494,5.92606327716335,6.09635388029544,6.24051347446714,7.19071991627232,0.04780240465359857,1.522823020401708,2.4007747557025896
YUEG_at,71.0,8.138609998271301,0.3917635679263576,7.01445887487758,7.862211212836845,8.18607539012441,8.40553665665712,8.93938853570281,0.048136422314077096,1.1543558616413983,-0.01310255790646142
YUEH_at,71.0,7.4198035508243345,0.3583788427424479,6.74034997512559,7.126565469124625,7.42281767045183,7.59133105991069,8.31799600840922,0.04830031419128776,1.1311028751510945,0.20882977694853055
YUEI_at,71.0,8.103776994848396,0.2940038869130363,7.49918805598155,7.908778966478015,8.08089238015898,8.296687231782174,8.85345812351413,0.03627985902128548,0.9347051034402923,0.23324805460779086
YUEJ_at,71.0,8.01335118302966,0.5162250127103354,7.0474112035969,7.70951175090587,7.99008904898476,8.296395311649729,9.33095797657774,0.06442061516080502,1.400730842633413,-0.25996847529361133
YUEK_at,71.0,8.82203722060889,0.39895309093549114,7.94208061775287,8.55714827967139,8.77529922108776,9.054268798882735,9.68636561864769,0.04522233141382686,1.1295235739867664,-0.1352310257598699
YUFK_at,71.0,6.32446044810854,0.23014925800938824,5.80249468444477,6.1741876082719305,6.30765618733145,6.481768206879146,7.09447523694641,0.036390338732882596,0.9018792143777727,1.0161886916390301
YUFL_at,71.0,8.013723186019666,0.21379401684124946,7.39978901175546,7.864677241511175,7.99120817006708,8.158351213002906,8.54435419126241,0.026678487873679445,0.6403922304024339,0.03857613662017023
YUFM_at,71.0,8.213781126908664,0.19141741445552846,7.68935827316924,8.053943029923811,8.24965802921636,8.377507768791741,8.56446610588007,0.023304421130536046,0.47904530748081364,-0.4831579606351024
YUFN_at,71.0,7.9161328386317384,0.2844500462280531,7.17933626289572,7.7320164455920555,7.89943443605794,8.10075591533274,8.55847244283921,0.03593295514697537,0.8291762186635112,-0.04650560679153992
YUFO_at,71.0,7.456193827411459,0.22846115257349903,7.00395625378165,7.30790129804422,7.4513536283465,7.590599660361875,8.01231525973036,0.03064045246967689,0.6762800318413885,0.0012876240349060097
YUFP_at,71.0,7.49663380548265,0.2536614680833589,6.991438776461,7.3780519047210955,7.475325443923,7.631765507903615,8.45279234211812,0.033836715873442294,1.2458913165744803,2.067557251750282
YUFQ_at,71.0,7.756479027211398,0.32357256054731665,6.97928402464266,7.52749415198652,7.72832742415142,7.929835473009129,8.8514205981563,0.041716423058987775,1.2811858032958492,1.0594202547870362
YUFR_at,71.0,6.064730388758821,0.3539690188682829,5.26783800357469,5.796987368640226,6.09232894944446,6.306843949495625,6.95934183816671,0.05836516978963752,0.9729386732186469,-0.22265185979529178
YUFS_at,71.0,8.37247886536747,0.40480987036232835,7.48346116471116,8.09631602816894,8.34541265899129,8.636946476903145,9.6471517865318,0.04835006177642482,1.412910995006751,0.562627557442684
YUGE_at,71.0,8.839967753353672,0.18958226438506845,8.4180847008531,8.721033942849147,8.85115704423783,8.947411496701296,9.38167531766376,0.021446035740701145,0.6805699334419434,0.6680143821800568
YUGF_at,71.0,7.671922960620175,0.30892269057162486,7.07885146792059,7.500799987435055,7.66508310912451,7.83617715307677,8.6445541990365,0.040266657024232225,1.026885159386556,0.38662666452617067
YUGG_at,71.0,8.098634033448262,0.41409108529018795,7.21422575209119,7.7820599371710255,8.07427905099462,8.372522940792841,9.37146279886019,0.05113097882679296,1.434714895144128,0.5355481047751107
YUGH_at,71.0,8.729344346876262,0.4219173206634567,7.95861645074941,8.431609409827061,8.69942168335189,9.008849424612904,9.56588521973743,0.04833321998741372,0.9209314067943645,-0.8218669131380816
YUGI_at,71.0,9.125633649958946,0.5004008807790277,7.57502618422536,8.821693225835379,9.15096338014794,9.504078894866165,10.2288523638595,0.05483464491052398,1.7068372139818573,0.4785908501580405
YUGJ_at,71.0,9.380417312506395,0.572819500561932,7.79651127747744,9.005452560441476,9.41164575116752,9.84086763316633,10.2485520545397,0.06106546025390824,1.5133221373436059,-0.335704377100023
YUGK_at,71.0,7.025932644352775,0.270994563801972,6.4440464164507,6.876089651893979,6.99624031441059,7.197517337249785,7.69930657039712,0.038570617954868804,0.784059234899043,-0.06953468926217399
YUGM_at,71.0,10.036461651985984,0.6849644891165318,8.52691317949435,9.720360945516092,10.1625123720331,10.4584891907595,11.303357836717,0.06824760686262306,1.7309426428242825,-0.45728748805583397
YUGN_at,71.0,9.683550696302163,0.5525276757612657,8.45435869132018,9.325372687399664,9.75923564152649,10.080333758414099,10.5987094068034,0.05705837590877263,1.2431469484647946,-0.7507166563101317
YUGO_at,71.0,6.044216710652311,0.28929834088334716,5.35869703053083,5.89058166862929,6.03818090578846,6.16845572161498,6.9768640107998,0.0478636612041869,1.1241921459365651,0.9815182918898051
YUGP_at,71.0,8.354291114182065,0.40905940931305285,7.43932736731546,8.00776589327419,8.36895718303836,8.62958380954187,9.17418261032313,0.048963987934133923,0.9204079765846805,-0.7505764726547319
YUGS_at,71.0,8.034760073826236,0.23244810481113848,7.50152838672442,7.85716074829498,8.07007601058496,8.19376956100597,8.53812662700877,0.028930310634707513,0.5746876509629291,-0.515234667451407
YUGT_at,71.0,6.775187304853475,0.2874622475401672,6.26075390797154,6.58531907115573,6.76176333281839,6.954473312838839,7.52883742479109,0.04242867903212664,0.8051175473352338,-0.16746412199079908
YUGU_at,71.0,8.07881544370025,0.38170262709490205,7.1396760045092,7.824559479192105,8.00621708187564,8.360103306009893,9.09775958673425,0.04724735077251313,1.124023493558469,-0.015008750335181453
YUIA_at,71.0,10.884983551169856,0.7846664824714443,8.782492567779,10.4966318756875,10.9386441042342,11.474570170735,12.5287112783654,0.07208706184834912,2.5644264149708462,0.3274269568427113
YUIB_at,71.0,10.696186825521677,0.6672797314104761,9.24925774002715,10.18624355376965,10.8445989069698,11.140563686426201,12.0591792220942,0.06238482389053927,1.4957860779757526,-0.7595147290284716
YUIC_at,71.0,7.738965090503055,0.21552028678986637,7.27155226816309,7.586697332247095,7.75448181279516,7.853523743880764,8.27268095219938,0.027848721924633585,0.5973381401253156,-0.19834665107998006
YUID_at,71.0,6.365098404276484,0.3374430388023499,5.69691577884749,6.11423107708595,6.34965820251372,6.534584952153105,7.40332778920867,0.053014583179991984,1.1787387088303354,0.5656356969896237
YUIE_at,71.0,8.379471563342657,0.39361592590695704,7.13358595149502,8.17422924576214,8.34199479848372,8.579159607230645,9.30555842403504,0.046973836348928384,1.5434973560240055,1.0190025757301857
YUIF_at,71.0,8.162511511315628,0.29589299569326005,7.40013399556001,7.96952907258428,8.12424915970883,8.394385447339964,8.98344331018643,0.03625023931458667,0.9342494926165719,0.21012616317433386
YUIG_at,71.0,8.93138564183481,0.7460761940592939,6.38894789574838,8.51666233999893,9.05459951546163,9.451119195835346,9.97834975858263,0.0835342044312426,3.0701090820128436,1.2240743633824875
YUIH_at,71.0,6.5015296533605165,0.24920002679698255,6.06051363406502,6.315787678944595,6.47500074928167,6.672748046002125,7.13937715550819,0.038329445543353914,0.6779440452798499,-0.2524825778555755
YUII_at,71.0,7.530532775966536,0.36269168273453084,6.60564475031473,7.33713896911139,7.54352520728272,7.75070396907266,8.34116583827061,0.04816281842528462,1.218187323308139,0.4233213752947367
YUKA_at,71.0,6.62439784662056,0.2979589165893854,5.96947583736351,6.389677774667945,6.62311367586407,6.8721885403160545,7.24376336483622,0.04497901899738544,0.6485836593238007,-0.8281925679062443
YUKB_at,71.0,7.342872004151581,0.20267964517975193,6.87259259722573,7.2556714741108,7.35597452221765,7.43053412837203,7.8836395671216,0.027602230444049553,0.680825998286909,0.42372687737782533
YUKC_at,71.0,6.327988456013062,0.31079542090261714,5.59369760234323,6.138122336547029,6.35575210804477,6.47809253688905,7.16180089696576,0.049114410221037796,1.0218379584344843,0.3482239353909975
YUKD_at,71.0,7.669726333428158,0.34007821092727997,6.82077604995882,7.472163836829815,7.65598394033185,7.8977186678349796,8.58663568125342,0.044340331863610874,1.207066590709462,0.6251740789004825
YUKE_at,71.0,9.004773490388734,0.8875961123291922,7.43478355866024,8.302351812041135,8.91874317183567,9.45687247088405,11.042929394445,0.09856951019107477,2.437586406193145,-0.2251676918130987
YUKF_at,71.0,6.580674115871154,0.20040576621135647,6.16168801550452,6.45088949151523,6.5647043592739,6.701481092915451,7.18813926539949,0.030453683419457193,0.7750933152002453,0.9621345501626228
YUKJ_at,71.0,8.521396326302638,0.5326313469170237,7.59612741734955,8.12689389765493,8.4396558134794,8.88347828258284,10.2592715983734,0.06250517245313104,1.8599611231023288,0.5644442060470838
YULB_at,71.0,7.215596344311832,0.2308901576103725,6.20120248114599,7.0940034025217145,7.20117879072402,7.351457496465855,7.69059834769942,0.03199876303950772,1.6422373428665016,4.398032630571205
YULC_at,71.0,8.341338633354578,0.16814419711650153,7.87321750374642,8.21747539136324,8.34791907423305,8.471935710517574,8.6919945079783,0.020157939211836094,0.4686777808286133,-0.18167393182221359
YULD_at,71.0,7.5649376359384695,0.36478188036086057,6.85436261123737,7.3225439583312095,7.51541422837506,7.78514565101737,8.45003315662023,0.048220077668308166,1.1022948282163811,0.06655173800784242
YULE_at,71.0,8.307367188301278,0.2493469741232223,7.67106777991282,8.134300589000851,8.28984551799279,8.4617896491673,8.8670022527684,0.030015162261559997,0.6817120252655116,-0.23817984699704553
YULF_at,71.0,7.664004142726044,0.37821193114082985,6.81411333272184,7.47133416153795,7.62239778981621,7.794791533610585,8.61007416502741,0.04934912926681978,1.3756650930001968,0.7182520388958458
YUMB_at,71.0,8.105307156029287,0.3417515349120494,7.27120943655117,7.86191189380893,8.11784893591039,8.32779654932291,8.99646634591238,0.042163921531071284,0.9468104599800623,-0.19955943677735766
YUMC_at,71.0,7.5565068479174045,0.43320027809959416,6.50699426032607,7.23777108387196,7.50353487546398,7.86254142037745,8.49774425532319,0.05732811295195021,1.0306822642304652,-0.6138096585500956
YUMD_at,71.0,8.062087086227214,0.4897209241511521,7.40957881044592,7.75907352364502,7.97366752817305,8.24480239384248,10.2709274908641,0.06074369067381596,4.883606406813885,7.425832335647025
YUNA_at,71.0,7.170893832925562,0.3459169724278025,6.31083147371946,6.950699905667185,7.20431708140132,7.42461259796404,8.02783347862758,0.048239031351922305,1.010709121099258,-0.03929446310630347
YUNB_at,71.0,7.709559825122635,0.36343720513854044,6.87718533178731,7.4800905929118855,7.70852934633695,7.945794491451769,8.58482516069061,0.047141109658975805,0.9798413883667421,-0.278361314289576
YUNC_at,71.0,8.205206218588605,0.2934668185615105,7.3489357419466,8.04134698925579,8.16904618054188,8.35690667689813,8.89202367933446,0.035765928453653215,0.9873364698716577,0.4293016684965063
YUND_at,71.0,7.900551334960864,0.2318539814688458,7.37860934128547,7.761084684476955,7.90422929517171,8.02941671499807,8.48803895485302,0.02934655717542962,0.7359439713349675,0.22789364164622183
YUNE_at,71.0,7.362509526184908,0.2835374474915724,6.67845559768486,7.21657781500375,7.34964524326904,7.519444502468825,8.0194661351405,0.0385109786932249,0.865880090209468,0.10049313028344642
YUNF_at,71.0,7.264202152657845,0.19021508963349634,6.78434347187143,7.118996418237395,7.25074644336721,7.38156772984272,7.73836529405328,0.026185269302272923,0.546584247526082,-0.09045630563611518
YUNG_at,71.0,8.425000370213715,0.4897296242027192,7.28901144811261,8.152869683845156,8.50806316031323,8.749172581953026,9.52317003157374,0.058128142751677575,1.229686343526909,-0.47433994046489136
YUNH_at,71.0,7.7279893871612195,0.2546268955288867,7.06135055772105,7.579847700793905,7.697397317465,7.84702919728675,8.74416739671441,0.03294866009416463,1.5211178343894094,3.1923227997499666
YUNI_at,71.0,6.7992677737496106,0.25474214381119537,6.18004012115698,6.663417144955661,6.84813267298449,6.93612791727648,7.52448342473307,0.037466114335825314,0.9459857481770809,0.7989521623550404
YUNJ_at,71.0,7.347291333273401,0.33629532300171805,6.52749475176407,7.107568235400175,7.38300490541589,7.59308827858966,8.05975474719397,0.04577133364492437,0.8742191145712463,-0.38051941127695565
YUNK_at,71.0,8.103164418600182,0.2681739656107206,7.50158746127818,7.927146132912656,8.0803615435255,8.258756563273085,8.99415776595723,0.03309496781222262,1.206475752787541,1.6305010706867495
YUNL_at,71.0,7.636616933740217,0.2616589502303708,7.11959894582352,7.466361776888435,7.64270574732382,7.78814410253526,8.40973724379547,0.034263726005989016,0.8787896954558876,0.4230993183970968
YUNM_at,71.0,8.925622188211646,0.26696664969068584,8.28113912346021,8.774408268976066,8.92870729381749,9.09783833921177,9.83059318572332,0.029910144532364052,1.1409906795119351,1.3923211517017817
YURB_at,71.0,6.914473206378175,0.23701071469219595,6.44177118814107,6.77477245776767,6.90934852228339,7.04732082363263,7.98088868582598,0.03427747966013784,1.7503699951715994,4.686624344694672
YURC_at,71.0,7.595408710118698,0.35509866160714004,6.98802344324383,7.369685315971135,7.56572645880895,7.766604831254005,8.82864412645345,0.046751751638338196,1.58484474416313,1.592654618161224
YURD_at,71.0,7.571886267366808,0.2900742442561994,6.91280333356176,7.417099255445105,7.56332677634977,7.722946277291305,8.48941342779257,0.03830937682019296,1.115096076819179,0.937310317801507
YURE_at,71.0,7.230120651027882,0.2609027893794165,6.688507509932,7.052864606776155,7.25189507251121,7.376361201352125,8.2015026119179,0.03608553743046112,1.2218025770545644,1.8254572160770035
YURF_at,71.0,7.734828341885737,0.2407499020120986,7.27389734455964,7.57137581439589,7.71005801305701,7.83892200753449,8.55789406816707,0.03112543567494404,0.996605292315214,1.250100351885326
YURG_at,71.0,8.68379809966772,0.32565635381838764,7.92953345476923,8.485113531218154,8.66448555990413,8.886908090034666,9.51247937774514,0.03750160357031431,1.0139411758083756,0.1636876292736451
YURH_at,71.0,8.482322823722312,0.3115888211678685,7.8566416101508,8.27354158465899,8.49024303442525,8.612921183277596,9.49031180415365,0.03673390268718085,1.114928172450077,0.6556936022819144
YURI_at,71.0,8.226079550642142,0.40297216936485325,7.33812061311761,8.00533385478827,8.20503338828119,8.419494168094946,9.60478099991767,0.04898714714391457,1.6292203642056378,1.1478414059828843
YURJ_at,71.0,8.070188314666556,0.2140920514580154,7.68116993311079,7.9325998640475195,8.01943572552207,8.193889383110669,8.84548854764213,0.026528755353692295,0.9250613632473186,1.4420338395822059
YURK_at,71.0,7.836510899790585,0.2657957245809367,7.14780435713945,7.68911921854268,7.85661029385042,8.00598362357705,8.31762297476507,0.033917610525883345,0.7451789482584423,-0.16449836350555902
YURL_at,71.0,7.678798201755395,0.2914602372960237,7.10918718686213,7.487600597043665,7.62839749670236,7.826346327319805,8.95525218164216,0.03795649132039895,2.0930382112483126,4.470645570509059
YURM_at,71.0,7.593150757208866,0.30865584111225375,6.92177534532981,7.359118928583724,7.60966853465404,7.742837215237856,8.24629721831776,0.04064924442850273,0.7783970376884545,-0.4627525685490239
YURN_at,71.0,7.649742425253379,0.25669975487701086,7.08167377004113,7.50968654416051,7.66510040185248,7.794885633089135,8.34359012672817,0.03355665336254878,0.7949197370685626,0.1458566220821198
YURO_at,71.0,8.10242095690555,0.2975515730904769,7.46775197576856,7.90518586688342,8.10015166816394,8.2674878176455,8.8131397534076,0.03672378597373158,0.8631309786015141,-0.06158060665002818
YURP_at,71.0,6.814797081255484,0.34681894778565747,6.26288362017058,6.632333919385515,6.80016042514273,6.964621849475405,8.69140889568425,0.05089204324800869,4.6786240163019635,11.150648244639816
YURQ_at,71.0,8.525637909004777,0.33673021058483876,7.52919657391797,8.297273964667305,8.50197216660356,8.75049125880786,9.3440774957055,0.03949618951435697,1.1003951435978871,0.3271197536627972
YURR_at,71.0,7.828022566798306,0.2483735588695094,7.33484136760776,7.65115453392385,7.80413477753103,8.010800676558024,8.42817842602008,0.031728773997530164,0.6117650737905482,-0.5250204580973388
YURS_at,71.0,5.42583803092578,0.3698582685532588,4.82758550347953,5.09150195764163,5.41087301297033,5.71340530225144,6.25008732869483,0.06816610935401476,0.7607147884167883,-0.9552318563132816
YURT_at,71.0,7.768098580576736,0.31142999236800195,7.07503633849645,7.571021548067796,7.71106425320815,7.93539921131803,8.62686728309178,0.040090890857989094,1.0325251236500663,0.37746563243676334
YURU_at,71.0,9.71951159298685,0.6655043089246282,7.90394183142594,9.483369524139011,9.84885248831964,10.222271832789101,10.6818655802198,0.06847096199821659,2.294028793999857,0.5168287656938437
YURV_at,71.0,9.626373080376052,0.63749799715013,7.81953049454967,9.35882061639529,9.68893740729222,10.064636070000951,10.6864104926722,0.06622411076604838,2.330082523045198,0.7370530875226504
YURW_at,71.0,9.563477840443914,0.6543713792022957,7.94585428655112,9.27016927513048,9.6446826865333,10.066256262310748,10.4651387002186,0.06842399701445027,2.1827050895966846,0.39879341401114
YURX_at,71.0,9.926452288466734,0.6063582817611348,8.14857340858511,9.70922915467941,9.93135699528593,10.41701604365325,10.8006191643346,0.061085095071241664,2.169396921588659,0.6552110736663881
YURY_at,71.0,9.252393576473347,0.7039774734243475,7.69397801798859,8.760534808884875,9.29586027403778,9.830303300470856,10.5503045073251,0.07608598441103889,1.7201543983787446,-0.545778929236616
YURZ_at,71.0,8.010406865167885,0.20698819060639947,7.5665364393935,7.87343422580895,7.99628573456979,8.13766616092042,8.54825461199257,0.025839909768685804,0.5545436543669008,-0.2962900613597088
YUSA_at,71.0,9.168799965613053,0.6952756917573132,7.35580417837316,8.58877028813587,9.24031454889375,9.71566720566284,10.4880215382269,0.07583060971609114,1.7419025241502784,-0.4802785903869333
YUSB_at,71.0,7.336918143185599,0.4438446676349548,6.49583732588835,7.062735889974485,7.25049224125881,7.7148876690591095,8.32744722598018,0.060494700768495,1.0965813591772562,-0.5170182497720757
YUSC_at,71.0,8.208429712567238,0.325006748175314,7.69618002870498,7.97150100170194,8.14313958429826,8.42478544178713,8.90710958958294,0.03959426584084937,0.7519049424030468,-0.6833981285772923
YUSD_at,71.0,8.766826880505398,0.7822835100832329,6.80412982643325,8.289126558958305,8.89461978598615,9.35498422722366,9.95210546544924,0.08923222971617926,2.1413302361199835,-0.23469419245623246
YUSE_at,71.0,8.395732360268926,0.6996587953214671,6.94162528361333,7.934232937172575,8.47349854650008,8.93030028832581,9.56803590926597,0.08333505229781481,1.7544599812477781,-0.4778931247566285
YUSF_at,71.0,9.24593231512875,0.6321853644290202,7.78258873315812,8.826773983639434,9.38340217441238,9.707503861498914,10.3655448304432,0.068374431358815,1.5388140933865064,-0.5556903821686059
YUSG_at,71.0,8.957122675315087,0.8641907992661199,6.91884716840385,8.554788950261925,9.0890863854054,9.618224404470634,10.3182045926473,0.09648084888328494,2.293770520106813,-0.32261966449702983
YUSH_at,71.0,9.306048845068434,0.7765766697980004,7.39711208021943,8.946207823381979,9.43503002682892,9.89844968959753,10.6366449205988,0.08344859163398145,2.1101172099919934,-0.25595282998115154
YUSI_at,71.0,8.644144637317371,0.5224533600142892,7.79033028128819,8.218340149622355,8.4982472414472,8.980558913996184,10.0568883468623,0.060440145547637165,1.487141616342317,-0.11909547941049237
YUSJ_at,71.0,7.585398598865379,0.30127674403501187,6.98092589632517,7.3914778270080745,7.5421173022511,7.772189193105614,8.53848306967935,0.03971798450777217,1.0453867071439285,0.5409721082351973
YUSK_at,71.0,8.211426961255782,0.311724534032386,7.38127360215144,8.065670208390266,8.19554535941067,8.39030182955487,8.97865316599541,0.03796228542288752,0.9824352029434256,0.20401004310168158
YUSL_at,71.0,7.8281560441856035,0.29117563485464515,7.22983876584709,7.599074307293225,7.82395724942271,8.056263703623351,8.43038327297455,0.03719594157437844,0.7004282774033997,-0.5859730990903551
YUSM_at,71.0,7.568814642160411,0.35779211173732406,6.66838173123105,7.329380676770855,7.54250794672589,7.82365446586595,8.33330708494768,0.047271881880198534,0.9292920941190269,-0.3829139922907028
YUSN_at,71.0,7.078544542820855,0.47522216868872624,5.84309091574603,6.69933193042584,7.05334563028355,7.452125146549575,8.19988351463074,0.06713557650360515,1.2038152809464016,-0.4508195910884072
YUSO_at,71.0,7.678661930197807,0.21795347240718843,7.20497663014469,7.5737679263887046,7.66112023312772,7.792875942520364,8.13694116786403,0.028384303722246804,0.5911862008050007,-0.26099468143495486
YUSP_at,71.0,7.369448363207073,0.21643804607444717,6.84688390336405,7.241136070770805,7.36708649499068,7.50389411918033,7.96080717027049,0.029369640087993858,0.6857798465226671,0.22186995615732918
YUSQ_at,71.0,7.421630241799703,0.21357174726934627,6.83941661123009,7.2925352342891,7.37724374412791,7.518457648673535,7.97727606810972,0.02877693179410624,0.8217216867948458,0.94085296224101
YUSR_at,71.0,8.155650137145738,0.3080738740743997,7.45121568416488,8.007004792422766,8.1645180835516,8.316688256350865,9.212529076553,0.037774287628063626,1.2941645698239699,1.3149404990632627
YUSS_at,71.0,8.284144315951048,0.21623568777250965,7.68448245356401,8.17499500770785,8.29600414818832,8.40346361971663,8.8365129786849,0.026102356444485126,0.8738802141608597,1.146065131523085
YUST_at,71.0,7.799621207604117,0.27213786546147023,6.88931619294067,7.63152959817273,7.80790245988163,7.952622572736155,8.47987575572235,0.03489116435502711,1.1255817646533286,1.2463778667482384
YUSU_at,71.0,7.964365576038346,0.5902572402158827,6.07557027100028,7.760337805249085,8.07407754273155,8.3164614882065,9.10555991714102,0.07411227354903639,2.334081650171381,1.0539627870955632
YUSV_at,71.0,6.814988199278743,0.22931742940892844,6.21124230071773,6.647390198385745,6.82649285324461,6.96778051960652,7.45739895381782,0.03364898407794719,0.8118387241439633,0.6154970283142154
YUSW_at,71.0,7.07167656538186,0.29023921550037246,6.27053671128995,6.882731179862695,7.06900443561152,7.228719783279855,7.85870330832869,0.041042490110646056,1.0258895672197785,0.6095619324977521
YUSX_at,71.0,8.532814687657819,0.34935455907105917,7.96335030139049,8.29348065975886,8.48880240602299,8.748353311507834,9.48010910670078,0.040942475825284076,0.9696679921189972,-0.19412332132472843
YUSY_at,71.0,7.86278612956953,0.35618924696378473,7.09464554244933,7.6004221153786595,7.83618551207754,8.115756364990276,8.67302844533856,0.04530064039568189,0.9082101229743093,-0.43320771552728
YUSZ_at,71.0,7.645827453138874,0.21192547156908265,7.00706841494522,7.52362427357317,7.62900625344729,7.77814747730748,8.2077711269784,0.027717794165244992,0.7882573052882789,0.8053043572679264
YUTB_at,71.0,8.951516650184063,0.4534740347353955,7.82187807139005,8.673567164936165,8.9791447110633,9.27873114026566,9.80279934251715,0.05065890535165022,1.1506664879694926,-0.44628336799032997
YUTC_at,71.0,8.114064686988245,0.21165667034267602,7.64078563677749,7.979465959004051,8.11823822515984,8.21951978928468,8.72223210909142,0.02608515935078626,0.7440541451013096,0.5891773293435247
YUTD_at,71.0,8.424738320265483,0.45555998072321485,7.58610354958336,8.008023840106445,8.51579373129643,8.761250627975556,9.23763780557806,0.05407408080882198,0.8515452001248653,-1.1538103702094318
YUTE_at,71.0,8.313464011609224,0.379427001821601,7.55706466557114,8.02436368051627,8.23915323870355,8.600787642212776,9.05618512956296,0.04564006066445411,0.80435122034861,-0.8883813905389091
YUTF_at,71.0,8.708104133154883,0.259036857765455,8.176640859636,8.521246031677995,8.70058556938035,8.89865339311772,9.18774431251419,0.02974664218577825,0.5723574027654256,-0.7934585231463895
YUTG_at,71.0,7.124460463981735,0.35723898984410546,6.33507505527002,6.8830497878295755,7.0581323122865,7.3703297512400745,7.94789663421579,0.0501426026083175,0.9395577788718397,-0.34822943251629157
YUTH_at,71.0,7.228341496185507,0.2717484360425296,6.60974318425021,7.0751404118156795,7.19470342803362,7.40616244156487,7.97974102812548,0.03759485300825022,0.8953359655696483,0.3555384655966991
YUTI_at,71.0,10.438840062766257,0.8662900266082182,8.28478667567842,10.074350918718249,10.6194652691412,11.088809092665901,11.7406161155885,0.0829871921975452,2.49459426749852,-0.08397291627456438
YUTJ_at,71.0,7.8504154985718815,0.30053747029519,7.21455042845071,7.67543192529123,7.79275645478827,8.02802253962355,8.58817929460756,0.03828300175320181,0.8952516189831651,0.021068555599392802
YUTK_at,71.0,7.290512369979614,0.3423805362291202,6.52340011030055,7.012505978040185,7.31535156215988,7.5177058916244395,8.06538987646453,0.0469624792955502,0.8478795848048628,-0.5108956848787534
YUTL_at,71.0,7.7666777954530835,0.24731287369084354,7.07974558279652,7.61347999922087,7.77035831413366,7.934369554528065,8.29569108362985,0.03184281364621951,0.7793899727352839,0.20381917542449424
YUTM_at,71.0,9.324433294887275,0.47873030205356254,8.32099156483379,9.00095007040628,9.37737418590593,9.6420872970004,10.1228219407368,0.0513414903526692,1.1242285002668473,-0.646499236346278
YUXG_at,71.0,6.67399280018914,0.2291684212854143,6.07576297545792,6.5496762845565755,6.65993677110312,6.778447859470511,7.26275891862404,0.03433752899447534,0.8411214916342676,0.7532290876131702
YUXH_at,71.0,7.15568325416184,0.27907978699356334,6.40838175675703,6.96262654491688,7.1682794939485,7.29597447103715,8.0843625637852,0.039001137568693646,1.2492335270239832,1.6065764762092432
YUXI_at,71.0,8.486679909994882,0.5437649561688952,7.45087315311679,8.183316647090866,8.39282614585968,8.8003722645477,10.2357322811194,0.06407275423790823,2.0650083747771,0.8880087151641494
YUXJ_at,71.0,8.215981666365018,0.3707757685208198,7.32589480416765,7.98180549471554,8.20828740905895,8.344397256144495,9.12243501826963,0.04512860222640461,1.147123380717636,0.1428453345390852
YUXK_at,71.0,7.740442430339068,0.3291317284545281,6.97585799634632,7.538748063813995,7.69320318719568,7.955344767040145,8.5052518028993,0.04252104855976696,0.8901810235022127,-0.2692616942061572
YUXL_at,71.0,7.457652303365844,0.33250088536067596,6.71532038393272,7.23705985882851,7.45025002783608,7.66942749650432,8.42306286534835,0.04458519542545704,1.1238507511094118,0.4458240644490985
YUXN_at,71.0,7.397235606885518,0.15212887137598816,7.02590091749875,7.319480310176544,7.40961267318098,7.481095539310825,7.88136799576279,0.020565638227662112,0.6731976209858704,1.5524922528897571
YUXO_at,71.0,8.342842912035632,0.376637616919504,7.69821650442002,8.083307664629999,8.30856420332129,8.593334210456856,9.21262215887378,0.04514499684228207,0.9006679350482993,-0.6009871346404818
YUZA_at,71.0,8.04382985310522,0.4337093944914253,7.4190954052916,7.824766589729995,7.97750392115967,8.165371444339225,10.1824806841849,0.05391827057654597,5.614779484861575,10.574482554521893
YUZB_at,71.0,8.052664162213343,0.27201680113565113,7.28179212458377,7.8443051536450294,8.02724311582714,8.251323830314536,8.68164688693391,0.033779727510812395,0.8432971592258154,0.14953607068389774
YUZC_at,71.0,7.416929145179065,0.3914494297065968,6.56264473191508,7.161144751676121,7.35820123296113,7.64607139700272,8.66024881290367,0.05277783056091823,1.5707277422045673,1.1156369093471055
YUZD_at,71.0,8.621051817184451,0.26579998248117176,8.13019343880394,8.450928893997855,8.63055640779708,8.767210233556064,9.38511480717178,0.030831502711925394,0.8597560629216368,0.29187602844891014
YUZE_at,71.0,6.865118797461938,0.2726509860746468,6.25908176959863,6.67670025948326,6.83382264879476,7.048870943109675,7.44261552486744,0.03971540684415351,0.7097281481062344,-0.37680621001576853
YUZF_at,71.0,8.800717383341592,0.29851312970867117,8.16013575970259,8.59795675076232,8.77565463405641,8.98497155777299,9.67262629734837,0.033919181437834914,1.1114095939404491,0.8091680393376977
YUZG_at,71.0,8.95986457309602,0.2507485150903737,8.37835480068391,8.79172410197383,8.97516179792686,9.13256564083622,9.65335508375156,0.027985748338574416,0.7296004555433439,-0.05214405546108081
YVAA_at,71.0,8.260141314596622,0.2828128079978631,7.72951501590391,8.071270243305076,8.20052774985393,8.473250758548609,9.34258343517536,0.03423825298219781,1.2692151159757858,1.6188250963005917
YVAB_at,71.0,9.31947850398684,0.7388272079477378,7.51536288528308,9.012706850893215,9.37898754166411,9.867909938720684,10.6561255735331,0.07927774152080184,2.1654697951738244,-0.029627499032676585
YVAC_at,71.0,6.988719959653092,0.3029740796958249,6.20518960192396,6.79875429360675,6.99649419583608,7.12416926192855,7.94805282853153,0.04335187007705829,1.1537331545805687,0.8990351383462194
YVAD_at,71.0,7.780162527056979,0.3736778442255861,7.0021718714162,7.475348030994855,7.79235513891258,8.05769438976296,8.57441620406524,0.048029567881911345,0.8516905153823165,-0.719710482057216
YVAE_at,71.0,6.427573962283461,0.5585404171789655,5.5630198973013,5.974429341939665,6.37825994274499,6.7977837084125,7.75506042273032,0.08689754804167799,1.3003861148140188,-0.6678539536027848
YVAF_at,71.0,6.65414533262814,0.3165336635022438,5.98419891195093,6.43357083391963,6.62133828470697,6.857584844786415,7.43293654615037,0.047569394366868266,0.9617640093819052,0.08416426699991186
YVAG_at,71.0,8.236710741263192,0.2348988961493613,7.72903129469609,8.08803271451751,8.22369128068265,8.411837397932995,8.84427104909047,0.028518531672187496,0.6678904820685465,-0.1224283397228012
YVAI_at,71.0,7.929278607041526,0.2838869381526799,7.43163541243081,7.694827457220675,7.95510677344777,8.085352628484749,8.93489194894031,0.035802366422158075,1.130730365688785,1.0843342055223513
YVAJ_at,71.0,8.10682209850189,0.40430703947362207,7.30553103703884,7.806691716128565,8.08426629339118,8.35411911589494,9.41886614119459,0.049872445029765296,1.36948962074039,0.4535092473112141
YVAK_at,71.0,8.71010285396237,0.31246403418925045,8.20484315017662,8.51258650755268,8.61271418789352,8.89306913791996,9.94779103203033,0.03587374792561782,1.6075929689769775,2.31453786818565
YVAM_at,71.0,7.7798751493196265,0.3777384177552408,6.97928035478087,7.544712044778505,7.76657929604497,8.092215122395444,8.6107623636343,0.04855327502116472,0.8887202288759233,-0.6418560140671308
YVAN_at,71.0,8.415545157694599,0.19582298751561591,7.96044052753409,8.295713559944389,8.44833817156565,8.5314246752876,8.78151899353796,0.023269198114464252,0.5415049016250457,-0.205051443578125
YVAO_at,71.0,8.294209218038443,0.2589449644593875,7.32758356574678,8.124384238704074,8.32310229154059,8.469384928403144,8.74741133459772,0.031219970180668688,1.1046785315893701,1.3840278206213918
YVAP_at,71.0,6.680899533654227,0.28985328298544083,6.03599792291267,6.513558856355164,6.63646054303069,6.816125287155355,7.66578556781103,0.04338536772261577,1.4424571500099672,2.1362513219308177
YVAQ_at,71.0,7.3245377097028515,0.21801343800944975,6.74674696302231,7.1787310870644,7.29216157220486,7.470560397361325,7.83383693541712,0.02976480518635958,0.6343572738914242,-0.05211614935403386
YVAV_at,71.0,7.842805010580174,0.3474733747317079,7.33783397857116,7.634353315596504,7.77441310154285,7.972987799467395,9.38224592590312,0.04430473207773955,3.260480471330753,6.802368742811634
YVAW_at,71.0,4.732178582165235,0.31086996737568945,4.11055628417566,4.546196409739685,4.67869695559775,4.81960072011419,5.72990323594774,0.06569278018105756,1.5480709499247929,2.1397394222351664
YVAX_at,71.0,4.78462220753956,0.5335569759876841,3.86710804286394,4.36274217581582,4.62229988841945,5.11018233618912,6.21991836514387,0.11151496457691275,1.8174672300603256,0.47370227832361245
YVAY_at,71.0,6.775140673277109,0.571169933669686,5.76923951067865,6.395385311749355,6.7260473663337,7.164136304216605,8.31889946327307,0.08430377481644427,1.604370317881071,-0.1588423549606448
YVAZ_at,71.0,6.745625118304009,0.42077819446773534,5.68608291172863,6.482831958509335,6.70823372977554,7.014034537359345,7.76099040323415,0.062377939344119344,1.3862832586884204,0.35537601497589577
YVBA_at,71.0,7.5767750204489825,0.2852280871712929,6.94680975607316,7.421589218610475,7.55957600393443,7.726542139888441,8.89249810602526,0.03764505167455677,2.441938814344695,5.931971434282563
YVBF_at,71.0,8.343117839927231,0.260811220347741,7.80837120012481,8.188961576990295,8.33673958716505,8.516911476870625,8.96949882830878,0.03126064204674062,0.8366962572712411,0.2637698325917901
YVBG_at,71.0,6.9149786189923335,0.2789929043384767,6.41782726790359,6.76992866605973,6.87148431337545,6.9988188310972355,8.132762734069,0.04034617020683314,2.2572356133634464,5.433584605916511
YVBH_at,71.0,6.823023582915361,0.3823822167830113,5.96820538149839,6.554149118122225,6.80556279852787,7.02556925248565,7.7723741764403,0.05604292761650194,1.2251221706154543,0.25939393882867146
YVBI_at,71.0,6.208742230807271,0.28450446028207804,5.69642096972741,6.01387293303396,6.22051823431848,6.393666591579866,6.90104909391103,0.04582320375137982,0.7513836555162546,-0.33661193569370784
YVBJ_at,71.0,6.927820538086585,0.34819622194001687,6.13982048732219,6.72444787140528,6.97472972994631,7.1993905041039,7.7408816975219,0.05026057185311937,0.8991958511784383,-0.3986440927051458
YVBK_at,71.0,6.906459307679845,0.31320657237040767,6.24740434479327,6.7078547840312055,6.86994047258998,7.16043912117383,7.54666616212898,0.04534980348354883,0.7968483875488498,-0.4391733065032435
YVBQ_at,71.0,7.106937551498371,0.5323525756703281,6.19894974479045,6.724391406894715,7.05028474455449,7.29806608157109,9.19308376152937,0.07490604382165861,2.924763960906513,2.6842217546435947
YVBT_at,71.0,7.885117496366784,0.25534837664804894,7.33856120680572,7.726893942585679,7.86421253806812,8.057937769376089,8.72995473276289,0.03238358550341266,1.067536222516712,1.293636444423976
YVBU_at,71.0,6.796360030691705,0.3210039515014764,5.91929545916808,6.606551597140605,6.78263606514228,6.9720235970683095,7.57374653110615,0.04723174611878323,1.1240720044722843,0.5747311493118681
YVBV_at,71.0,6.679741286812751,0.27354195916580226,5.95978661857333,6.544341243133919,6.68808495006178,6.825110250177475,7.34028336047451,0.0409509810965034,0.9453162605569303,0.5261285711817942
YVBW_at,71.0,7.868943246187517,0.2413660576393887,7.24288218906702,7.71563572852075,7.85473402452666,8.010445018996634,8.57226714522077,0.03067324926461122,0.9610326467711725,1.0828613385812336
YVBX_at,71.0,7.774151101498259,0.24513773180882567,7.25772761591199,7.62419928840551,7.75793364603627,7.955617528440295,8.30717149726952,0.03153241152742477,0.6034710106509432,-0.5264196847934057
YVBY_at,71.0,11.490727498583297,0.45484542851478715,9.96918837097994,11.2961401344542,11.6039164890806,11.82233612657315,12.1173408761806,0.03958369290115578,1.841667686515599,1.1541807595605489
YVCA_at,71.0,6.482371178824616,0.46858087939208865,5.50403189721949,6.116118782812835,6.4430241747281,6.897991631187709,7.5977822718622,0.07228541323316381,1.1160674675879227,-0.6110829899079304
YVCB_at,71.0,7.0700904298212235,0.3560636849958368,6.12609714875907,6.82572400984184,7.0458172990319,7.2910351071524,7.92609943265654,0.05036197040620318,1.0399755329876084,-0.04042599515834411
YVCC_at,71.0,7.891300670075989,0.21870658147685032,7.50250675073429,7.7366310896386,7.86233055693697,8.047010845200365,8.44108009600074,0.027714896519681627,0.5862922116151874,-0.2945775682985441
YVCD_at,71.0,7.548019780426075,0.24528991018789406,7.10715133462877,7.37812570517612,7.5596507979397,7.69040559385556,8.41146322313151,0.03249725322977993,1.0091492147970738,1.2231221679107405
YVCE_at,71.0,7.96634408307803,0.6366540587334925,6.29422702406684,7.5216491147785,7.84505977386165,8.42428751140893,9.19628227322763,0.07991797141751157,1.616531276440328,-0.44452858784286775
YVCI_at,71.0,8.260830426193118,0.22217530651117692,7.71768509506173,8.14404706150385,8.25653139454685,8.389830924053294,8.82732383964971,0.026895032950526636,0.7265715340755653,0.32963836800954116
YVCJ_at,71.0,8.131686636069343,0.3489146406990243,7.50726380730086,7.848273267995545,8.06796618525727,8.26891176410116,9.12076647079499,0.04290802834818547,1.1006416566140074,0.2070374321734314
YVCK_at,71.0,8.677889236904866,0.32995886119990114,7.90443752902773,8.443357408472796,8.66961551230026,8.96349265543299,9.39297793562032,0.038022939932981586,0.7979598020178333,-0.572374282956353
YVCL_at,71.0,8.004756395078013,0.41990644477520095,7.20264513101263,7.69718592318415,8.00496139877602,8.200193096277186,8.99214452650832,0.05245711725011322,1.1060725506144635,-0.343952872507987
YVCN_at,71.0,8.459880322346805,0.29347260813267484,7.77862770323315,8.281888711457425,8.39990473995647,8.64466721729735,9.16661898140011,0.03468992431931523,0.8657551600497542,-0.009423351020553916
YVCP_at,71.0,7.4312048703672975,0.4133027964252744,6.56820994163694,7.07599282036072,7.39404274235312,7.7422645936276755,8.29837766573287,0.05561719850752094,0.8422371481959844,-0.975299426258522
YVCQ_at,71.0,7.3300190680678305,0.30575885495296673,6.59984003130445,7.13961435708054,7.34075131151736,7.56607010666245,8.18482878551956,0.04171324141364939,0.9153656321980473,0.03686082221928011
YVCR_at,71.0,7.051928668004822,0.3982090642228405,6.1728017328302,6.69162846536205,7.07097393329981,7.343424744504301,7.88098345808771,0.05646810723278408,0.8638462468263829,-0.8360563354166186
YVCS_at,71.0,6.585728392691286,0.3921946470042975,5.88190465721299,6.27577872371039,6.61402855196392,6.8601044733219805,7.45149094210421,0.059552204952689446,0.8972368776353007,-0.7106861466141319
YVCT_at,71.0,9.156276297799684,0.5905884266796689,7.69810683436613,8.891287240506404,9.21573826087985,9.534217392361601,10.3407785837807,0.06450093984402715,1.7102542885804952,-0.06680037333916733
YVDA_at,71.0,8.145020246742073,0.23753443290355422,7.7679402119261,7.976989671178854,8.12553471665887,8.2861529757514,8.86935412437333,0.029163148243684923,0.7900230621612403,0.3885813525811077
YVDB_at,71.0,7.842131416150693,0.23848197659080372,7.37422888406383,7.68924162121893,7.81688685201374,7.97127389088762,8.50122797797688,0.030410351973910496,0.7947133638134471,0.39541355375232445
YVDC_at,71.0,7.989162799608045,0.31336083748284416,7.15304231695567,7.805276374338749,8.02699234213335,8.209451218586814,8.76643136826181,0.039223238447239794,1.0185351903325082,0.30856416616704196
YVDD_at,71.0,9.092407058950771,0.4176073395851842,7.83152534158317,8.86220308407439,9.11849935426436,9.37269259153435,10.1364888208989,0.045929239295779446,1.4911825445635267,0.647830026954753
YVDE_at,71.0,7.752346512056447,0.32370966426897846,7.02993012411249,7.530132398089975,7.72097046383984,7.9289112629617104,8.5896381669559,0.041756346128948865,1.0872213421207915,0.42320529594523704
YVDF_at,71.0,7.2148971712114625,0.30564940404945345,6.48264723096769,7.021309393490904,7.22044401066895,7.42673732218667,7.83072933037056,0.042363653534667284,0.7884741809065343,-0.40157847863324747
YVDG_at,71.0,7.479121696784845,0.22699076517462946,6.89588415370775,7.3146392471890795,7.47762283969047,7.642157455628929,7.95646641184013,0.03034992267503939,0.5872262600691098,-0.3938104898521906
YVDH_at,71.0,7.13440391638005,0.31228019694696946,6.46486876561011,6.9136623514875595,7.15280777897465,7.323469540569954,7.98326818471559,0.04377102847092773,0.9413832752661501,0.05888077823429949
YVDI_at,71.0,7.469721068945612,0.1856243900918007,7.05214804989425,7.32486450294669,7.46329627841892,7.578366171573595,8.03507620013383,0.024850243854955954,0.642677955934099,0.5329189316059395
YVDJ_at,71.0,6.549184864651697,0.21871084470519925,6.03207295235061,6.389228617927805,6.52660504666792,6.65759371630204,7.20931789570758,0.03339512461858578,0.8104699200401829,0.7906568285584403
YVDK_at,71.0,7.639680821744075,0.2137570901487287,7.22743201947066,7.4994490361234245,7.61213041302826,7.745674826183411,8.42381518609583,0.027979845642285586,0.9735899982856862,1.6895845399914577
YVDM_at,71.0,7.134459285518566,0.2291332197641644,6.6687800149836,6.962470521321935,7.11523999008421,7.296721366572945,7.86603057515347,0.03211641003113664,0.7902926473303497,0.518946274010994
YVDO_at,71.0,7.135747775464882,0.35338901309931164,6.35691117639349,6.89460070310549,7.20546052900992,7.39373009607711,7.82455363981203,0.04952375339195463,0.9005317013069148,-0.43482085349195376
YVDP_at,71.0,6.550837386788887,0.2862985006452471,6.00017581406464,6.39127692193555,6.54034691628765,6.7010571669898,7.35283059578276,0.04370410738978608,0.8576517493599718,0.03887846558938257
YVDQ_at,71.0,7.7176362373297405,0.42873972766042373,6.85506698942299,7.456318834412276,7.696809833047,7.98806555382368,8.84589945944062,0.05555324382699402,1.2703341781880069,0.004248360408257046
YVDR_at,71.0,7.548132955525842,0.4826868717397145,6.50500702275898,7.280265873850855,7.52536061905095,7.84075821262829,8.73210070015845,0.06394784969789764,1.459611628577098,0.06881660224162278
YVDS_at,71.0,7.246402309823432,0.4363649270984488,6.13747248639347,6.9811877473977155,7.21418036117829,7.545086671742465,8.22151629209488,0.060218148046638255,1.251374040510699,-0.09657900469539493
YVDT_at,71.0,6.236905351700711,0.2650846279433041,5.70422486546792,6.091489035402905,6.18348268303067,6.356542335677155,7.04297911843516,0.04250258950474845,0.9212021242602835,0.5465514171304755
YVEA_at,71.0,7.029397398691641,0.33122842018202947,6.28514062924075,6.83233241793059,7.0692569966089,7.263510052761864,7.80987814167622,0.047120457330194467,0.872408300917594,-0.34420253765491404
YVEB_at,71.0,6.771600936084187,0.39318374778488463,5.78196059252002,6.499577452429355,6.79035300749082,7.05565962094764,7.51412048568277,0.05806363244025584,1.0179092865545627,-0.3918151818638185
YVEF_at,71.0,7.890178137853496,0.49707292408041126,6.8102543222364,7.540247861987005,7.91396705920991,8.268319782471355,8.86054964961735,0.06299894823612166,1.2059542199405857,-0.5641686364983101
YVEG_at,71.0,7.553876196557425,0.33316119019691365,6.95161810118615,7.276283200076635,7.55467267976971,7.75066731351518,8.38632349145134,0.04410466646895103,0.9448172189429056,-0.13025751957237297
YVEK_at,71.0,7.914010641264502,0.4390053913250954,6.85044679876338,7.6468050716508404,8.01247259490984,8.197519210357896,8.64884787203805,0.055471923304736805,1.161211959377655,-0.33230110689525505
YVEL_at,71.0,7.1462441396564085,0.4394817080641521,5.99365130923622,6.833345495264365,7.20655391366227,7.41404466259295,8.24500900597783,0.06149827790312274,1.4110451731883613,0.26657539757049475
YVEM_at,71.0,7.994858221823402,0.3010521539504045,7.21643241760487,7.812840827258765,7.99639559578954,8.18501519408918,8.73629020648735,0.03765572141462479,0.9861812925487413,0.3354829620963584
YVEN_at,71.0,7.315335769814832,0.25544668617938365,6.69652979050671,7.16424170286094,7.26047414095961,7.444844475487935,8.20188175907393,0.03491933852625463,1.1790925625398647,1.7543325670935221
YVEO_at,71.0,7.2998423409999145,0.28738963867821976,6.48002483804645,7.097442579387585,7.33777846304619,7.485866085661035,7.82721611096155,0.03936929391804561,0.8749179687664249,0.090449324517476
YVEP_at,71.0,7.882679603347174,0.21967888427218135,7.47774969748346,7.728520822730055,7.88368340114544,8.00643942232304,8.48145221045741,0.027868554264072896,0.6827245538442427,0.15765084989013234
YVEQ_at,71.0,5.307079187309942,0.26983400011580594,4.66860600250422,5.14596465955624,5.2860922361341,5.444172052232554,5.99877863549897,0.050844163162483295,0.803302106502781,0.01914999430664288
YVER_at,71.0,6.737544764707104,0.2519552782358794,5.76868623741988,6.629869825277655,6.7644045966013,6.86455008419779,7.5356481676607,0.03739571120264497,1.487825363606056,3.119484356876926
YVES_at,71.0,8.265063893961175,0.27662562282196496,7.66771963146138,8.130074231029685,8.20984667511222,8.460200612316545,9.05192703804241,0.033469266102598434,0.872178063738004,0.20539204318457926
YVET_at,71.0,7.264056784922599,0.40364733308619993,6.36965622035582,7.0182948753249,7.25365753641977,7.537890267722656,8.07386949611454,0.05556775573726479,1.0515958570917632,-0.3745090037984471
YVFA_at,71.0,6.683973584482378,0.3610976769103946,5.93059198973778,6.430807949141835,6.66362497939155,6.922646482341641,7.4420306065262,0.05402440215334257,0.8988904383453091,-0.49723361901090746
YVFB_at,71.0,7.516699014097627,0.5150779327819169,6.34087930213453,7.140824561678685,7.57776734910678,7.803285847265745,8.83308670036888,0.0685244855242819,1.525361902346597,0.0026284598612265064
YVFC_at,71.0,7.9698577150953005,0.24917257202205872,7.31994546562334,7.84623207118472,7.98466525811306,8.11130831779999,8.5705431649496,0.03126436894226025,0.7416524723001333,0.018554738770704127
YVFD_at,71.0,8.361160536058563,0.26862977166160046,7.38773870656705,8.24870032556418,8.3912689430914,8.557659435721945,8.86947575877149,0.03212828775420596,1.2204798129453145,1.677616471224459
YVFE_at,71.0,7.332213018116203,0.2988506340357724,6.68545259773475,7.12343126697707,7.29761443870806,7.50167263136904,7.91650532991959,0.04075858588633221,0.7559441548053952,-0.4546929802295514
YVFF_at,71.0,6.425530335022103,0.30754217098975545,5.57623413251646,6.251709357178825,6.44688198060728,6.61194287619181,7.18576974815676,0.04786253506788519,1.0598855857464673,0.5160415370343259
YVFG_at,71.0,8.122716252049447,0.5202322148969293,6.96140966599374,7.742439939889884,8.06806713182334,8.462306359150535,9.22346093748444,0.06404658229513671,1.242680933705718,-0.603775999577024
YVFH_at,71.0,9.211067362384885,0.531198058226676,8.13744227180707,8.830991781759991,9.20284609411051,9.665634205800725,10.1503416787194,0.05766954440002497,1.1337848590471553,-0.873047910291723
YVFI_at,71.0,7.869975726765358,0.2819355608429096,7.0625747935013,7.67677790056365,7.87102725953787,8.06842602932944,8.45734440393848,0.03582419700280169,0.8703589209331314,0.1356854575941857
YVFK_at,71.0,8.791474348421163,0.6638096091061518,8.1216790026879,8.50582791057853,8.6826614872803,8.905613170444195,12.7083639632244,0.07550606221416815,16.01502881876201,22.412117452449245
YVFL_at,71.0,7.755525193493876,0.8450753233641325,6.24755026929516,7.33952326203464,7.60251838912242,7.948684451351875,12.2796927957436,0.10896429349144114,13.488237446614088,13.7668777598526
YVFM_at,71.0,8.077596758781727,0.7623777149801395,7.33109657817598,7.6658484200534645,7.86381195674837,8.260809792534591,12.3892863958551,0.09438174963999098,14.87906144650607,17.531699262595666
YVFO_at,71.0,9.02201529868364,0.6051600461407715,8.49408434711012,8.762023954060675,8.93986480353601,9.08881086600471,12.4695661659826,0.0670759277285938,14.646573262451694,22.493511759339306
YVFP_at,71.0,7.506528843422344,0.37782660980720406,6.62785749894834,7.292897942211145,7.44718591475555,7.693069891932884,8.40226052310557,0.05033306574693011,1.1795201965887243,0.17250205854270995
YVFQ_at,71.0,7.197159380666116,0.3391868690779168,6.43356789473024,6.988914279339905,7.20628211799348,7.3862631942682,8.00629186258231,0.04712788075654984,1.0108438734501504,0.02251095222874344
YVFR_at,71.0,7.385108882390112,0.3533674862649719,6.57807424966228,7.172383350912774,7.37542923057416,7.615251285534455,8.44879879884002,0.04784864947727192,1.2549200231218882,0.627225858115712
YVFS_at,71.0,6.565190875322169,0.4668830631543156,5.68333052545971,6.18848505897896,6.57370267330241,6.84337060636409,7.58042932641449,0.07111492598170721,1.092131564841623,-0.656195267615904
YVFT_at,71.0,6.956541627698075,0.2909382832762834,6.43081311983919,6.730195337798505,6.95895204173789,7.1277697645571205,7.67303999332934,0.041822258651897856,0.7902529325456249,-0.2569926832372018
YVFU_at,71.0,7.8797564160147715,0.25671604238908713,7.20106914639331,7.725680025754295,7.88050507780331,8.042152241887269,8.47425628206535,0.03257918504528121,0.7914276331607021,0.13124543517791798
YVFV_at,71.0,11.213347725301622,0.5865570096909783,9.37404811351582,11.0184651611441,11.3261200980722,11.60315207835865,12.3806754561963,0.05230882195577333,2.448599971459086,1.2870985096080876
YVFW_at,71.0,11.773994683803593,0.4624359763645136,9.96916567276079,11.5532543899353,11.8956810616097,12.0421007943453,12.6701968121675,0.03927604766126185,2.661619959909279,2.9612260811140576
YVGJ_at,71.0,7.226406802979889,0.2290864922122719,6.58307810936667,7.100440303038865,7.22839304431463,7.397969245623354,7.66956819166571,0.03170130030844728,0.6715008313224811,-0.02935721838257299
YVGK_at,71.0,7.721027631689744,0.3785805234718331,6.97339210142258,7.46837976068443,7.68842359866969,7.990215871043235,8.61075401917862,0.04903240106511325,0.9307747093330172,-0.5297782111579807
YVGL_at,71.0,6.881109757580938,0.3140928468737842,6.16789703710812,6.68321728111147,6.87573353067424,7.061332938647444,7.58269153510988,0.04564566733261989,0.8475136717445345,-0.27597910317768504
YVGM_at,71.0,7.367435009280764,0.3592231736533379,6.69584188909537,7.092668285812184,7.33538803194707,7.575635611360195,8.34751019020239,0.0487582412604691,1.2290362201376845,0.4896371793734602
YVGN_at,71.0,8.812899062477827,0.6915976548510827,7.12835434673156,8.490872535341214,8.89074902472358,9.28963164961395,10.0236310290422,0.07847561284295859,1.8887218137358617,-0.24139331330110902
YVGO_at,71.0,7.379223230060655,0.4103166600176345,6.03704192336103,7.153759079233501,7.41734835428132,7.638341053609925,8.19716348704055,0.05560431595918285,1.589012845769373,0.9674606972953947
YVGP_at,71.0,9.251807620009847,0.5002351130062993,7.97867177909527,8.926503197187905,9.22847465444082,9.54998374830503,10.5452930761872,0.05406890561844247,1.6630813603090808,0.38717175115869207
YVGQ_at,71.0,9.795576904216858,0.5248471304644668,8.60600068329367,9.47805475221972,9.83946347468984,10.10541711819095,11.302323657106,0.05358001224394732,1.6200324592701623,0.13525167497465285
YVGR_at,71.0,8.787882911584441,0.4413919016769153,7.68880289609628,8.576107598737595,8.77490355132644,9.00099402465178,9.80106426995777,0.050227330759614434,1.4916440885950824,0.44520621345956535
YVGS_at,71.0,7.943581935692233,0.332120229931172,7.09483074208029,7.746387871556075,7.84381661328746,8.19426089957603,8.8587719692026,0.04180988282362695,1.0726358368733604,0.28664899591999937
YVGT_at,71.0,8.111268357094161,0.23033645663165234,7.31404761042932,7.968728407931669,8.09876324912321,8.28448857724756,8.74180367007523,0.02839709481812407,1.0352666003561881,1.6259791863109525
YVGU_at,71.0,7.687651854501666,0.43290105121039785,6.75830104844766,7.426182581813,7.59485865941766,7.9700331215504345,8.67778851072691,0.05631121952497154,1.1843882529059369,-0.23612213814042526
YVGV_at,71.0,7.361005492485464,0.49049516413232963,6.36151668140549,7.038461785932995,7.3572930459568,7.62256623605294,8.5898580465845,0.06663426139717667,1.4541775163425714,0.006115828713213034
YVGW_at,71.0,8.238027274365328,0.37633589142153856,7.37773121348543,7.9937568968784944,8.19111230024039,8.465361048161995,9.14716637622135,0.04568276832398958,1.0672211566134884,-0.13035851680878263
YVGX_at,71.0,8.08974642312412,0.27582438532943765,7.35977239560375,7.94885750726244,8.09745542398574,8.268189210985994,8.92310276376981,0.034095553915139784,0.9713358768720827,0.5957326733828001
YVGY_at,71.0,7.81950776281972,0.629145896451903,6.53994785330802,7.3739885923165644,7.83454012955552,8.258441315367095,9.91436644940488,0.08045850397941577,2.300362272292464,0.7384112911120972
YVGZ_at,71.0,7.903304349496572,0.31509877577248985,7.22571936914433,7.697796525723995,7.85416385189846,8.083324826609804,8.6789392561991,0.03986924479158659,0.86732819295013,-0.2185173467302688
YVHJ_at,71.0,7.406442352772823,0.3023380977144463,6.76737321772911,7.202788975563035,7.44159045032662,7.61069561962245,7.99987823294899,0.040820961443284176,0.7728181488922976,-0.4264923983476532
YVIA_at,71.0,7.796284359173015,0.25328410214515945,7.05158802846596,7.687736641072664,7.83499796508574,7.936834400689685,8.30089058342481,0.03248779681145781,0.9758801478976984,0.9465565023027471
YVIE_at,71.0,7.7021653783930795,0.3161289112228465,7.0561513786417,7.48356961153032,7.71066287049071,7.915044889386155,8.39158633886048,0.04104416040061726,0.7695949193184796,-0.5553564966595084
YVIF_at,71.0,5.8969761120853565,0.29475402371297676,5.26291705395441,5.684320614761525,5.88742782738178,6.094265192174085,6.74271567330222,0.049983927034892205,0.9068047425141452,0.12445666641329156
YVJA_at,71.0,7.679045859627472,0.3521983644227058,6.88413566422314,7.4416700149850445,7.68930209454826,7.886639720521195,8.56614272474973,0.045864860148105924,1.1371120039658658,0.2855384410809685
YVJB_at,71.0,7.3264018063277305,0.2400876007282275,6.74095943183857,7.19064427384689,7.3130684287781,7.462919432442585,7.9852796487177,0.03277019293712045,0.808106599514712,0.43088302164769265
YVJD_at,71.0,7.494200935358559,0.26194465513016624,6.95774103778243,7.30194673564404,7.45317228475109,7.6658696404258055,8.19966933575334,0.03495297996271747,0.6802306321479964,-0.38338784168904416
YVKA_at,71.0,7.11971568782516,0.2088501803275119,6.5831778935827,6.993922191293195,7.10491154957116,7.223597828725325,7.72911996376758,0.0293340618480945,0.8192809555373562,1.0205781965455394
YVKB_at,71.0,7.235468419508757,0.3761216798922431,6.42391027582369,6.994175009828661,7.24364592968262,7.4411739024548655,8.05858616486765,0.05198304492327249,1.0111329995698817,-0.2865427113371841
YVKC_at,71.0,6.9973781048362875,0.39997249738618584,5.85899287303828,6.782772810528245,7.03948620402021,7.275945674881585,7.91924198038327,0.057160337971409896,1.3694935164282585,0.49238683756977064
YVKN_at,71.0,6.061748751156512,0.3295241000650244,5.3929793916741,5.787042056655601,6.09986009086816,6.27654566825127,6.95963680610612,0.0543612270307566,0.916338844449302,-0.1886215538003002
YVLA_at,71.0,6.60745041643287,0.27736015824732085,5.81655918951915,6.43132798936246,6.61993105474974,6.79803739740465,7.38878250152718,0.041976880758351244,0.9764176098768175,0.5944858598499287
YVLB_at,71.0,7.532276993209385,0.33400389392335667,6.88557803330303,7.34264662025733,7.48961807766925,7.732173971413035,8.28234418578785,0.04434301795120825,0.9378854950600028,-0.15980773841178353
YVLC_at,71.0,8.33066806961334,0.3496252211782964,7.74031057399869,8.034704933971966,8.29019121342109,8.613044859670024,8.96533470107013,0.041968449379657484,0.6728120170301919,-1.0954127954838944
YVLD_at,71.0,8.023447120551726,0.3050882037016007,7.31667125866877,7.803813380028115,8.01437977890417,8.279260813974776,8.62274122006598,0.03802457959997393,0.7393623228259637,-0.566999232023512
YVMA_at,71.0,6.548634806808445,0.2414230699915123,5.83664527704086,6.40334412350387,6.56288517222352,6.71397837822653,7.15838847694895,0.036866167852345505,0.8841766745419536,0.744793947139776
YVMB_at,71.0,6.685741143788707,0.3895122609961799,5.93976695605761,6.418170733513545,6.59735631166718,6.9705751237864355,7.56542291432879,0.05826014687362683,0.9062636145210143,-0.669467208925326
YVMC_at,71.0,6.912054401642879,0.390128610731116,6.22048950752209,6.56041390830808,6.8768843282192,7.20677563530851,7.77610094917286,0.05644177375664013,0.877906372278854,-0.7503218489115437
YVNA_at,71.0,6.968966402693683,0.3788780834979628,6.17375161716654,6.633094910240575,7.02132928146389,7.228881362462995,7.79784234007194,0.05436646722123912,0.963045839091016,-0.4416368788863587
YVNB_at,71.0,6.8035703149153575,0.33751219995261433,5.86013663050168,6.5824661537943445,6.85227650907639,7.022055759208735,7.49856788667706,0.049608100501686854,0.9831035838331794,-0.04885727518762861
YVOA_at,71.0,7.850650939111587,0.2454859592107706,7.17406317093869,7.725000459965985,7.8507750510431,7.97340898703443,8.60188693805088,0.031269503779332575,1.0655950297877714,1.4631038974077644
YVOD_at,71.0,9.473322493551205,0.3734804061831406,8.59272594732874,9.196290947127054,9.46350543534194,9.73802345961778,10.3402092761434,0.039424437037520965,0.9864895000874166,-0.33627722018012296
YVOF_at,71.0,8.72287591683785,0.5370614018633117,7.3985053797288,8.4633303182055,8.75369505108393,9.002972672414526,9.66405656226218,0.06156930431930334,1.5007850452023122,-0.17417511775746508
YVPA_at,71.0,7.611084929633032,0.32346499956296687,6.98665110537767,7.3968594617403,7.5948959743048,7.83096271655085,8.40798696307521,0.0424991972305534,0.7714299273131644,-0.6078098209580061
YVPB_at,71.0,7.041804497198738,0.2736487676114224,6.35282852807894,6.882856141377875,7.02821927990302,7.206100616265845,7.65588649028762,0.038860602807175515,0.7912832924781582,-0.07129621296556676
YVQA_at,71.0,8.48166754296798,0.40989130478536284,7.90159076363245,8.22343899909346,8.37117196107479,8.583617651264074,10.284967064757,0.04832673559873228,3.0945749256341344,4.860855569712401
YVQB_at,71.0,7.87611530459441,0.3865691958952881,7.15681579954368,7.633125124036145,7.80472530513876,8.04496699454721,9.58021831193109,0.04908120068656041,2.7580264375331685,4.4213170118369005
YVQC_at,71.0,8.074910271990925,0.2255708267595701,7.39949859755793,7.959100488690695,8.06845953529427,8.22621636102892,8.5389319178123,0.027934778116606124,0.8605395669592655,0.9063577720044425
YVQE_at,71.0,7.377323570013584,0.2636404413339003,6.81140107751216,7.177303511844549,7.35939682070094,7.589581021332496,8.0924714950288,0.03573659726753924,0.7007735738620136,-0.3185699836580862
YVQF_at,71.0,7.403802336957178,0.20581235223683292,6.9183501082883,7.2770388753132345,7.40163024746857,7.5403472368588,8.05780419684111,0.02779819650363841,0.7444989552852112,0.6971617081479033
YVQG_at,71.0,7.768619809024053,0.2398452679348607,7.23614130215853,7.659517387227176,7.75475404300315,7.86651642468684,8.6558155132048,0.0308736009524183,1.5172523653471837,3.5650864728445866
YVQH_at,71.0,7.557511032584882,0.3565369927563497,6.73022451137488,7.311357003850045,7.59202776677499,7.8198361135353505,8.34300608971098,0.0471765097290773,0.88636656491181,-0.5007107025137998
YVQI_at,71.0,7.525820656763161,0.2071893038778465,6.95444135835787,7.35769552847384,7.52659858637982,7.6359693412559295,8.0465037839089,0.027530459909598508,0.7207341555566857,0.5502590184858893
YVQJ_at,71.0,6.376065496185998,0.37989093809374325,5.20595877227183,6.172489460262505,6.37055774618488,6.6066312413610095,7.22199844556719,0.05958077725534414,1.4189921920314505,0.8219909857759076
YVQK_at,71.0,7.813397404406588,0.1574367291535725,7.57286402825567,7.69481980566155,7.79814398237991,7.886838354352644,8.35435503680691,0.020149586793675896,0.6107521125392646,0.9745543097579956
YVRA_at,71.0,8.32058714976947,0.21411443040810882,7.96478701478208,8.173549744146946,8.32708705868554,8.43347338574666,9.02213706910155,0.025733091493914714,0.9030930626996705,1.332919578769542
YVRB_at,71.0,6.724077310894675,0.2769709532690647,5.77540521030064,6.554318739130135,6.67852702939413,6.8647765979048,7.40637047336326,0.04119092337327873,1.1803865942680374,1.379470387809575
YVRC_at,71.0,7.769717378094334,0.2533324561859376,7.16382153944786,7.615744754690295,7.74222491962427,7.9548188186447994,8.33279398351366,0.03260510567606669,0.7047445942400802,-0.18745518679714124
YVRD_at,71.0,8.633705977636197,0.5582724522583011,7.39248916113388,8.235189647497194,8.59003282764354,9.08116490835788,9.60714732399173,0.06466197177717063,1.319127909626638,-0.6311248908363605
YVRE_at,71.0,8.65872780555253,0.3268708034788548,8.12886878812445,8.498788062763875,8.60426745305169,8.765904498998296,10.2521749095982,0.03775044219189386,4.337176666637137,10.916303776708494
YVRG_at,71.0,7.067505695933702,0.19088763925616542,6.638990485037,6.937275293654546,7.04110183376006,7.19039006542674,7.529267488711,0.027009194964779843,0.5373471129281201,-0.15241292030285036
YVRH_at,71.0,6.510955027342704,0.2624425219376685,5.96293564777806,6.30010769395645,6.52402639018183,6.685775694112885,7.19433622922013,0.040307838225812215,0.6356225403450185,-0.5685751872895168
YVRI_at,71.0,7.415838535535976,0.3613567090478391,6.68860611320991,7.1051297098658,7.3584987406174,7.718473624294544,8.19164215115648,0.04872769374848885,0.7694370498529137,-0.8784387729786092
YVRK_at,71.0,7.632238391018147,0.47493380556057707,6.87845814781623,7.35732516408585,7.60401252402856,7.7496444258705655,9.324352450052,0.062227328501621985,3.3477786578068374,4.330588434093235
YVRL_at,71.0,6.8027276039973374,0.39018435883194635,6.0884144267739,6.499078543318395,6.8406651566536,7.05562161556439,7.79442762576382,0.05735704581242837,0.9796855675558018,-0.47446922957036985
YVRN_at,71.0,6.914692025593006,0.40354796480843064,6.12772509105678,6.602511603057235,6.92918217273766,7.147745816239255,8.03687532035772,0.05836094555112485,1.1808496707502765,-0.034695408232295666
YVRO_at,71.0,6.950489828871254,0.25883729133480377,6.51480348162345,6.76022071112247,6.93681836430351,7.1172120434505395,7.70154850541651,0.037240151083975964,0.7975494303105447,0.12953641540899863
YVRP_at,71.0,7.801683157950478,0.27906425879895286,7.13668012539789,7.616673267681936,7.79719697947607,7.94861437540579,8.41553669779518,0.03576975034093332,0.7739404776959863,-0.19651313911159285
YVSG_at,71.0,7.760810615782669,0.3489577799069159,7.04200815631824,7.4939706169188955,7.81123571861505,8.00035740263768,8.42895165218735,0.044964089085908446,0.7766311074915884,-0.77650298213731
YVSH_at,71.0,7.147734944688778,0.2993849930431946,6.29692747990337,7.03639221912766,7.15304760663607,7.302626725381385,7.92855911271283,0.04188529588183131,1.1315145084531193,0.8687920414589785
YVTA_at,71.0,9.296355386062267,0.5435377264347994,8.33708874016805,8.92562862327573,9.25978201124948,9.566674437617184,11.1575310938325,0.05846783001107169,2.44319051133036,1.6263969006834857
YVYC_at,71.0,6.046862670346493,0.4572016216876865,5.2006187677858,5.685138159954896,6.06600588724376,6.3662388091706195,7.34655519931155,0.07560972468082995,1.1998579003960166,-0.3542668884657476
YVYD_at,71.0,8.88544943706571,0.6912571558823574,7.09860442436918,8.336945070102601,8.8922387893465,9.423707082208821,10.713342949642,0.07779653249713782,1.8882718746690326,-0.2406581593758701
YVYE_at,71.0,7.557894558472515,0.26341010156689537,6.95285117353468,7.35581865425275,7.62439690628955,7.713760326824885,8.40100707711698,0.03485231231118575,0.9336506561620528,0.6199817503731171
YVYF_at,71.0,7.554214055983346,0.44910647064579706,6.57472322605919,7.2472748396256055,7.48917376968263,7.85438327097735,8.51034739751992,0.05945111792140447,1.1296906912237608,-0.46960811224820365
YVYG_at,71.0,7.476820303146809,0.3650823118528396,6.66295997906666,7.24873016637167,7.41967793594226,7.744283651728855,8.34335462861877,0.04882855238599027,0.9733562935819073,-0.3100329215400732
YVYH_at,71.0,7.440002667984788,0.19890386000343685,6.97251802725726,7.311173998070775,7.42757791076008,7.54608410575905,8.26889836133643,0.026734380198456607,1.2127644987105366,3.3229084623313234
YVZA_at,71.0,6.893371512192874,0.31422096791102117,6.13741501454009,6.6821064021586505,6.90228311550746,7.08053333900232,7.56847932847778,0.0455830600969689,0.8842726318641011,-0.1532781623399595
YVZB_at,71.0,4.65765645089106,0.3497112653594635,4.01780889814626,4.40318295983211,4.63801694371673,4.860220097378615,5.51303245538052,0.0750830957685941,0.9659437133699817,-0.20839700227025437
YVZC_at,71.0,6.818767194478407,0.29149419830207934,6.08085478786283,6.617287338186015,6.80682980228939,6.98267194740058,8.01226581159085,0.04274881221023661,1.7042480385905947,3.057518268469681
YVZD_at,71.0,7.47829252153255,0.50789058486033,6.35364460589301,7.094370622374045,7.47091220760929,7.8543981448521,8.76990466785677,0.06791531401024233,1.3816062266882778,-0.2526924659267844
YWAA_at,71.0,9.041560681206603,0.4067001352733358,8.12629298308942,8.733710590966275,9.05782131305986,9.31773734900365,9.92894288730319,0.04498118738711616,1.0225056670547796,-0.4709497920052703
YWAB_at,71.0,8.984113235056613,0.2620990046797674,8.39322501692155,8.79968856143889,8.94347626505149,9.172368563373425,9.54248140362412,0.02917360877165255,0.688112356385393,-0.3531666095610446
YWAC_at,71.0,7.716960312772124,0.4167575374896187,6.99232576415324,7.358838689021599,7.71389623657452,7.9868202852241446,8.56782122283436,0.05400540116810695,0.901760581919114,-0.8419592058453129
YWAD_at,71.0,7.290575565294154,0.33483611093602067,6.36805052089347,7.07951963124154,7.26930963666638,7.567469791198645,8.00271052726944,0.04592725333373744,0.9715866629183444,-0.06062711357560735
YWAE_at,71.0,7.738245028026488,0.2776254449027461,7.08642316651632,7.56056805562132,7.72165798799287,7.8992538542551305,8.29535976264201,0.03587705531386487,0.7537072461577059,-0.25846125979919776
YWAF_at,71.0,7.272755353141289,0.3448207912722779,6.38699666378694,7.02135815241515,7.27447428707537,7.487933340739239,7.97063165447903,0.04741267573689812,0.9614156084280128,-0.1808226974796443
YWBA_at,71.0,8.044239015735439,0.25803515836303986,7.19084041067052,7.91326794436595,8.04260978728666,8.176626487828724,8.88086386601148,0.03207701286079317,1.5160374574861206,3.0879278822649683
YWBB_at,71.0,7.093124307500375,0.3433486925672665,6.41706129423122,6.89966708631123,7.05981220597002,7.230234489339139,8.52239295254719,0.04840584736463797,2.282781925636454,3.906682696025368
YWBC_at,71.0,9.347059117877667,0.5410489074093974,8.27875401974591,8.975758131952709,9.36475444413264,9.73956657613588,10.5367754261078,0.05788439985091775,1.294331340280124,-0.600007861126592
YWBD_at,71.0,8.5203558703185,0.24898154535289643,7.83098654403653,8.36247541943122,8.51039743226708,8.70027040677882,9.10640752793799,0.029221965507361985,0.7661590468733642,0.12518982003563028
YWBE_at,71.0,7.158487562738007,0.3765623402591938,6.49665458794465,6.87400717492044,7.1584623218281,7.428906350796259,7.99144903627404,0.05260361730867696,0.8802405447280587,-0.6579190110623152
YWBF_at,71.0,7.451944739052436,0.3751422987951117,6.31458765558589,7.25568541274915,7.53947711490708,7.671765630700985,8.19521507797859,0.05034152988670894,1.2242004195380163,0.32226242019486717
YWBG_at,71.0,6.79054382983332,0.29313865653263604,6.12613175310178,6.6137417561065295,6.77373775755517,6.975294194105235,7.68154254576415,0.04316865686732949,1.0463674459166636,0.6465108103369834
YWBH_at,71.0,7.594900096614661,0.2582612346409007,6.85258180743662,7.43728482139025,7.60601629216204,7.8139976412528,8.2241366118678,0.03400455981718807,0.7949083464598883,0.12598559135995702
YWBI_at,71.0,7.686842117074085,0.17882574398632028,7.1685979338249,7.5843192151334495,7.67556920844353,7.788039189817245,8.53918894093842,0.023263876278805166,1.6843495037474552,6.8400062273460716
YWBL_at,71.0,6.33077136537001,0.27391420786310616,5.63882787427873,6.1815809000085995,6.37852615712215,6.487893476170235,7.10861321923575,0.04326711423531197,0.9130476188619394,0.396420439742581
YWBM_at,71.0,6.87899570488772,0.37972008980429417,6.12134802003487,6.56485509684834,6.87163838280847,7.173779349645945,7.75770062229208,0.05519993122462518,0.9129709513375194,-0.5872352002044341
YWBN_at,71.0,7.6661563963175245,0.21567840625939963,7.23904333933414,7.481418928670815,7.66575339760189,7.8150696927700505,8.29089768966207,0.028133838537784304,0.6691315360137962,0.15195504817602457
YWBO_at,71.0,7.112205694074856,0.40062245273867336,6.18918266220948,6.85855420082588,7.1266055815805,7.368789608263246,8.264245549882,0.05632886195522017,1.3181105511409343,0.3507027485673042
YWCA_at,71.0,8.268560124505155,0.2598987952833565,7.6255160857767,8.10247334033996,8.28972743008385,8.42008741704828,9.02375521024022,0.031432170942690046,0.8730382804763954,0.4237516446013916
YWCB_at,71.0,7.925751707852314,0.20883795366575345,7.48097645716348,7.780510112603335,7.90380632581259,8.02580423126983,8.5538619921265,0.02634929295840173,0.697626437558924,0.4040241672956366
YWCC_at,71.0,7.069261418076825,0.32293229557556397,6.1463962698541,6.89365480357837,7.08963680312975,7.27486240642971,7.97376880563946,0.045681193052189734,1.1259285334809266,0.5586781559499592
YWCD_at,71.0,6.778381338480264,0.41970969341533904,5.85438894899501,6.44629298621742,6.85250660120398,7.09222674696342,7.65025806311913,0.06191886712432136,1.0299488670804764,-0.5346866135240891
YWCE_at,71.0,6.641053160881613,0.6639530519040667,5.478753141424,6.14547962865697,6.51667340389391,7.054693342439045,8.54490710141921,0.09997707228350595,2.226878632499757,0.4182700495044376
YWCH_at,71.0,8.495732793115069,0.43955010206350886,7.5580814625532,8.155993697877525,8.50495113437036,8.859694386315995,9.59143078380868,0.05173775032328226,1.1128196536051347,-0.4523431187830833
YWCI_at,71.0,8.173600592113793,0.20162761602394447,7.72613660375111,8.036967148759315,8.16508027464749,8.331774610766615,8.77981422772305,0.024668151294116647,0.6682273718502334,0.3761245201398622
YWCJ_at,71.0,6.849843106421132,0.5086504667229623,5.44267244085455,6.46590067100378,6.89565204633959,7.1889371953282595,7.76456326564556,0.07425724338797582,1.3690117958836263,-0.2832123775650821
YWDA_at,71.0,8.992694365522418,0.30852349650821365,8.33787109781404,8.782272617473796,8.9963375554424,9.149616435502505,9.86395619796964,0.03430823777254999,1.0743377677207948,0.5540335227649575
YWDC_at,71.0,6.304856521529309,0.6424170218210856,4.70612209629016,5.89403988906333,6.27840884661958,6.77493896821149,7.71572131803818,0.10189240938749558,1.7974725039296755,-0.17042110651556364
YWDD_at,71.0,6.454227282152754,0.33385561238620093,5.66892497118577,6.210358610847345,6.43842700783276,6.67288035983872,7.18941929753365,0.05172665879142176,0.8606963506767931,-0.4032926788805167
YWDE_at,71.0,8.05980340318664,0.287403868170216,7.45372402998695,7.88748369946039,8.04562896139883,8.188460847130393,9.1474856358433,0.03565891794042816,1.509720797426128,2.42896448739204
YWDF_at,71.0,8.809938904426577,0.2829355467358326,8.20818645113437,8.624122375219944,8.80192004724033,9.001956206793992,9.42684038030089,0.032115494761680005,0.6952490946754084,-0.5311767946858961
YWDH_at,71.0,7.720559282449638,0.38566291052389623,7.01521488264668,7.428552000869081,7.7035844754028,8.042248332445775,8.86874970744147,0.04995271668991449,1.1282582836762272,-0.035400141517974326
YWDI_at,71.0,9.217052227546741,0.2645641662097832,8.42391288475824,9.064065432966384,9.25502903480823,9.382588653223875,9.71185598674781,0.02870377206056051,0.8707743358864802,0.35197076817844186
YWDJ_at,71.0,8.318714199512167,0.3161790227522778,7.51718787819419,8.116908251379204,8.35778860873333,8.514338454855874,9.03965152765528,0.038008160296073096,0.918401068120855,-0.05744148310513353
YWDK_at,71.0,8.348949041903731,0.381223136269597,7.29330902005043,8.12167604268811,8.33679439486951,8.56246460451432,9.27643281803047,0.04566121248988607,1.2591155886987213,0.3641228388568698
YWDL_at,71.0,7.846240492688512,0.23136561094583516,7.39830596626537,7.7114848250115955,7.85051714785948,7.946252324308086,8.62599776906053,0.02948744830870686,0.9714642744616206,1.3128249554097104
YWEA_at,71.0,7.249387739969417,0.4784196268945519,6.28750736294626,6.880963405863585,7.35815373277702,7.58812743236616,8.17925011727337,0.06599448726639227,1.074124787965656,-0.7557725498143939
YWFA_at,71.0,7.07105501037462,0.371760412021878,6.25038086502108,6.796468051258255,7.08430614600885,7.301466474128105,8.02356681089526,0.052574956845397584,1.1388534337119451,0.11061504225012264
YWFB_at,71.0,6.894298658120101,0.3321707455234931,6.0299886303673,6.666521931762224,6.90169078293908,7.154077441440306,7.72059362657538,0.048180498408240936,0.9122295449507976,-0.22518024747810417
YWFC_at,71.0,8.51573564771842,0.5642895200282018,6.944509842484,8.15487305185886,8.55461199438361,8.876951495601421,10.0089899020132,0.06626433033761318,1.804990341554965,0.2538617185925576
YWFD_at,71.0,7.267274972819995,0.2155039799135137,6.79561694077659,7.159859487081725,7.22298832243645,7.33431845817551,7.94874834165448,0.02965402860350136,1.1035110288804422,2.2888260669530682
YWFE_at,71.0,8.156929920741776,0.33364530915419494,7.48322535915533,7.89194423542604,8.15642890284998,8.36773809211467,8.80438196948001,0.04090329479303089,0.7572870046040922,-0.7297416986509133
YWFF_at,71.0,6.372724919112121,0.33854357321316203,5.64846907102545,6.196374635538465,6.33667679045449,6.54050568916395,7.20388526412596,0.053123832820376866,1.1091032889923556,0.33582159158485414
YWFG_at,71.0,7.705339007621931,0.22028716845272545,7.18780369824181,7.556336902046225,7.6872288443755,7.86532414191075,8.23042400374056,0.028588900272242767,0.6158208718045227,-0.17301225431201228
YWFH_at,71.0,7.419583846522366,0.26962877815669284,6.70258898871038,7.22678960631368,7.40484580989001,7.5961201995939405,8.04566537319172,0.036340148414532786,0.7631623765497989,-0.1360782495103856
YWFI_at,71.0,8.954126061626347,0.4970795050287892,7.69751158000416,8.67448361176761,9.04219944089717,9.283111625894804,9.94751414604633,0.05551401684627435,1.4190646312356479,-0.11025852702264105
YWFK_at,71.0,8.15189714285253,0.2865025636280317,7.52121446042226,7.94384244739859,8.21493494943294,8.365332456052435,8.73089162822959,0.03514550767844675,0.6602559565027583,-0.6928935955197191
YWFL_at,71.0,7.466044996117489,0.2371800443281574,6.834955579352,7.32808131099649,7.47203624288183,7.61662205206619,8.14975435802597,0.03176782948019954,0.8665025568744907,0.7352643723622196
YWFM_at,71.0,7.890911024603186,0.27676329827268237,7.33103299594701,7.7007231796228,7.9076244435544,8.024124213092609,8.96107405215849,0.03507368127834138,1.4711475378959191,2.495230916402914
YWFN_at,71.0,7.329773021436072,0.3069330640112024,6.74429487941652,7.136003884420635,7.31087855217456,7.52719470842104,8.00447246335702,0.04187483884065309,0.7831858628438935,-0.431244888870463
YWFO_at,71.0,8.891728210750285,0.5356207646381623,7.7398391473911,8.42402136589605,8.87078853016979,9.331881880901385,9.90962624174188,0.06023809454618571,1.1387988315947766,-0.8817969335991287
YWGA_at,71.0,8.616738923754587,0.5799728357940671,7.28292790624776,8.13104474956288,8.57089737131625,9.01046429965903,9.70023467295872,0.06730769504866865,1.2565775826853678,-0.8389298662213456
YWGB_at,71.0,7.604599968170883,0.3735930110058051,6.52156846023207,7.358615264259955,7.58858723041441,7.77973689378803,8.872196861836,0.04912724042940875,1.736579377829187,1.7887568803789922
YWHA_at,71.0,8.097431033116884,0.2583006017920218,7.63452766751592,7.91235002643858,8.09357322730615,8.23891553757345,8.75300351046993,0.03189908018180379,0.6756587872977169,-0.36333783612041204
YWHB_at,71.0,8.514597372732034,0.4961042756530441,7.17353908027889,8.237069727782805,8.50988527478259,8.889547084349509,9.42372831801732,0.058265147949545584,1.407894644628382,-0.1281563486734365
YWHC_at,71.0,7.764340457390769,0.23639072464197303,7.22457014092917,7.60468961526905,7.75040738811978,7.94001549113766,8.42349639953287,0.030445692836273807,0.7863537386618116,0.3891841124970026
YWHD_at,71.0,7.680298526904879,0.4490751751453294,6.71671777768374,7.3856446119714345,7.66704532701951,7.970606682358685,8.66905003583052,0.058471057286663096,1.1317507674070342,-0.4645652837809031
YWHE_at,71.0,8.009971155005521,0.22308077234002974,7.30657180386544,7.8883133289039495,8.01322001535902,8.13154056296618,8.52890886992567,0.027850383980549547,0.7890453029246317,0.6121073678916829
YWHH_at,71.0,6.8357956965643725,0.23067109516322123,6.19863802708321,6.696299368553085,6.85800548498206,6.998381483206585,7.58271809595082,0.03374458591253028,0.8668967613242885,0.8462261690458757
YWHK_at,71.0,7.496925063132214,0.5893371788027639,5.91952604379374,7.048076305068291,7.54345246479996,7.92174253219871,8.87903624587202,0.07861052015858605,1.5950828258251166,-0.26721143301377737
YWHL_at,71.0,6.32959086987977,0.47812551572186335,5.30175270608475,6.096838745665796,6.27202005670881,6.64100403081492,7.54480267036606,0.0755381391231919,1.5645000494029018,0.33164072316843685
YWHM_at,71.0,7.5997971075419954,0.2671224355067387,7.03647966764776,7.443106168784254,7.57989740328002,7.75364506988185,8.26428122682609,0.03514862722343573,0.8149471605301251,0.09730627020315596
YWHN_at,71.0,6.730400772146865,0.24873926688086728,6.12060859220312,6.528025649619985,6.71714444435696,6.85525581504515,7.54453111330293,0.03695757136933829,0.9169128496144965,0.7700862326302045
YWHO_at,71.0,7.4039071345510985,0.20480734968965328,7.00426469911118,7.2518976109055195,7.38380960699801,7.510569501416695,7.96579449703287,0.027662063552080306,0.6184733335357642,0.06442279886731184
YWHP_at,71.0,6.667169450947966,0.250428285198995,5.9612827877376,6.47465464118655,6.69401700603654,6.82594943956446,7.19480586932794,0.03756140998687053,0.7609557054059016,0.08436710582951656
YWHQ_at,71.0,8.099916801458775,0.2182965672940344,7.33178565884222,7.991340247687059,8.08463806305136,8.189489885288825,8.74333235071571,0.026950470312820957,1.0672383494296898,2.0435300974906117
YWHR_at,71.0,6.799666521633648,0.3623518597630831,5.9017102121651,6.561904952298075,6.81263140048624,7.015367895465619,7.56380038276517,0.053289651574857905,1.0098420720038586,-0.1821462974137371
YWIA_at,71.0,7.775071747965317,0.29333964590863076,7.02191825260163,7.586862968100165,7.75640834279383,7.9676883392784,8.57199891602621,0.037728223663710335,1.0338424421623578,0.5987115821937325
YWIB_at,71.0,7.583275104183116,0.320237349694092,6.91660610903362,7.343999246192411,7.54092516452592,7.82174474903005,8.25283624967205,0.04222942532012869,0.7378856140869304,-0.6932686319378787
YWIC_at,71.0,7.418904467899595,0.42103369307655436,6.57049385265955,7.13350461218401,7.30561622581057,7.704494089677435,8.69331772955944,0.056751464437680706,1.6258969709756586,0.9558442611951916
YWID_at,71.0,6.118248019906127,0.22574837202559214,5.54088572821385,5.964738896367405,6.14179289792491,6.22620057807792,6.73719641704115,0.036897551601554036,0.7204966726912562,0.2463402590145809
YWIE_at,71.0,6.57576428416913,0.36031532301060604,5.69276488687953,6.393385242801105,6.5967192147479,6.78058984993841,7.40760857501978,0.05479444022621822,1.1487915130614066,0.2428493500146014
YWJA_at,71.0,7.044423570812985,0.3013377947213658,6.41833578589047,6.847795425149855,7.03952988086106,7.23139341343394,7.78624261736245,0.04277678530999931,0.8468417274438813,-0.1574082406288313
YWJB_at,71.0,6.984906332049909,0.32578106491822734,6.14950067863453,6.75128159042977,7.02583360796444,7.241238158242095,7.85672564003355,0.046640720638356524,0.9281766210735191,-0.1163183960885048
YWJC_at,71.0,7.93915728051953,0.3908055034230396,7.35902819535815,7.7123102910834,7.91961284948054,8.118241842424336,10.2478333312341,0.04922506125202569,7.228622909355866,16.45177798582452
YWJD_at,71.0,6.931616176019673,0.26930858940134444,6.24732246692246,6.780662066626386,6.90874053264959,7.11867225354883,7.59510903859598,0.038852207416364616,0.7725921113542453,-0.09544084058160474
YWJE_at,71.0,6.659078423066087,0.3184800182401998,5.93178019351001,6.50271525384598,6.64225533440181,6.845807924858056,7.49403547961508,0.04782644053823288,1.0326093817257032,0.30003658322010374
YWJF_at,71.0,8.072837071130285,0.25235860901797347,7.49889687972941,7.888762141403205,8.01358393935872,8.257289782968265,9.10168752347607,0.031260213329517936,1.3518673718418543,2.5390510696092976
YWJG_at,71.0,8.236641113466654,0.24326263536394968,7.81011413325283,8.03702645309902,8.24615257037918,8.442350130895136,8.67861399580908,0.029534203568275276,0.46209331860907227,-1.1216876409915177
YWJH_at,71.0,9.288919724709924,0.7769749853650415,7.16928016115534,8.87340854357082,9.51065524710346,9.80712505228994,10.5512811840489,0.08364535472280712,2.317941447878535,0.02578497054107709
YWJI_at,71.0,10.33633666946304,0.522509963226835,9.11881384954316,10.10920097055985,10.4831627769728,10.64871301684595,11.2440583913447,0.05055078795667543,1.584432700907942,0.07773041968064165
YWKA_at,71.0,7.376737603751609,0.31036050151255484,6.63734788847224,7.200478418915565,7.35164835934122,7.593090924102125,8.21665048931983,0.04207286719195676,0.9971699383724266,0.2689450597218279
YWKB_at,71.0,6.486691515033322,0.25942140656584356,5.89853464798125,6.320682145327635,6.46718141709278,6.6472200828985795,7.1963360428919,0.03999286939491694,0.8152847856514355,0.19457699563872488
YWKC_at,71.0,8.507255870703233,0.294282790459738,7.78684351122586,8.361797151518855,8.4959361595935,8.673071723337845,9.13066672556529,0.034591975947634426,0.89762627406883,0.09664885592433592
YWKD_at,71.0,7.234764403510116,0.17557279980295926,6.82700353356488,7.15577023548622,7.22185308921952,7.342573542941555,7.75502352366314,0.02426793603918546,0.6317798555355982,0.6770703771089646
YWKE_at,71.0,7.345977232343117,0.22822142819791752,6.71775306480576,7.1996291811428,7.35381006697789,7.47598132783523,7.97073541369798,0.031067538188533514,0.7928287059058599,0.5453024551829344
YWKF_at,71.0,8.011415562919884,0.21153923754009704,7.58471248337337,7.8477503647623355,8.00631569520481,8.159972414200055,8.46989613355631,0.026404726590290403,0.4878192548606784,-0.6912963509930434
YWLA_at,71.0,7.623616443506778,0.28993479400354666,6.9473300865107,7.462317949153745,7.63353040449088,7.80467110140366,8.28668610970995,0.03803113602999942,0.8633990445382363,0.020086373556030157
YWLB_at,71.0,8.10734024148176,0.28426154984205476,7.52489626091238,7.90962307277101,8.13595250845322,8.2635171001874,9.10887592489376,0.03506224499961296,1.151951477852816,1.1578212918836215
YWLC_at,71.0,8.53144038632033,0.2287733441271307,8.14792422380211,8.34669914384642,8.50126054829487,8.673451709634506,9.25227534287198,0.02681532470108512,0.7414695467450425,0.29872479611020575
YWLD_at,71.0,7.908035295230658,0.4254376101016787,7.21016245750781,7.6014136033392,7.90573475256425,8.140134324936245,9.30548224985676,0.05379814254980127,1.4817125791759274,0.5546744548021829
YWLE_at,71.0,8.122330885988188,0.20512108846294225,7.62119471051912,7.9741547413770455,8.12773048246519,8.257937920218033,8.54547148652446,0.02525396851497347,0.5437095437589341,-0.3263942227456811
YWLF_at,71.0,9.824771649773677,0.4130290556354792,9.097902578794,9.555651269949351,9.77368140694089,10.095490582481851,10.6990787725784,0.042039557799289286,1.0260382167475286,-0.5026848680116518
YWLG_at,71.0,8.602463519302807,0.5201457785774986,7.36418787309381,8.307379733707243,8.69206458963961,8.916752413120864,9.46303107490806,0.06046474680309416,1.2765073871756858,-0.5344976116998406
YWMA_at,71.0,6.810009227573446,0.3612763422951901,6.01809545292845,6.62596781900094,6.81032545188242,6.97045271496589,7.61375259726822,0.053050786015442844,1.0601111702545305,-0.026033693632122823
YWMB_at,71.0,7.760622998620007,0.4553093924911205,6.50152559811608,7.518047880009901,7.77090468834041,8.02126570300381,9.0034709009444,0.058669180627906235,1.6497915102258112,0.7036033995386441
YWMC_at,71.0,7.6054555672820126,0.6800525221400245,6.47653764233068,7.278132219134481,7.42872556234265,7.65812253249392,9.94131576849204,0.08941640854041005,3.987990957528974,3.076202585440713
YWMD_at,71.0,8.104448032933721,0.346433297147311,7.31828418009544,7.86993478885644,8.12516162360784,8.36337920595928,9.03006967639549,0.04274606928683161,1.034854545687734,0.029891701148906158
YWME_at,71.0,7.511899186904878,0.6178013470240251,6.51816506888165,7.20923592122459,7.44102475888303,7.6334937761915995,10.4778394454217,0.0822430295791253,8.118099979324333,10.780274960948384
YWMF_at,71.0,6.544200358830598,0.3802967843032228,5.59977978707176,6.31149990872477,6.59087982656603,6.83407024402192,7.30107581088287,0.058112032555674854,1.127763438726957,0.006930264202462233
YWNA_at,71.0,7.009952796915619,0.24481773007911056,6.56912854557429,6.860035840202039,6.97561039065793,7.1325361823286695,8.1065753573441,0.0349243050804608,1.7678391849992212,4.512817168083922
YWNB_at,71.0,8.163581081957515,0.28382185840647917,7.61781985955733,7.961813439460755,8.1487608521723,8.33248067255348,8.73510751901954,0.03476683278540091,0.7019304860061929,-0.5143761335052139
YWNC_at,71.0,6.024582548480736,0.3259391251765809,5.51030129746911,5.7637691850358,6.00328083939326,6.197023347039405,6.95911632527979,0.054101528621061955,1.0383743137051407,0.2401993847128825
YWNE_at,71.0,6.442061217663166,0.22688054626104248,5.85263123949539,6.31156969032701,6.43417169401506,6.5643503837503,7.17222568443141,0.03521862624325426,0.9641294671430369,1.366480994757361
YWNF_at,71.0,8.435972025539876,0.7516778825768045,6.86143950710128,8.00690313906789,8.52571802156942,8.98744923883501,9.72625814169061,0.08910388516001504,1.8255645504841886,-0.5614776595583173
YWNG_at,71.0,7.453074022732514,0.37113454981019656,6.29421904027526,7.267804941700065,7.46848358708722,7.703440139735345,8.12885053028128,0.04979617117423018,1.1562614276499044,0.1657488067406745
YWNH_at,71.0,7.924147470287514,0.2757544081201697,7.27911990203897,7.773478212289319,7.90716213001587,8.0179897275994,8.60468279094296,0.03479925243114695,0.8514600330908785,0.1363875659103977
YWNJ_at,71.0,6.334744527764016,0.2861286758849451,5.46818547221907,6.179053785382825,6.32293966215171,6.484635158372095,6.98935634290331,0.045168147607357476,1.2358936170289663,1.4404508534438696
YWOA_at,71.0,8.025056063218384,0.2928735199681849,7.36509595513822,7.9160836786344255,8.03406861586542,8.20382667762234,8.81489723731143,0.0364948877192928,0.9841601578839089,0.4250348100493535
YWOB_at,71.0,8.366843367677847,0.2712580640335147,7.85108216597041,8.18247533694477,8.35350422270036,8.479775944411674,9.23050128558836,0.032420597842361704,0.9492130115810564,0.5721475536062433
YWOC_at,71.0,8.323760963904936,0.27293299847082964,7.89423735651204,8.10900821757258,8.25436555045408,8.489795222634282,9.02464342518586,0.032789624744676504,0.7088018676116014,-0.38324752068059187
YWOD_at,71.0,7.5541906890811905,0.3702028396171518,6.45187111481229,7.285476521745355,7.51869644966288,7.751876736387355,8.42254634619279,0.04900628735150174,1.2097297942056584,0.3269767308404319
YWOE_at,71.0,7.782826827194486,0.45505750115626387,7.01404503586028,7.443960416429356,7.75443661224738,8.068787597463405,8.84081499468486,0.05846943678178956,1.1610345063859342,-0.43150811779491205
YWOF_at,71.0,6.977220681077964,0.3092541409449248,6.38195031285269,6.739384461186335,6.95177322818256,7.188088180205545,7.69991333385732,0.04432339968601162,0.7319485082949391,-0.6269489142282332
YWOG_at,71.0,8.042663861155871,0.29583593319556173,7.38418147723693,7.805394914100515,8.0477690268862,8.223877339158754,8.78171526060747,0.03678332680598253,0.7973314495175554,-0.27927104215898035
YWOH_at,71.0,8.472869276550892,0.2813953865825083,7.85697314804616,8.294705845319339,8.49363790658522,8.669125999633426,9.11062322458287,0.033211345224136136,0.7755097921612423,-0.21493448284315475
YWPB_at,71.0,6.74276214792697,0.31292991359547523,6.09958925006511,6.534389755309045,6.70615312307542,6.8758565458136,7.79276724925628,0.0464097511865644,1.2462024334528778,1.083633829556538
YWPC_at,71.0,6.429662773212095,0.3443530976186694,5.66256857242895,6.1978417175229445,6.42611392276928,6.585333872175045,7.34703384574458,0.053556945327420245,1.0345382740952134,0.048025860837326295
YWPD_at,71.0,6.695025347395471,0.413593538116862,5.75782516992504,6.362363368426944,6.74443977550047,7.067136645162121,7.39098316966242,0.0617762467886339,0.8462832245005006,-0.9664580175516253
YWPE_at,71.0,7.897558306129331,0.4657032274388853,6.93493879325815,7.5659087348440455,7.89073864216047,8.1607730203907,8.9145916632805,0.05896800117036818,1.1595860755331895,-0.49655575400332097
YWPF_at,71.0,8.366063936046448,0.468238419375961,7.33800930464882,8.054620924202116,8.41447591902755,8.648624038446311,9.35173853904347,0.05596878328391505,1.2385265969064931,-0.33232273610365004
YWPG_at,71.0,7.279117122214204,0.479541356259915,5.93999236724173,6.985197102113945,7.32144017358262,7.584732917739335,8.32502617285495,0.06587905486456101,1.4155703428198514,-0.007424184077676976
YWPH_at,71.0,7.593217978640458,0.4088278413349723,6.8208156997435,7.256330443329625,7.53961739502227,7.828897561826535,8.81505828614179,0.053841183340843805,1.4256437011019647,0.5592833512068149
YWPJ_at,71.0,8.54682965535508,0.365184396799055,7.86445674195244,8.299110532573485,8.49412914897715,8.875384614738746,9.45360477214673,0.0427274687252303,0.9272546279320216,-0.44449022701280283
YWQA_at,71.0,7.413845640678151,0.25502042450439183,6.93671433284069,7.22175454760764,7.43008606707991,7.602160057451805,7.91410219331932,0.03439786001277805,0.521627700111806,-0.9672376293069762
YWQB_at,71.0,7.879843886567185,0.20487048884522144,7.36873358448772,7.736164952251145,7.85915088466242,8.005047199420186,8.43039944129493,0.02599930808203768,0.7131767649676787,0.5528891465054917
YWQC_at,71.0,7.077362753731835,0.25491122859698145,6.52820077605925,6.89720551624864,7.07027714448221,7.235025827002885,7.69153407086836,0.03601782718606148,0.758673282367043,0.018305192667459114
YWQD_at,71.0,7.559046131630741,0.19370252540889865,7.02233427004211,7.422485786192285,7.55990274337306,7.67708006488835,8.11002641360128,0.025625260388126573,0.6814083736537622,0.591745993106688
YWQE_at,71.0,7.801696242426036,0.28127861870015575,7.11570553191529,7.62332273271564,7.83431657656952,7.948892980600554,8.36901868608058,0.03605352092158469,0.8262264181009035,-0.02280934883151886
YWQF_at,71.0,7.996606366564819,0.28719047372719536,7.30161112577195,7.77938323132594,7.93633649878326,8.16507854743795,8.70733291533133,0.035914044103507195,0.8606498798554082,0.0400806912119811
YWQG_at,71.0,6.445006436821863,0.3542415799555553,5.66221528629196,6.171166526095785,6.44316907758534,6.673942250177825,7.38027249488375,0.05496372787646703,0.9783164061000712,-0.2088171638564793
YWQH_at,71.0,8.647811666982586,0.5001341017382439,7.14089647621813,8.39906973973727,8.70883185082267,8.968964697764035,9.49054438167959,0.05783360241848928,1.9034367040496616,0.896734024005057
YWQI_at,71.0,8.479578884819492,0.469374667094143,6.7161524103914,8.226012304030064,8.550652299323,8.835031628875615,9.40134523842444,0.05535353505991173,2.1259891193291756,1.6628508670596567
YWQJ_at,71.0,8.011950242659344,0.3490444645733968,7.18897983221716,7.771553823926185,7.96724221433101,8.21916179522751,8.87368532408215,0.04356548081326341,1.0943694879739811,0.18676856657475316
YWQK_at,71.0,6.9604960763468755,0.3662849348753396,6.2213290433842,6.710843956959909,6.91694501438632,7.1614118249932694,8.11796950520443,0.05262339506519475,1.5800913051755034,1.434593432360276
YWQL_at,71.0,7.836529618803206,0.2906102987204523,7.09375249730431,7.64475660625909,7.83273539137579,8.01185156152063,8.48974779252478,0.037084055424629954,0.849409577201406,-0.03821265022260745
YWQM_at,71.0,6.814396622555521,0.3225904154596737,6.19251841496885,6.582782791898695,6.77598838571122,7.06876276654756,7.4175503134714,0.0473395420501216,0.7134920640389293,-0.7911304825973664
YWQN_at,71.0,6.290106491124069,0.33842662696288106,5.750425887835,6.036185815310359,6.28162969000804,6.4884811534897455,7.23724424571456,0.05380300435937497,1.0426611427790327,0.12914505551486322
YWQO_at,71.0,8.450261418971238,0.4340750892011837,7.67879560359693,8.06740628370845,8.51873790545302,8.823648772789124,9.34541976101386,0.051368243854168175,0.888970036571602,-0.9645601480480255
YWRA_at,71.0,7.966207312662186,0.39075647630670046,6.23875065233322,7.77342695920185,8.06182819556881,8.240709118046295,8.65672911130054,0.04905175838012626,2.690386586976188,4.157084214496442
YWRB_at,71.0,7.898018374146443,0.2697131551768859,7.12267114278593,7.7349274361365,7.86183779173731,8.05228051237982,8.52346080352153,0.03414947172822124,0.863243690312103,0.2558773416693394
YWRC_at,71.0,7.8883912458379175,0.3651657348002767,7.22823456770581,7.649610951673704,7.86159793529213,8.102434340700874,8.86908066761714,0.04629153441051062,1.0761603895244871,-0.012590183192279003
YWRD_at,71.0,7.80633219388685,0.34579157970284785,7.00317966159911,7.56338738947801,7.84082322267343,8.012747639930812,8.6820570292795,0.04429629320330971,1.028516917347348,0.016355361844235805
YWRE_at,71.0,6.162296617438754,0.34800424153404,5.60291929077603,5.904891755016145,6.07915180038125,6.45556942765702,7.05505606215269,0.056473140314151515,0.9000128618549551,-0.39464985572078737
YWRF_at,71.0,8.731845288442678,0.4717228666672688,7.75349926896173,8.342257064522675,8.73403924661239,9.043120340009954,9.71354904582747,0.05402327355612143,1.1488505704298897,-0.5542960170863553
YWRJ_at,71.0,6.329253366802905,0.5880559497959155,5.21851377231635,5.962269034905596,6.33078852177329,6.758180098152555,8.15245124773302,0.09291079306135601,1.9023293182974996,0.2922447501645178
YWRK_at,71.0,5.884670502649868,0.4701532186500258,4.98862243034823,5.530725711522329,5.90979899497313,6.143354442300045,7.25630728275429,0.0798945698724025,1.4405951578106146,0.11134587758436343
YWRO_at,71.0,7.8843164517948665,0.30472876031205487,7.10883408774162,7.7036848348852445,7.90982703360889,8.07158643952236,8.50802995566574,0.038649991051879114,0.8011881069179476,-0.3491500073271476
YWSA_at,71.0,8.765184193503812,0.3328226672871083,8.02822233334104,8.54020636855618,8.77325030582651,8.989853878088615,9.49650815356363,0.03797098383098155,0.9092901863373886,-0.24022708332452902
YWSB_at,71.0,11.69258015388988,0.5468275414758499,10.1944616691335,11.355143771622501,11.8209062450945,12.02738040881545,12.6815756306327,0.04676705519901282,1.6909219442644285,0.1411440413945786
YWSC_at,71.0,7.684686869579666,0.33725353699020244,7.19019216355017,7.48207988974682,7.59752751315179,7.82062025224641,8.68144185570576,0.04388643840847212,1.5296218650422146,1.6693283132520582
YWTA_at,71.0,5.964511193770761,0.5402667585628547,5.04009013383032,5.53195192736458,5.94024878380461,6.18343790119987,7.64940125375151,0.09058022376202438,2.325228416613802,1.4240279218842078
YWTB_at,71.0,6.594040575383939,0.4554225279935931,5.8359840372635,6.33353795283952,6.47128764521493,6.696851545093169,8.37423806032713,0.06906577579970018,3.4319330043226914,4.845996837598885
YWTC_at,71.0,7.421640782297355,0.5734221401893982,6.52696251909856,7.00585563403806,7.38401715457169,7.612152254567975,9.07010812141311,0.07726352662569805,2.0656881549961534,0.6812992209422655
YWTD_at,71.0,6.952139768818468,0.27832617989812536,6.32383616051588,6.756790491518689,6.94587817362192,7.138538301429675,7.65893769506061,0.040034606488561365,0.7961589479148726,-0.10420133288386024
YWTE_at,71.0,7.20773082120307,0.5342374403014057,6.34185208972656,6.7970296013878055,7.11219770630555,7.514340759404915,8.67820236557398,0.07412005991259175,1.622347440422235,0.08239377854043406
YWTF_at,71.0,5.802914273188647,0.31656620861611373,5.08771786168219,5.5806454552091,5.7818330940779,5.982068886320285,6.88700088831601,0.054552970061741674,1.2641048626592672,1.0950773016658308
YWTG_at,71.0,7.565065667768596,0.34206790552338584,6.82877501174137,7.385712813511535,7.50736204151439,7.66641907939978,9.24421692602218,0.04521677941022854,3.585234837568984,7.964602457729594
YWZA_at,71.0,8.008214097067997,0.7762975928604608,6.73896505065707,7.645099563293424,7.82943329523283,8.190940030881084,11.3499165699713,0.09693766718158577,9.118531148991892,9.304139286878726
YWZB_at,71.0,7.136750752322568,0.20730975141842406,6.68652358434852,6.996625334269041,7.11246970373331,7.28026111330207,7.64662412896665,0.02904819834866135,0.5605219116028858,-0.27015647572208223
YWZC_at,71.0,7.478727982522697,0.33089939221595954,6.48377315656847,7.25588101541023,7.48686481416217,7.68757772662174,8.14699547270137,0.044245410849177824,1.0938286720668273,0.3670791819034931
YXAA_at,71.0,8.460096975160832,0.28977483118363334,7.85362989415242,8.28594530416274,8.41924426175308,8.56175308445204,9.78907660474445,0.034251951488785924,2.3212605181397414,5.348783831252291
YXAB_at,71.0,7.2653009359474,0.27708655985922354,6.65005718606875,7.08557421069059,7.25470033246528,7.41905239580451,8.13991981106796,0.038138345858221664,1.025393619119095,0.7853171402013328
YXAC_at,71.0,6.662360422097097,0.3229588156603693,5.76647105088784,6.46541843875042,6.64523794840158,6.8259854084603795,7.5690154766849,0.048475134216577294,1.191531351563817,0.7734544698454675
YXAD_at,71.0,7.012432066886105,0.35940433372983943,6.19268494889873,6.75074474826212,7.0361639065539,7.228797669792965,7.89619808426449,0.05125245140370168,0.9890746032283233,-0.21912801367338153
YXAF_at,71.0,7.5015669797964515,0.23889054193864742,6.93755175632972,7.339701741592846,7.50232760091682,7.67365026577545,8.01783405009182,0.03184541877477571,0.6558156142863821,-0.22625103184642947
YXAG_at,71.0,7.084823743366625,0.36265815738321683,6.31021071328592,6.79586788074821,7.11167334962832,7.32449130361719,7.99377693696767,0.0511880281739918,0.9458736997174919,-0.37140180824126734
YXAH_at,71.0,6.496827206755163,0.37561272407024854,5.65250543234435,6.19256798028629,6.51354625822952,6.73463359273084,7.40377085594724,0.05781479360874801,0.9291845029392013,-0.5136923094760277
YXAI_at,71.0,6.410311506378065,0.38782943737268744,5.68500178522863,6.066334788356035,6.46381818152633,6.661551158222766,7.16705955760977,0.06050087222544629,0.7906839999745598,-0.9743247719218475
YXAJ_at,71.0,7.166634673774615,0.4360326258015876,6.36899762246663,6.855105598593755,7.15310562676324,7.4530687137150196,8.47972430387158,0.06084203334616641,1.3699528945996935,0.19368157993946467
YXAL_at,71.0,7.685559600009998,0.26020831579174375,7.01700851945987,7.507039829193645,7.70108140203457,7.863409346421285,8.29610493053771,0.03385678198259048,0.7453844182658131,-0.0999203130631594
YXAM_at,71.0,4.940673434332542,0.4084226801404947,4.22446085234986,4.6057077335976295,4.99579760224762,5.20591411265304,5.91239766022554,0.08266538672691497,0.9823712905644268,-0.5862242666145256
YXBA_at,71.0,8.027254908778293,0.705318543267519,6.68017584607098,7.565842972894875,8.1139078295717,8.499264278881654,9.77826575213175,0.0878654722296423,1.7388895071845096,-0.5225730454273982
YXBB_at,71.0,6.543274697000734,0.35932285037968104,5.66719372503196,6.3709411074349696,6.53154518302385,6.75019765512667,7.99197354379676,0.05491483500522838,2.0643196424998873,2.949977924585057
YXBC_at,71.0,6.836225754983817,0.3523171427552873,5.90897367146406,6.63017209872687,6.86999046750391,6.9921218956583395,7.61304066059805,0.05153679170095244,1.155544499951256,0.3397813681242279
YXBD_at,71.0,7.3828928085293315,0.25764080875695883,6.76567936939949,7.236194273847495,7.39725811435844,7.53361245125434,8.01540518125708,0.03489699978568167,0.7918358949742038,0.12120673013845007
YXBF_at,71.0,7.271606242304702,0.2539797159680255,6.68313411477583,7.162234813316886,7.30072131494249,7.42944191962658,7.85251608858329,0.034927594743844076,0.8287882867784302,0.32216760773847497
YXBG_at,71.0,8.219281110869035,0.3733814563473504,7.48966049328134,8.019285470278216,8.17400522346175,8.331878941031835,10.1148716656238,0.045427507748043466,4.401100151334124,9.347510697924154
YXCA_at,71.0,7.796197307678596,0.25741548148817395,7.2685006183111,7.633356948191975,7.75544055415113,7.979475285297605,8.7950475525814,0.03301808193523289,1.219792706404073,1.8843640922201859
YXCD_at,71.0,6.354781301244311,0.5147257855907471,5.54919672640117,6.05309300723626,6.21496327127502,6.4565568373947855,7.90664901461068,0.08099819036887393,2.593211849754062,2.201408629675356
YXCE_at,71.0,6.205851005616681,0.48931288636401465,5.29886150051816,5.93619359733209,6.10325670339778,6.34905157968541,7.76751212038845,0.07884702451302103,2.2721514288403033,1.7837132454626161
YXDJ_at,71.0,6.76448595879946,0.23569556994983784,6.18540471708387,6.625110737375035,6.75037731854611,6.889676099484225,7.43598841094702,0.03484308658268963,0.8812395049292336,0.825831010148975
YXDK_at,71.0,7.631088473918583,0.29569234110496584,6.88000168733154,7.450233990333929,7.59602266602005,7.7906860771959145,8.76426723034847,0.038748383289694335,1.5776554462251968,2.5163210823950948
YXDL_at,71.0,6.781742197866527,0.35873862463917494,5.87068871187469,6.5563360580196655,6.73891665913776,7.050427902715205,7.64260674123238,0.052897708903182836,1.03158469500169,-0.08825146973584008
YXDM_at,71.0,6.557592974874417,0.357562298075012,5.62239042615242,6.311405289794916,6.53534556009637,6.780387985789635,7.36182043184723,0.0545264549728873,1.0692112739431285,0.03318615637869193
YXEA_at,71.0,7.259472373329492,0.23922601549756436,6.52296779680778,7.1113302014181645,7.27534886127947,7.40196554773816,7.77875593650359,0.03295363673763049,0.8101989542281988,0.4529793507453266
YXEB_at,71.0,7.05524622259869,0.3244690981244437,6.34648171062845,6.84001306164282,7.0859064298024,7.27722599688372,7.67432456435131,0.04598976249547965,0.7786472165915327,-0.5920724098643957
YXEC_at,71.0,7.889811713133588,0.40271491992792907,7.05569845218146,7.60176001528072,7.93398154706124,8.179276205033055,8.78913611319274,0.05104239930815576,1.0035551095493316,-0.4944316223330052
YXED_at,71.0,8.103094163759286,0.5725467024974001,6.79887570815153,7.6084623847497195,8.22626049134504,8.518523412557009,9.25142109256642,0.07065778712755046,1.3978269288171805,-0.547959463110022
YXEE_at,71.0,7.491421577380708,0.4664426303318002,6.4564298334822,7.249708536594905,7.54088347148384,7.7922472602773105,8.41277720776526,0.06226356713659768,1.284737453243204,-0.21664172784439995
YXEF_at,71.0,7.5071624167251025,0.5266369111005803,6.29568119712909,7.161889860289395,7.58758314602691,7.85455045171347,8.66516282140189,0.07015126113793585,1.3840468944901592,-0.35031343265456893
YXEG_at,71.0,5.956816306844101,0.30082281662565336,5.23920207897583,5.72005847743537,5.9588156755602,6.123757182815055,6.60277013826257,0.05050060319637893,0.7854717051026125,-0.3683219729731291
YXEH_at,71.0,8.563721588741807,0.25587951254347124,7.90549348663229,8.40164427171878,8.53268909303605,8.75571804623708,9.11267335167753,0.029879475867111347,0.7702079716228271,0.05411051955020296
YXEI_at,71.0,7.881330893199449,0.38265461795744377,7.06065891870689,7.677741672912974,7.88602535073357,8.06540560757663,9.05013581886514,0.04855203050637353,1.4893250264926072,0.9880408628505926
YXEJ_at,71.0,5.100922735408721,0.30397427452859294,4.48329267983026,4.885898645527125,5.09120247672244,5.27862062305005,5.92360323287442,0.05959201703223533,0.8863549195427354,-0.04558157302756394
YXEK_at,71.0,7.981175347620852,0.24072550869002793,7.3771373138617,7.8298460574761855,7.98530747318141,8.148982527069736,8.67572303415574,0.03016166143521543,0.7844627845335955,0.31744239694751686
YXEL_at,71.0,7.899266724841301,0.22868374855147602,7.31669840337444,7.782702882101005,7.9057899489073,8.042877216461346,8.53085081754293,0.028949997071540886,0.759408315299974,0.3831271947417405
YXEM_at,71.0,7.83962034386132,0.4191166566803958,6.92734110353715,7.569498499770621,7.78493031287484,8.143576657235435,8.82160905003241,0.05346134612355022,1.0916576572019148,-0.375113834387248
YXEN_at,71.0,7.382669058509783,0.28094136470819686,6.64959193004727,7.186583225938785,7.38879240038414,7.543862665327305,7.94983712537567,0.038054172885396254,0.8008323385838856,-0.11478201829575507
YXEO_at,71.0,8.136853633424463,0.23080686528286867,7.67287924691923,7.9925559340491255,8.13110139883265,8.314242884404745,8.58794755103405,0.028365615959314198,0.5330908079493173,-0.6874450942793269
YXEP_at,71.0,7.723137362303763,0.2207065072089298,7.29249594709716,7.578127423058925,7.68490832170383,7.895988570689025,8.25032638781262,0.0285773121537611,0.5204999652667043,-0.6359313333249763
YXEQ_at,71.0,8.245963720898617,0.2429986157625323,7.63921030981535,8.108460975400316,8.26962056364558,8.411191945479395,8.83099865836489,0.029468795156917225,0.7165171201579891,-0.010895587559471398
YXER_at,71.0,8.518305072822809,0.1871739102888397,8.00898023761644,8.41018904864639,8.54125893667543,8.650660084302215,8.88306801218423,0.02197314004237861,0.5072215204597127,-0.263692435847799
YXIA_at,71.0,7.199750493203976,0.26834418408217875,6.66556177749003,7.00700923570922,7.18547820148809,7.39311180528218,7.90321979213387,0.0372713171568203,0.6426283303974497,-0.597330899790165
YXIB_at,71.0,6.875132009175628,0.34271302590661257,6.04880110646904,6.697927611808961,6.89383965513044,7.060812809994545,7.74766196775888,0.049848210252432086,1.0761597610188294,0.1918397923313364
YXIC_at,71.0,7.403407422767315,0.42131309383966675,6.43652023884735,7.112853378945905,7.41275214040749,7.65855942600798,8.2626985547967,0.056907997869200665,1.087319247979562,-0.40039459760898044
YXID_at,71.0,6.998268657845655,0.5337420922062174,6.03134057906155,6.61628084911744,6.87899194253919,7.357928203549925,8.3218004095851,0.07626773396414942,1.3938283205777056,-0.36795235143300875
YXIE_at,71.0,9.681878393861512,0.6389568489428491,7.76950410444599,9.29403424077158,9.75221199028717,10.10129623035525,11.7712416671598,0.06599513265400642,2.6458966013243925,1.2515566175403565
YXIF_at,71.0,6.955495293124681,0.37315236578867816,6.26078094025293,6.693039800149846,6.95414066416368,7.192790001004806,8.1522104022505,0.05364856851495956,1.2143347921198564,0.3126946583306096
YXIG_at,71.0,5.203584432626677,0.4960973953987263,4.42944604801139,4.8119094902952995,5.18350044287301,5.484946671874675,6.46296922181335,0.09533762771065582,1.3350543680979734,-0.28357809722256677
YXIH_at,71.0,4.904694543651463,0.22850865985963031,4.40131398633306,4.750908704489294,4.88526877820776,5.047076407248445,5.59849462597816,0.0465897840988706,0.9550910570938124,1.2925418497761543
YXII_at,71.0,7.324534161024575,0.4245952405967619,6.54708245249215,6.990379156351925,7.33135345978961,7.61846841260707,8.39114481439804,0.057968907136255125,1.017386264144121,-0.595911333565387
YXIJ_at,71.0,6.331588153655855,0.27571891969105145,5.79442528572327,6.08251302157742,6.32769319559007,6.56288316589071,6.84064776354003,0.04354656572724989,0.5511024201190794,-1.0166333550046929
YXIK_at,71.0,6.483545352761354,0.35762563008346954,5.80924563001888,6.19611010842691,6.46988725302028,6.73899631995477,7.47910185148116,0.05515896174477381,0.9551359821438943,-0.30511768245918525
YXIL_at,71.0,6.826669239156746,0.5359197008480464,5.66967961807045,6.438309157033975,6.87737767548095,7.18625335058844,7.96525579461112,0.078503832846345,1.3019644741245244,-0.5606841672443075
YXIM_at,71.0,8.034055682506002,0.3229665884650878,7.48484289605847,7.826220550561665,7.98488826501287,8.18649979087106,9.39888614873176,0.04019969505169614,2.148224235880756,3.909811630199168
YXIO_at,71.0,6.9136662835242175,0.3518280826250465,6.04757249007127,6.70454717389863,6.88699964854133,7.1423963613920645,7.9116157814307,0.05088878580435377,1.167885759309994,0.3817496238622269
YXIP_at,71.0,8.026703890920926,0.3955494730675341,7.26201678335314,7.7211080817131705,8.03463539080847,8.29595540596754,8.97246198870421,0.04927919086624629,0.9212817980153972,-0.6668663143728315
YXIQ_at,71.0,7.46722025644898,0.4283007340842158,6.37682149825218,7.15733968269669,7.43029151029415,7.755285791937185,8.56668281907568,0.05735745289076197,1.1636611527695169,-0.25624776271010274
YXIS_at,71.0,8.047456893111779,0.5642739826125511,7.39282271460673,7.696538492507775,7.97882049368953,8.165805242485284,10.9590754474028,0.070118298253395,8.481858405907511,12.782664835726157
YXIT_at,71.0,8.025596878403125,0.3437927599892331,7.29919790673451,7.781680584926425,8.02711792343445,8.232640060699516,8.99342502469691,0.042837033207384134,0.9936351694696469,-0.0727641331522797
YXJA_at,71.0,7.91586674397096,0.3204772621735329,7.20184349340188,7.736444437503845,7.95742446705387,8.08362714909359,8.59424247882084,0.04048542914364004,0.8872003062623355,-0.20177482631499277
YXJB_at,71.0,8.256239863713642,0.3208982558299236,7.52754813804556,8.035800040877191,8.21831430490128,8.50200931228403,9.10370179792096,0.03886736106593494,0.9431239156293328,-0.021096968393900628
YXJC_at,71.0,7.205774249031651,0.34254599590056584,6.25783356961369,6.98471595906903,7.19810389808822,7.37487251979426,8.42777710116105,0.047537708518498055,1.6249002281201919,1.8896400054308984
YXJD_at,71.0,7.727609344075015,0.36569653424538406,6.85567991330286,7.497744653003435,7.73258772802024,7.94921057901401,8.71126397120491,0.04732337233452081,1.2018971236303477,0.3469338826491968
YXJE_at,71.0,8.246867508614255,0.3924203761037472,7.44194228658386,7.9872619029992,8.28245863437027,8.486293573636434,9.30678696212584,0.04758417371127219,1.2456417992298532,0.2279820933271508
YXJF_at,71.0,7.6687479728304515,0.285705065359469,7.11840281077794,7.4460920597047,7.68240258116198,7.84772413705713,8.35714509707601,0.03725576409235136,0.7109015760639912,-0.49838970005352756
YXJG_at,71.0,8.29045057426078,0.5745126303361324,7.00753439191868,7.924993555728685,8.30086938046135,8.68789570855067,9.39459774867095,0.06929811898521077,1.3368022235666348,-0.6692733876199077
YXJH_at,71.0,7.661354645650171,0.2581091761842437,7.16125282209344,7.466739590724551,7.65347587404811,7.839271240144676,8.18912729875308,0.033689756984528633,0.5422525416529662,-0.9085470035944674
YXJI_at,71.0,6.847618912469073,0.299939410131546,6.27473855059569,6.659925145378015,6.83366329167618,7.044377974326165,7.75332130541112,0.04380200095326211,0.9222650244808905,0.12271824379798835
YXJJ_at,71.0,10.47626048213944,0.3752705595362146,9.56967027927575,10.1978831934096,10.5343098690477,10.6846324951308,11.872704864397,0.03582104131297598,1.8813086637351983,2.175108264673394
YXJL_at,71.0,7.036332338226811,0.2360835862117644,6.64267284629172,6.8956268792441495,6.97197111712864,7.127461268613275,7.70318833058506,0.033552080098487584,0.8406095452271758,0.6371010527656833
YXJM_at,71.0,7.002125434484694,0.2988794440378404,6.06468421293125,6.839152232617595,7.00808739186492,7.172498520131635,7.81039144750034,0.04268410311044874,1.2779661829881812,1.39438716069672
YXJN_at,71.0,7.972184554377052,0.37022574239648665,7.32906838358659,7.726363443057165,7.92191346093562,8.1778430986543,9.60912481166441,0.04643968536744646,2.8197613485086723,4.931356855380788
YXJO_at,71.0,7.704884781859769,0.2302499405649084,7.13529329044367,7.5365969857130555,7.72126941656408,7.823473410851101,8.43198903955925,0.029883631888565604,0.8098591341671635,0.5912123549955228
YXKA_at,71.0,5.707473559697894,0.27389309495269126,5.00824456348168,5.55202677387602,5.72788076081056,5.850089542671331,6.52724136144332,0.04798850000580448,1.0393709025247584,0.8850365593035159
YXKC_at,71.0,5.953092164052267,0.3116262201209397,5.35007755614895,5.7106489966145855,5.93734012809972,6.1381761300169195,6.78486357282711,0.05234695038029042,1.0232309481540842,0.34367598221164464
YXKD_at,71.0,6.789461083498026,0.33627982677104445,6.08639561855753,6.557284568918005,6.76194750973157,7.019489235143736,7.59843305944365,0.04952967881182528,0.8130855413650933,-0.5728800812986603
YXKF_at,71.0,7.150021891809203,0.2461020189962783,6.50922257597369,7.0107701638936,7.17035589464422,7.292519364813425,7.85857061013463,0.03441975741056171,0.8501774463056873,0.5247910910518261
YXKH_at,71.0,7.931880353866937,0.3099847571590783,7.28508991242098,7.740753098691664,7.91732845053563,8.15663230404395,8.61982984040325,0.03908086649440634,0.7806122214942767,-0.46663351979259327
YXKI_at,71.0,7.305663827358665,0.21683266130958864,6.71294449633551,7.141535998136865,7.33453354698449,7.43607784104569,7.81302799561037,0.029680076504147557,0.6476174327040485,0.029412135425244124
YXKJ_at,71.0,7.7033327184827405,0.31973650444099794,7.08591135112752,7.514262956425975,7.70263369056439,7.893966986851945,8.47835412412942,0.04150625659383095,0.8759605653239105,-0.23220482103036844
YXKO_at,71.0,8.636257460925872,0.2852463406070714,7.77546099076635,8.46081381992223,8.63882726283489,8.755355886036934,9.71557357904827,0.03302892970683748,1.622224814908718,2.8886442705497153
YXLA_at,71.0,6.84381306676371,0.2727374821156196,6.22025619127032,6.66940403486424,6.84277832563858,7.00708381143577,7.57461228149158,0.03985168493864068,0.802255874187504,-0.01846846504440114
YXLC_at,71.0,11.083469361825427,1.011240770725592,9.39652083201661,10.31253060334355,10.8333865428111,11.77845933716835,13.5140871715661,0.09123864899275928,2.467783524964953,-0.5490901179515069
YXLD_at,71.0,11.264994136965024,1.0264077137088148,8.93209346254133,10.532642683622349,11.0053580456099,12.095057632465402,13.7171892713918,0.09111480230076231,2.6527202541947634,-0.39649436015988204
YXLE_at,71.0,10.382964544729353,1.013657033200383,8.46761342116063,9.585252187098824,10.2353756522886,11.08948012913395,12.728642816267,0.09762693774341549,2.5302940819044584,-0.48995348631606683
YXLF_at,71.0,10.64451895940134,1.0145090940841568,8.66642707540699,9.894731671603346,10.4683410052524,11.400350654261398,13.0640389371006,0.0953081203531638,2.527581562452265,-0.49500431282970014
YXLG_at,71.0,10.643085766240278,0.9919064798368239,8.47959215996364,10.009715957981705,10.3965268069079,11.3774461768399,13.1393761985469,0.09319726455490358,2.7155905496162935,-0.23419972077345053
YXLH_at,71.0,9.586551815219138,1.1171492840364214,7.30854834472401,8.721651560242945,9.50060450856123,10.08793146338955,12.1696003712419,0.11653296258858062,3.1301192907490116,-0.16629485705462033
YXLJ_at,71.0,9.238347863096827,0.8386877790137,8.0959426430826,8.67909549253001,8.96755512862922,9.627967766285614,11.3539137211885,0.09078330795096946,2.623389734216094,0.17897530458411293
YXNA_at,71.0,8.207403258732048,0.2804479764808896,7.59690932974747,8.012427660791264,8.20742261701389,8.33783937083619,9.06975421115418,0.034170122709946585,1.3012928665916137,1.7800026711800134
YXNB_at,71.0,7.2109692426973595,0.43501455613679835,6.40564376748547,6.8780075021505,7.17905779331277,7.4977904861697695,8.42036471177717,0.06032678014503295,1.148616551332907,-0.33726465879404355
YXXB_at,71.0,7.120340625917987,0.22896277902789966,6.68491749210093,6.9523486235812,7.13658613824699,7.270432236109331,7.61723780423878,0.0321561553101093,0.5412414919368288,-0.6300561331522094
YXXD_i_at,71.0,4.435529826346079,0.4472370181794267,3.62251381087421,4.07976824247727,4.39759805525215,4.642824433213595,5.6355393740286,0.10083057395374423,1.1979265866074926,-0.29692821627940624
YXXE_at,71.0,5.873203088896763,0.3503872882824831,5.1142138754119,5.665820667317555,5.81094981511455,6.069486669038805,6.72939782113916,0.059658636518952854,1.0282042330248387,-0.025896632473469516
YXXF_at,71.0,6.262625185346329,0.22396407921930253,5.79817131796079,6.119243929192685,6.25648974286025,6.3894749881187405,6.92905833440069,0.035762012349604966,0.8754331653960955,1.0057483009524866
YXXG_at,71.0,6.469370367139443,0.40157503336428874,5.73413657971787,6.1307512484184645,6.46129102926374,6.770714230384945,7.48507715611635,0.062073279248943805,1.0240818685253812,-0.43281953685512864
YXZC_at,71.0,5.755492491959246,0.5141155984315786,4.91700681829878,5.334026597305895,5.7569906428003,6.068681255341865,7.05093003766468,0.0893260827200848,1.4463581936488201,-0.15421072247987677
YXZE_at,71.0,8.473066990437422,0.40571913854991487,7.70712484564811,8.2128780832793,8.5148734807965,8.75025823050172,9.610619349613,0.04788338614669322,1.2973777062148804,0.25283277022349004
YXZF_at,71.0,8.911274285377079,0.6465839141902364,8.01318797644175,8.488660827596656,8.67349204000876,9.274235554259615,10.5563727468462,0.0725579634835442,1.9775779189335878,0.10542110337107324
YXZG_at,71.0,7.3732286178426625,0.5455414505253228,6.39949011179939,6.925200556090211,7.45768265548119,7.7013397050257,8.61407444004686,0.07398949345001364,1.2555351710370428,-0.696165245174404
YYAA_at,71.0,9.408261116938585,0.35326643254903506,8.48800542227736,9.163754635756959,9.42078133881403,9.663894650274255,10.0480871105689,0.037548536138417334,0.8909655801405794,-0.4625565507712359
YYAB_at,71.0,6.299168969204236,0.34541642674491224,5.53292555316629,6.08941936838665,6.27316070711387,6.5043791600882805,7.09122430761291,0.05483523754222268,1.0543779148414292,0.09904893843855511
YYAC_at,71.0,6.583741725965662,0.32666944849234925,5.87937708510598,6.310659342989915,6.5621053980898,6.773693695428625,7.41405802963258,0.04961759772622846,0.9061800027641196,-0.19581925153234803
YYAD_at,71.0,7.0643445704557335,0.4174787050252463,6.30839768532202,6.710776411726415,7.10119670424863,7.44280973548879,7.74573228448596,0.05909659429286786,0.7580379825511413,-1.2104309069827768
YYAE_at,71.0,7.482381895854597,0.2411485392577143,6.84294337094516,7.3286483808354,7.49906869267739,7.591250197217975,8.15140136247372,0.03222884672477301,0.9038755808445863,0.8357015556860956
YYAF_at,71.0,8.358813314432469,0.33024200570889767,7.70713565083619,8.079859827936396,8.30361925632454,8.619798621852404,8.98220985746269,0.039508240378894,0.6689844492329553,-0.9880911233595713
YYAH_at,71.0,8.948944310721876,0.3641896621811246,8.20977718970052,8.696469292064574,8.94538509932696,9.184620061789765,9.90848016206014,0.04069638267217542,1.0032027583681025,-0.21633983654721023
YYAI_at,71.0,8.915191105990065,0.3188162469048714,8.38017229969464,8.671609212472486,8.86754754533556,9.109891083980525,9.59690025041927,0.035761010965952335,0.7276202331486276,-0.716486171191951
YYAJ_at,71.0,8.044289993536955,0.4091401317490701,7.43189803487721,7.727224969732405,8.00112147649998,8.271070764424644,9.34641536507587,0.050860937643693434,1.613524211075013,1.0426855575149965
YYAK_at,71.0,5.908383372140774,0.3019817675996376,5.28137598222728,5.713668375165955,5.88940941831679,6.073878697524625,6.73009822249454,0.051110726670774764,1.0319165396745378,0.48516489212953307
YYAL_at,71.0,7.981537224384766,0.24901897323258973,7.36809823255523,7.80217826677038,8.02327656437706,8.156639240007715,8.55856226698309,0.031199375036653373,0.6990121075792959,-0.16080728764441288
YYAM_at,71.0,4.386673488855231,0.2556800691416114,3.90313407844141,4.201532277966075,4.34516003003766,4.514237254900655,5.09379935441662,0.05828563940106128,0.8639170783715769,0.4446652237743094
YYAN_at,71.0,4.9825024462476195,0.4546147751713785,4.18589530927663,4.76669603153122,4.97177137221999,5.169600106913521,6.28105515836943,0.09124225829808758,1.7286924752745996,0.893230241506572
YYAO_at,71.0,7.754933803659856,0.6169597576622119,6.18075435990365,7.369932264522975,7.68551810406244,8.26747556749404,8.88899622205101,0.07955706306236224,1.5965149690060363,-0.3930606004617485
YYAP_at,71.0,7.410233667471636,0.6242960628087746,5.45514564942987,6.96748634714422,7.49008994176685,7.851651638012575,8.71423897337603,0.08424782413397008,2.085216372703098,0.403592781627625
YYAQ_at,71.0,6.627807853333729,0.5124442253617129,5.20971579594873,6.273650580249775,6.6565671467636,6.98370407789897,7.65761423252245,0.07731730259861984,1.4533989201075548,-0.12994751181475106
YYAR_at,71.0,6.8802400706604026,0.49369512638418755,5.65170105508009,6.527959732019665,6.8868193583483,7.15903439543773,7.95329429519087,0.07175550871974153,1.3411292726528692,-0.25668435108908616
YYAS_at,71.0,5.804259730490162,0.39068673683821004,5.06694632168469,5.490159048814135,5.77865472593048,6.031858471655029,6.83891487934275,0.06731034705182241,1.1240622186026579,-0.08660397230836336
YYAT_at,71.0,7.451502222901051,0.459981013579116,6.41928349473819,7.141378654065455,7.4536916329857,7.7158579744499445,8.58186414603909,0.06172997065818954,1.3391721552337754,-0.050371640782322924
YYBA_at,71.0,7.966011649150474,0.4414890231843062,6.47446502108386,7.621392424856049,7.94129332763305,8.32908661944812,8.8009243492911,0.055421588949269025,1.6248390268337884,0.7638606016365728
YYBB_at,71.0,7.194059639430533,0.3314448745587628,6.16776794708409,7.006064048984635,7.18351370277102,7.38459378158052,8.05726530579979,0.04607202208084549,1.2469205687401126,0.8503814968550971
YYBC_at,71.0,7.556357201147425,0.45055576387754515,6.66221255539848,7.254444142791135,7.59619543864365,7.843980558441205,8.70499672911122,0.05962605417980091,1.1664045896581505,-0.391896278088276
YYBD_at,71.0,7.349683185655216,0.3776164999066597,6.57894694574828,7.09858790952325,7.38041767870675,7.5965385594602,8.37813353992425,0.05137860916830738,1.2012463047053672,0.2352605226960951
YYBE_at,71.0,7.376621493225942,0.3823546945654297,6.69747573457482,7.123424969580364,7.36474578117014,7.623593432652815,8.33023850850775,0.051833308095928676,0.9620161425081288,-0.4689598417197569
YYBF_at,71.0,7.176522816879349,0.37910012844379076,6.21258805565216,6.916058704641815,7.17499896499936,7.38855482996485,8.45785538418673,0.05282504328588469,1.590145694363838,1.3082714709262309
YYBG_at,71.0,7.773582228475593,0.3328501379231527,7.13564754035253,7.606856739850735,7.72149374878103,7.92958506373815,8.96567559643364,0.04281811501316362,1.6377316334415783,2.076766031665694
YYBH_at,71.0,7.199630323035606,0.450191918323909,6.30654825031489,6.91753933723468,7.17054691479527,7.4490648699969455,8.65475267975911,0.06252986585762545,1.6526570196507266,0.7539546995124682
YYBI_at,71.0,6.356506673700884,0.41035738302888297,5.52716897009257,6.0537450895399445,6.33772875188547,6.61321578939889,8.03765585489221,0.06455706004788395,2.267429147753422,2.7175356080519872
YYBJ_at,71.0,4.439931575679711,0.3929522494257303,3.77443365939511,4.1939872849260045,4.35973292901489,4.62614148342829,5.66756123490116,0.08850412280634598,1.4942844217422835,0.8934091188314177
YYBK_at,71.0,4.436920666142145,0.5164207987062654,3.65703901943414,4.119652846030765,4.34648620626178,4.595551087021795,6.30859989633742,0.11639171343473396,2.6747362357585476,2.351050276042767
YYBL_at,71.0,4.259686578875195,0.40125297376348223,3.66156976059308,4.000593667004885,4.2125187816801,4.43572108680139,5.68772963766516,0.09419776932730022,1.9215957412500146,1.9377010204479763
YYBM_at,71.0,4.411982502453573,0.3919472942106791,3.75465765254465,4.09129176872956,4.45843322761932,4.655339365475685,5.80527467819654,0.08883700105172924,1.6614015364912535,1.355190304894597
YYBN_at,71.0,5.68595522540946,0.5437606876246585,4.68401947649663,5.334394496235484,5.60270212184611,5.967614201450845,7.04196236432954,0.09563224929994078,1.527562782920034,-0.15848634703288234
YYBO_at,71.0,6.981615433283614,0.4305961035792458,5.94898500267725,6.67098025467711,6.96676456672596,7.280124715280715,8.17514351913055,0.06167571211763616,1.3003576934211416,0.06455012831634521
YYBP_at,71.0,7.976197664073202,0.3261660413613326,7.16568331173677,7.792692278489055,7.9777139649494,8.135912419322135,8.98896692081236,0.04089242206602607,1.283771925516956,1.0344799069057622
YYBQ_at,71.0,9.18367882398701,0.7041279550649058,7.19774640517406,8.958399825031435,9.31027099939685,9.672129361220229,10.471802964935,0.07667166595872034,2.3658019059761792,0.4245524426666911
YYBR_at,71.0,8.106424931122074,0.3108896557651081,7.32735002279014,7.9299486023063945,8.11374524971107,8.305831863193255,8.88263068109535,0.0383510189024936,1.0074135628874432,0.2980423322103545
YYBS_at,71.0,6.571957521802282,0.4723458951710156,5.67665227579983,6.276141006897134,6.42416759389152,6.9196053806835796,7.96728971616344,0.07187293794946507,1.4619278766875643,0.14410534610794246
YYBT_at,71.0,8.355562492947778,0.34926277521743176,7.55219550460399,8.167439123702714,8.3246256256462,8.54170811300197,9.41632811330452,0.041800031477499555,1.356513241601529,0.9794073902169949
YYCA_at,71.0,7.417498368821422,0.19718219407412885,6.97893336000703,7.29334719263967,7.39441946884975,7.53548814257831,7.85240425299134,0.026583382195668675,0.5526930359287893,-0.1651564447635625
YYCB_at,71.0,8.211014108738787,0.41363500699427475,7.32813360480268,7.91548596480056,8.24394288325758,8.43012713957027,9.31639639874052,0.05037562979633086,1.1821038071732528,-0.10704117700868965
YYCC_at,71.0,6.501865244174862,0.5963053210333183,5.30317339321326,6.011001278351539,6.46147468798447,6.84925734362192,7.97069183894097,0.09171296214844794,1.5362623097233339,-0.40514365067642233
YYCD_at,71.0,7.369466794547397,0.40739525030873674,6.50896046041223,7.17235089537661,7.3191890484852,7.538722105347546,9.05637785016601,0.055281509730142876,2.686526144419334,3.849310711109477
YYCE_at,71.0,6.815647103788227,0.3356217497750975,5.95763948045978,6.589236745533331,6.81402177545497,7.01650806900495,7.72761987057585,0.04924282972170823,1.1566725833108251,0.51609223838628
YYCF_at,71.0,8.472049867808776,0.2979032850604402,7.84386785708197,8.260219298889945,8.45914599943164,8.678347628101875,9.34176781347274,0.035163070296880865,1.0575188207711197,0.6256967048853528
YYCG_at,71.0,8.16971924748125,0.34208937124804795,7.54059019767671,7.95048312057924,8.13728838936605,8.31398655267756,9.38204550602714,0.041872842980928034,1.5459255155928868,1.6519043932075572
YYCH_at,71.0,8.571405547175825,0.29481557545488585,7.75741310344733,8.360835848895675,8.54903254220346,8.75310909608214,9.51252172396648,0.034395242860959255,1.185633076979126,1.1251822864326941
YYCI_at,71.0,7.844180264372597,0.38080564580939413,7.0032920574207,7.637903348795964,7.818535485637,8.120192588686557,8.80964289103306,0.04854626397852831,0.9955124239673654,-0.36498720475789703
YYCJ_at,71.0,8.019102680094916,0.2882172897123405,7.51203593628287,7.83935727146826,7.95735823637832,8.164326935204485,8.83270793585123,0.035941339225865745,1.048597641516535,0.7192396356491235
YYCN_at,71.0,8.36965055941669,0.3119527234440664,7.5311900377878,8.17138359085276,8.3371409442039,8.566753247514814,8.97230554335103,0.03727189339978937,0.8492158187348818,-0.2506014301232766
YYCO_at,71.0,8.656521863819762,0.24036954711936814,8.18167350884257,8.498576649655105,8.66101924178276,8.820793930290215,9.37615453951006,0.027767451050288584,0.7782951635544274,0.29538386202554445
YYCP_at,71.0,8.725998333690951,0.28257165281539937,8.14024361981628,8.506739664883494,8.74715783563468,8.89679023234159,9.5751825328037,0.03238273054951138,0.8623398483674257,0.09827914910221835
YYCQ_at,71.0,6.177799193814198,0.24180140994889354,5.54485071207586,6.02988861603097,6.20969485348648,6.299973153654145,6.68070849850265,0.039140380313916354,0.7071234670998082,-0.03657132087635473
YYCR_at,71.0,8.119271192781135,0.2826120045373807,7.5931756732696,7.9580947160830195,8.09110519692851,8.224635310240405,9.33700860915787,0.03480755819421967,2.2485195888833025,5.291226774544379
YYCS_at,71.0,7.935634269840443,0.3936917004982703,7.00816068331569,7.681103416341295,7.92376304974883,8.17084431100226,9.20284184749022,0.04961061549856254,1.5015217163896244,0.9053110486615186
YYDA_at,71.0,7.535643576997987,0.3420098373132501,6.87727117840402,7.3464041294865705,7.52662649225412,7.7627076217018,9.10614452926259,0.0453856175413087,2.6786806003705874,5.1598979290436535
YYDB_at,71.0,6.581417641271739,0.5500749584573633,5.38919279996948,6.18647709762753,6.46888848676413,7.06520424421795,7.77316917981996,0.08358001093987273,1.195296965790235,-0.8321994398609469
YYDC_r_at,71.0,3.554264510102189,0.20204557742005516,3.34117863747971,3.457264596330295,3.50837683413901,3.58232515478527,4.73791622877539,0.05684595978880765,4.032179261646829,17.99771655304572
YYDD_at,71.0,4.642921546101693,0.3617103593327694,4.00159308484183,4.4026087139362104,4.60851408267118,4.833405608792325,5.55401118267868,0.07790576595817562,1.2080242075167171,0.40321951178969107
YYDF_i_at,71.0,8.164854556163773,0.6072335938536769,6.45702948211676,7.817181558821125,8.19138533939201,8.60289432684965,9.32125369464608,0.07437163634412411,1.927917742333114,0.22868708071491195
YYDG_at,71.0,5.485482207908177,0.5392491389822123,4.5900547691648,5.143494423925555,5.44722238643998,5.764089811016975,7.2895366292164,0.09830478316105021,2.041113096037674,0.8747629309073366
YYDH_at,71.0,5.129857402431758,0.47263750807428484,4.31097192816672,4.78452881020802,5.10367836117097,5.435068292903219,6.51382797515564,0.09213462889830734,1.5343747921507633,0.30438220409056216
YYDI_at,71.0,6.194528504673743,0.31397275313795675,5.55051550928402,5.9973736542892,6.15768421269953,6.322935424548495,7.51788522018075,0.050685496547649395,1.9632115691493754,3.4876286719201266
YYDJ_at,71.0,5.125698525021545,0.4130878586680266,4.36066679612048,4.8625661811073755,5.10422568537829,5.375221733593535,6.43569928274626,0.08059152457982109,1.3700277495885762,0.37865195549663877
YYDK_at,71.0,6.99471475284327,0.30815476222901833,6.26445160781306,6.81979699972314,6.95919039457285,7.149595147108625,7.95892720876143,0.04405537225142127,1.193858881205303,0.9691213802845855
YYXA_at,71.0,7.259798778965449,0.28802495958437574,6.68157003779646,7.083498717579435,7.23558921059034,7.47700649960815,7.94785651802767,0.03967395906604184,0.772987861071144,-0.29137146078233966
YYZB_at,71.0,4.123667126159436,0.3831871496439579,3.38550894034889,3.833599192016385,4.0707206665172,4.35426809942206,5.51096600580953,0.09292388010979878,1.7130217587264511,1.6004329616064812
YYZE_at,71.0,7.5334503185078585,0.282674744559695,7.00483283453927,7.295208186484205,7.51705481512546,7.72169216555909,8.48601836126111,0.0375226134916204,1.1049872821733575,1.0059926954679286
zur_at,71.0,7.264484371789296,0.38111104110838895,6.59977615602689,7.012072866714815,7.22437975268083,7.439957391675035,8.46649742621434,0.05246222878369528,1.6212203082822036,1.3711705637880618
x,71.0,-7.1594321193458645,0.9204256008484167,-9.96578428466209,-7.687876207131265,-6.94786237666482,-6.44852234699489,-5.67300253543424,-0.12856125814242836,3.301608943245607,0.665056347945379
