2026-05-04 17:05:23,719 - MainPipeline - INFO - === INICIANDO PIPELINE COMPLETO ===
2026-05-04 17:05:23,719 - utils - INFO - Directorio creado/verificado: results
2026-05-04 17:05:23,719 - MainPipeline - INFO - === Procesando dataset: wine ===
2026-05-04 17:05:23,724 - utils - INFO - Dataset cargado correctamente: data/raw/wine_quality.csv
2026-05-04 17:05:23,726 - DataLoader - INFO - Wine cargado: 6497 filas, 12 columnas
2026-05-04 17:05:23,726 - MainPipeline - INFO - Ejecutando PLSExperiment (CV) para wine
2026-05-04 17:05:23,726 - PLSExperiment - INFO - Iniciando experimento PLS para dataset: wine
2026-05-04 17:05:23,726 - experiment - INFO - Preparando datos para dataset: wine
2026-05-04 17:05:23,729 - utils - INFO - Dataset cargado correctamente: data/raw/wine_quality.csv
2026-05-04 17:05:23,729 - DataLoader - INFO - Wine cargado: 6497 filas, 12 columnas
2026-05-04 17:05:23,729 - Preprocessing - INFO - Preprocesando dataset de regresión
2026-05-04 17:05:23,731 - experiment - INFO - Dataset de regresión preprocesado correctamente.
2026-05-04 17:05:23,731 - utils - INFO - Directorio creado/verificado: results/wine/csv
2026-05-04 17:05:23,731 - PLSModel - INFO - Entrenando PLS con 1 componentes
2026-05-04 17:05:23,739 - PLSModel - INFO - PLS ajustado correctamente
2026-05-04 17:05:23,740 - PLSExperiment - INFO - wine | Componentes=1 | RMSE=0.7766
2026-05-04 17:05:23,740 - PLSModel - INFO - Entrenando PLS con 2 componentes
2026-05-04 17:05:23,743 - PLSModel - INFO - PLS ajustado correctamente
2026-05-04 17:05:23,744 - PLSExperiment - INFO - wine | Componentes=2 | RMSE=0.7456
2026-05-04 17:05:23,744 - PLSModel - INFO - Entrenando PLS con 3 componentes
2026-05-04 17:05:23,745 - PLSModel - INFO - PLS ajustado correctamente
2026-05-04 17:05:23,746 - PLSExperiment - INFO - wine | Componentes=3 | RMSE=0.7379
2026-05-04 17:05:23,746 - PLSModel - INFO - Entrenando PLS con 4 componentes
2026-05-04 17:05:23,747 - PLSModel - INFO - PLS ajustado correctamente
2026-05-04 17:05:23,748 - PLSExperiment - INFO - wine | Componentes=4 | RMSE=0.7356
2026-05-04 17:05:23,748 - PLSModel - INFO - Entrenando PLS con 5 componentes
2026-05-04 17:05:23,749 - PLSModel - INFO - PLS ajustado correctamente
2026-05-04 17:05:23,749 - PLSExperiment - INFO - wine | Componentes=5 | RMSE=0.7344
2026-05-04 17:05:23,749 - PLSModel - INFO - Entrenando PLS con 6 componentes
2026-05-04 17:05:23,751 - PLSModel - INFO - PLS ajustado correctamente
2026-05-04 17:05:23,751 - PLSExperiment - INFO - wine | Componentes=6 | RMSE=0.7342
2026-05-04 17:05:23,752 - PLSModel - INFO - Entrenando PLS con 7 componentes
2026-05-04 17:05:23,753 - PLSModel - INFO - PLS ajustado correctamente
2026-05-04 17:05:23,753 - PLSExperiment - INFO - wine | Componentes=7 | RMSE=0.7341
2026-05-04 17:05:23,753 - PLSModel - INFO - Entrenando PLS con 8 componentes
2026-05-04 17:05:23,755 - PLSModel - INFO - PLS ajustado correctamente
2026-05-04 17:05:23,756 - PLSExperiment - INFO - wine | Componentes=8 | RMSE=0.7338
2026-05-04 17:05:23,756 - PLSModel - INFO - Entrenando PLS con 9 componentes
2026-05-04 17:05:23,758 - PLSModel - INFO - PLS ajustado correctamente
2026-05-04 17:05:23,758 - PLSExperiment - INFO - wine | Componentes=9 | RMSE=0.7338
2026-05-04 17:05:23,758 - PLSModel - INFO - Entrenando PLS con 10 componentes
2026-05-04 17:05:23,760 - PLSModel - INFO - PLS ajustado correctamente
2026-05-04 17:05:23,761 - PLSExperiment - INFO - wine | Componentes=10 | RMSE=0.7338
2026-05-04 17:05:23,761 - PLSModel - INFO - Entrenando PLS con 11 componentes
2026-05-04 17:05:23,763 - PLSModel - INFO - PLS ajustado correctamente
2026-05-04 17:05:23,764 - PLSExperiment - INFO - wine | Componentes=11 | RMSE=0.7338
2026-05-04 17:05:23,764 - PLSExperiment - INFO - Mejor número de componentes para wine: 11
2026-05-04 17:05:23,765 - PLSExperiment - INFO - Resultados PLS guardados en results/wine/csv/pls_cv_wine.csv
2026-05-04 17:05:23,765 - MainPipeline - INFO - Entrenando PLS FINAL para wine
2026-05-04 17:05:23,765 - PLSFinalExperiment - INFO - Entrenando PLS FINAL para dataset: wine con 11 componentes
2026-05-04 17:05:23,765 - experiment - INFO - Preparando datos para dataset: wine
2026-05-04 17:05:23,767 - utils - INFO - Dataset cargado correctamente: data/raw/wine_quality.csv
2026-05-04 17:05:23,768 - DataLoader - INFO - Wine cargado: 6497 filas, 12 columnas
2026-05-04 17:05:23,768 - Preprocessing - INFO - Preprocesando dataset de regresión
2026-05-04 17:05:23,768 - experiment - INFO - Dataset de regresión preprocesado correctamente.
2026-05-04 17:05:23,769 - utils - INFO - Directorio creado/verificado: results/wine/csv
2026-05-04 17:05:23,771 - PLSFinalExperiment - INFO - Resultados PLS FINAL guardados en results/wine/csv/pls_final_results_wine.csv
2026-05-04 17:05:23,771 - MainPipeline - INFO - Ejecutando ClassicalExperiment para wine
2026-05-04 17:05:23,771 - ClassicalExperiment - INFO - Iniciando métodos clásicos para dataset: wine
2026-05-04 17:05:23,771 - experiment - INFO - Preparando datos para dataset: wine
2026-05-04 17:05:23,773 - utils - INFO - Dataset cargado correctamente: data/raw/wine_quality.csv
2026-05-04 17:05:23,774 - DataLoader - INFO - Wine cargado: 6497 filas, 12 columnas
2026-05-04 17:05:23,774 - Preprocessing - INFO - Preprocesando dataset de regresión
2026-05-04 17:05:23,774 - experiment - INFO - Dataset de regresión preprocesado correctamente.
2026-05-04 17:05:23,775 - utils - INFO - Directorio creado/verificado: results/wine/csv
2026-05-04 17:05:23,775 - OLSModel - INFO - Inicializando modelo OLS
2026-05-04 17:05:23,775 - RidgeModel - INFO - Inicializando Ridge con alpha=1.0
2026-05-04 17:05:23,775 - LassoModel - INFO - Inicializando Lasso con alpha=0.01
2026-05-04 17:05:23,777 - OLSModel - INFO - OLS ajustado correctamente
2026-05-04 17:05:23,778 - ClassicalExperiment - INFO - wine | OLS | {'mse': 0.5466964419594444, 'rmse': np.float64(0.7393892357611412), 'mae': 0.5658710079723465, 'mdae': 0.4547783669572989, 'mape': np.float64(10.082784622308342), 'rmsle': np.float64(0.11073784427014244), 'r2': 0.2597673129771396, 'adj_r2': 0.259197025853085, 'nrmse': np.float64(0.12323153929352354), 'train_time': 0.0004799365997314453, 'model': 'OLS'}
2026-05-04 17:05:23,782 - RidgeModel - INFO - Ridge ajustado correctamente
2026-05-04 17:05:23,783 - ClassicalExperiment - INFO - wine | Ridge | {'mse': 0.5466702693184717, 'rmse': np.float64(0.7393715367245832), 'mae': 0.5658673737830056, 'mdae': 0.4551450600642517, 'mape': np.float64(10.082710206223398), 'rmsle': np.float64(0.1107349174416061), 'r2': 0.25980275100612016, 'adj_r2': 0.259232491184091, 'nrmse': np.float64(0.1232285894540972), 'train_time': 0.000637054443359375, 'model': 'Ridge'}
2026-05-04 17:05:23,784 - LassoModel - INFO - Lasso ajustado correctamente
2026-05-04 17:05:23,785 - ClassicalExperiment - INFO - wine | Lasso | {'mse': 0.5428807376292126, 'rmse': np.float64(0.7368044093443067), 'mae': 0.5678303904137036, 'mdae': 0.46410485927401846, 'mape': np.float64(10.113534513831732), 'rmsle': np.float64(0.11028745415985748), 'r2': 0.26493381645597835, 'adj_r2': 0.26436750968899536, 'nrmse': np.float64(0.12280073489071779), 'train_time': 0.0005340576171875, 'model': 'Lasso'}
2026-05-04 17:05:23,785 - PCRModel - INFO - Seleccionando número óptimo de componentes para PCR...
2026-05-04 17:05:23,819 - PCRModel - INFO - Mejor número de componentes para PCR: 11
2026-05-04 17:05:23,819 - PCRModel - INFO - Entrenando PCR con 11 componentes
2026-05-04 17:05:23,820 - PCRModel - INFO - PCR ajustado correctamente
2026-05-04 17:05:23,821 - ClassicalExperiment - INFO - wine | PCR | {'mse': 0.5466964419594444, 'rmse': np.float64(0.7393892357611412), 'mae': 0.5658710079723465, 'mdae': 0.4547783669572989, 'mape': np.float64(10.082784622308342), 'rmsle': np.float64(0.11073784427014244), 'r2': 0.2597673129771396, 'adj_r2': 0.259197025853085, 'nrmse': np.float64(0.12323153929352354), 'train_time': 0.0004589557647705078, 'model': 'PCR'}
2026-05-04 17:05:23,821 - ClassicalExperiment - INFO - Resultados clásicos guardados en results/wine/csv/classical_results_wine.csv
2026-05-04 17:05:23,821 - MainPipeline - INFO - Comparando resultados para wine
2026-05-04 17:05:23,821 - CompareRunner - INFO - Comparando resultados para dataset: wine
2026-05-04 17:05:23,821 - utils - INFO - Directorio creado/verificado: results/wine
2026-05-04 17:05:23,821 - utils - INFO - Directorio creado/verificado: results/wine/csv
2026-05-04 17:05:23,821 - utils - INFO - Directorio creado/verificado: results/wine/figures
2026-05-04 17:05:23,822 - CompareRunner - INFO - Resultados cargados: results/wine/csv/pls_cv_wine.csv
2026-05-04 17:05:23,822 - CompareRunner - INFO - Resultados cargados: results/wine/csv/classical_results_wine.csv
2026-05-04 17:05:23,824 - CompareRunner - INFO - PLS FINAL incluido en comparación: results/wine/csv/pls_final_results_wine.csv
2026-05-04 17:05:23,824 - CompareRunner - INFO - Modelo PLS_CV_11_components seleccionó 11 componentes
2026-05-04 17:05:23,825 - CompareRunner - INFO - Tabla comparativa guardada en results/wine/csv/comparison_wine.csv
2026-05-04 17:05:23,859 - CompareRunner - INFO - Tabla LaTeX guardada en results/wine/csv/comparison_wine.tex
2026-05-04 17:05:24,203 - CompareRunner - INFO - Gráfico guardado: results/wine/figures/rmse_wine.png
2026-05-04 17:05:24,243 - CompareRunner - INFO - Gráfico guardado: results/wine/figures/mae_wine.png
2026-05-04 17:05:24,283 - CompareRunner - INFO - Gráfico guardado: results/wine/figures/mdae_wine.png
2026-05-04 17:05:24,321 - CompareRunner - INFO - Gráfico guardado: results/wine/figures/mape_wine.png
2026-05-04 17:05:24,358 - CompareRunner - INFO - Gráfico guardado: results/wine/figures/rmsle_wine.png
2026-05-04 17:05:24,398 - CompareRunner - INFO - Gráfico guardado: results/wine/figures/r2_wine.png
2026-05-04 17:05:24,435 - CompareRunner - INFO - Gráfico guardado: results/wine/figures/adj_r2_wine.png
2026-05-04 17:05:24,473 - CompareRunner - INFO - Gráfico guardado: results/wine/figures/nrmse_wine.png
2026-05-04 17:05:24,473 - MainPipeline - INFO - === Dataset wine procesado correctamente ===
2026-05-04 17:05:24,473 - MainPipeline - INFO - === Procesando dataset: gasoline ===
2026-05-04 17:05:24,477 - utils - INFO - Dataset cargado correctamente: data/raw/gasoline.csv
2026-05-04 17:05:24,479 - DataLoader - INFO - Gasoline cargado: 60 filas, 402 columnas
2026-05-04 17:05:24,479 - MainPipeline - INFO - Ejecutando PLSExperiment (CV) para gasoline
2026-05-04 17:05:24,479 - PLSExperiment - INFO - Iniciando experimento PLS para dataset: gasoline
2026-05-04 17:05:24,479 - experiment - INFO - Preparando datos para dataset: gasoline
2026-05-04 17:05:24,482 - utils - INFO - Dataset cargado correctamente: data/raw/gasoline.csv
2026-05-04 17:05:24,483 - DataLoader - INFO - Gasoline cargado: 60 filas, 402 columnas
2026-05-04 17:05:24,483 - Preprocessing - INFO - Preprocesando dataset de regresión
2026-05-04 17:05:24,484 - experiment - INFO - Dataset de regresión preprocesado correctamente.
2026-05-04 17:05:24,484 - utils - INFO - Directorio creado/verificado: results/gasoline/csv
2026-05-04 17:05:24,484 - PLSModel - INFO - Entrenando PLS con 1 componentes
2026-05-04 17:05:24,485 - PLSModel - INFO - PLS ajustado correctamente
2026-05-04 17:05:24,485 - PLSExperiment - INFO - gasoline | Componentes=1 | RMSE=1.2145
2026-05-04 17:05:24,485 - PLSModel - INFO - Entrenando PLS con 2 componentes
2026-05-04 17:05:24,486 - PLSModel - INFO - PLS ajustado correctamente
2026-05-04 17:05:24,486 - PLSExperiment - INFO - gasoline | Componentes=2 | RMSE=0.8007
2026-05-04 17:05:24,486 - PLSModel - INFO - Entrenando PLS con 3 componentes
2026-05-04 17:05:24,486 - PLSModel - INFO - PLS ajustado correctamente
2026-05-04 17:05:24,487 - PLSExperiment - INFO - gasoline | Componentes=3 | RMSE=0.2412
2026-05-04 17:05:24,487 - PLSModel - INFO - Entrenando PLS con 4 componentes
2026-05-04 17:05:24,487 - PLSModel - INFO - PLS ajustado correctamente
2026-05-04 17:05:24,488 - PLSExperiment - INFO - gasoline | Componentes=4 | RMSE=0.2038
2026-05-04 17:05:24,488 - PLSModel - INFO - Entrenando PLS con 5 componentes
2026-05-04 17:05:24,488 - PLSModel - INFO - PLS ajustado correctamente
2026-05-04 17:05:24,489 - PLSExperiment - INFO - gasoline | Componentes=5 | RMSE=0.1600
2026-05-04 17:05:24,489 - PLSModel - INFO - Entrenando PLS con 6 componentes
2026-05-04 17:05:24,489 - PLSModel - INFO - PLS ajustado correctamente
2026-05-04 17:05:24,490 - PLSExperiment - INFO - gasoline | Componentes=6 | RMSE=0.1342
2026-05-04 17:05:24,490 - PLSModel - INFO - Entrenando PLS con 7 componentes
2026-05-04 17:05:24,490 - PLSModel - INFO - PLS ajustado correctamente
2026-05-04 17:05:24,491 - PLSExperiment - INFO - gasoline | Componentes=7 | RMSE=0.1172
2026-05-04 17:05:24,491 - PLSModel - INFO - Entrenando PLS con 8 componentes
2026-05-04 17:05:24,491 - PLSModel - INFO - PLS ajustado correctamente
2026-05-04 17:05:24,492 - PLSExperiment - INFO - gasoline | Componentes=8 | RMSE=0.1069
2026-05-04 17:05:24,492 - PLSModel - INFO - Entrenando PLS con 9 componentes
2026-05-04 17:05:24,492 - PLSModel - INFO - PLS ajustado correctamente
2026-05-04 17:05:24,493 - PLSExperiment - INFO - gasoline | Componentes=9 | RMSE=0.0927
2026-05-04 17:05:24,493 - PLSModel - INFO - Entrenando PLS con 10 componentes
2026-05-04 17:05:24,494 - PLSModel - INFO - PLS ajustado correctamente
2026-05-04 17:05:24,494 - PLSExperiment - INFO - gasoline | Componentes=10 | RMSE=0.0877
2026-05-04 17:05:24,494 - PLSModel - INFO - Entrenando PLS con 11 componentes
2026-05-04 17:05:24,495 - PLSModel - INFO - PLS ajustado correctamente
2026-05-04 17:05:24,495 - PLSExperiment - INFO - gasoline | Componentes=11 | RMSE=0.0822
2026-05-04 17:05:24,495 - PLSModel - INFO - Entrenando PLS con 12 componentes
2026-05-04 17:05:24,496 - PLSModel - INFO - PLS ajustado correctamente
2026-05-04 17:05:24,496 - PLSExperiment - INFO - gasoline | Componentes=12 | RMSE=0.0763
2026-05-04 17:05:24,496 - PLSModel - INFO - Entrenando PLS con 13 componentes
2026-05-04 17:05:24,497 - PLSModel - INFO - PLS ajustado correctamente
2026-05-04 17:05:24,498 - PLSExperiment - INFO - gasoline | Componentes=13 | RMSE=0.0620
2026-05-04 17:05:24,498 - PLSModel - INFO - Entrenando PLS con 14 componentes
2026-05-04 17:05:24,498 - PLSModel - INFO - PLS ajustado correctamente
2026-05-04 17:05:24,499 - PLSExperiment - INFO - gasoline | Componentes=14 | RMSE=0.0512
2026-05-04 17:05:24,499 - PLSModel - INFO - Entrenando PLS con 15 componentes
2026-05-04 17:05:24,500 - PLSModel - INFO - PLS ajustado correctamente
2026-05-04 17:05:24,500 - PLSExperiment - INFO - gasoline | Componentes=15 | RMSE=0.0466
2026-05-04 17:05:24,500 - PLSExperiment - INFO - Mejor número de componentes para gasoline: 15
2026-05-04 17:05:24,501 - PLSExperiment - INFO - Resultados PLS guardados en results/gasoline/csv/pls_cv_gasoline.csv
2026-05-04 17:05:24,501 - MainPipeline - INFO - Entrenando PLS FINAL para gasoline
2026-05-04 17:05:24,501 - PLSFinalExperiment - INFO - Entrenando PLS FINAL para dataset: gasoline con 15 componentes
2026-05-04 17:05:24,501 - experiment - INFO - Preparando datos para dataset: gasoline
2026-05-04 17:05:24,504 - utils - INFO - Dataset cargado correctamente: data/raw/gasoline.csv
2026-05-04 17:05:24,505 - DataLoader - INFO - Gasoline cargado: 60 filas, 402 columnas
2026-05-04 17:05:24,505 - Preprocessing - INFO - Preprocesando dataset de regresión
2026-05-04 17:05:24,506 - experiment - INFO - Dataset de regresión preprocesado correctamente.
2026-05-04 17:05:24,506 - utils - INFO - Directorio creado/verificado: results/gasoline/csv
2026-05-04 17:05:24,508 - PLSFinalExperiment - INFO - Resultados PLS FINAL guardados en results/gasoline/csv/pls_final_results_gasoline.csv
2026-05-04 17:05:24,508 - MainPipeline - INFO - Ejecutando ClassicalExperiment para gasoline
2026-05-04 17:05:24,508 - ClassicalExperiment - INFO - Iniciando métodos clásicos para dataset: gasoline
2026-05-04 17:05:24,508 - experiment - INFO - Preparando datos para dataset: gasoline
2026-05-04 17:05:24,511 - utils - INFO - Dataset cargado correctamente: data/raw/gasoline.csv
2026-05-04 17:05:24,512 - DataLoader - INFO - Gasoline cargado: 60 filas, 402 columnas
2026-05-04 17:05:24,512 - Preprocessing - INFO - Preprocesando dataset de regresión
2026-05-04 17:05:24,513 - experiment - INFO - Dataset de regresión preprocesado correctamente.
2026-05-04 17:05:24,513 - utils - INFO - Directorio creado/verificado: results/gasoline/csv
2026-05-04 17:05:24,513 - OLSModel - INFO - Inicializando modelo OLS
2026-05-04 17:05:24,513 - RidgeModel - INFO - Inicializando Ridge con alpha=1.0
2026-05-04 17:05:24,513 - LassoModel - INFO - Inicializando Lasso con alpha=0.01
2026-05-04 17:05:24,515 - OLSModel - INFO - OLS ajustado correctamente
2026-05-04 17:05:24,515 - ClassicalExperiment - INFO - gasoline | OLS | {'mse': 0.11914638754583597, 'rmse': np.float64(0.34517587914834946), 'mae': 0.2516170755543404, 'mdae': 0.1669511556074994, 'mape': np.float64(0.287882358213557), 'rmsle': np.float64(0.0038806181921219717), 'r2': 0.939538249423911, 'adj_r2': 0.933492074366302, 'nrmse': np.float64(0.0896560725060646), 'train_time': 0.00048065185546875, 'model': 'OLS'}
2026-05-04 17:05:24,517 - RidgeModel - INFO - Ridge ajustado correctamente
2026-05-04 17:05:24,518 - ClassicalExperiment - INFO - gasoline | Ridge | {'mse': 0.10702506530164219, 'rmse': np.float64(0.32714685586391046), 'mae': 0.2348945241559998, 'mdae': 0.18632155141003892, 'mape': np.float64(0.2685564200192524), 'rmsle': np.float64(0.0036779208337951157), 'r2': 0.9456893076076843, 'adj_r2': 0.9402582383684528, 'nrmse': np.float64(0.08497320931530122), 'train_time': 0.00040078163146972656, 'model': 'Ridge'}
2026-05-04 17:05:24,524 - LassoModel - INFO - Lasso ajustado correctamente
2026-05-04 17:05:24,525 - ClassicalExperiment - INFO - gasoline | Lasso | {'mse': 0.06522135178755245, 'rmse': np.float64(0.2553847133004488), 'mae': 0.19230507430172375, 'mdae': 0.15043871311975465, 'mape': np.float64(0.22058504242233162), 'rmsle': np.float64(0.002880354855024501), 'r2': 0.9669029234940311, 'adj_r2': 0.9635932158434342, 'nrmse': np.float64(0.06633369176635019), 'train_time': 0.0004999637603759766, 'model': 'Lasso'}
2026-05-04 17:05:24,525 - PCRModel - INFO - Seleccionando número óptimo de componentes para PCR...
2026-05-04 17:05:24,565 - PCRModel - INFO - Mejor número de componentes para PCR: 7
2026-05-04 17:05:24,565 - PCRModel - INFO - Entrenando PCR con 7 componentes
2026-05-04 17:05:24,566 - PCRModel - INFO - PCR ajustado correctamente
2026-05-04 17:05:24,567 - ClassicalExperiment - INFO - gasoline | PCR | {'mse': 0.08701298191666919, 'rmse': np.float64(0.2949796296639298), 'mae': 0.2380084190717978, 'mdae': 0.1900105648362569, 'mape': np.float64(0.27331559791500976), 'rmsle': np.float64(0.00333104775952874), 'r2': 0.9558445932109902, 'adj_r2': 0.9514290525320893, 'nrmse': np.float64(0.07661808562699458), 'train_time': 0.00040793418884277344, 'model': 'PCR'}
2026-05-04 17:05:24,568 - ClassicalExperiment - INFO - Resultados clásicos guardados en results/gasoline/csv/classical_results_gasoline.csv
2026-05-04 17:05:24,568 - MainPipeline - INFO - Comparando resultados para gasoline
2026-05-04 17:05:24,568 - CompareRunner - INFO - Comparando resultados para dataset: gasoline
2026-05-04 17:05:24,568 - utils - INFO - Directorio creado/verificado: results/gasoline
2026-05-04 17:05:24,568 - utils - INFO - Directorio creado/verificado: results/gasoline/csv
2026-05-04 17:05:24,568 - utils - INFO - Directorio creado/verificado: results/gasoline/figures
2026-05-04 17:05:24,568 - CompareRunner - INFO - Resultados cargados: results/gasoline/csv/pls_cv_gasoline.csv
2026-05-04 17:05:24,568 - CompareRunner - INFO - Resultados cargados: results/gasoline/csv/classical_results_gasoline.csv
2026-05-04 17:05:24,570 - CompareRunner - INFO - PLS FINAL incluido en comparación: results/gasoline/csv/pls_final_results_gasoline.csv
2026-05-04 17:05:24,570 - CompareRunner - INFO - Modelo PLS_CV_15_components seleccionó 15 componentes
2026-05-04 17:05:24,570 - CompareRunner - INFO - Tabla comparativa guardada en results/gasoline/csv/comparison_gasoline.csv
2026-05-04 17:05:24,572 - CompareRunner - INFO - Tabla LaTeX guardada en results/gasoline/csv/comparison_gasoline.tex
2026-05-04 17:05:24,612 - CompareRunner - INFO - Gráfico guardado: results/gasoline/figures/rmse_gasoline.png
2026-05-04 17:05:24,650 - CompareRunner - INFO - Gráfico guardado: results/gasoline/figures/mae_gasoline.png
2026-05-04 17:05:24,691 - CompareRunner - INFO - Gráfico guardado: results/gasoline/figures/mdae_gasoline.png
2026-05-04 17:05:24,732 - CompareRunner - INFO - Gráfico guardado: results/gasoline/figures/mape_gasoline.png
2026-05-04 17:05:24,778 - CompareRunner - INFO - Gráfico guardado: results/gasoline/figures/rmsle_gasoline.png
2026-05-04 17:05:24,828 - CompareRunner - INFO - Gráfico guardado: results/gasoline/figures/r2_gasoline.png
2026-05-04 17:05:24,863 - CompareRunner - INFO - Gráfico guardado: results/gasoline/figures/adj_r2_gasoline.png
2026-05-04 17:05:24,902 - CompareRunner - INFO - Gráfico guardado: results/gasoline/figures/nrmse_gasoline.png
2026-05-04 17:05:24,902 - MainPipeline - INFO - === Dataset gasoline procesado correctamente ===
2026-05-04 17:05:24,902 - MainPipeline - INFO - === Procesando dataset: golub ===
2026-05-04 17:05:24,908 - utils - INFO - Dataset cargado correctamente: data/raw/golub_expression.csv
2026-05-04 17:05:24,909 - utils - INFO - Dataset cargado correctamente: data/raw/golub_labels.csv
2026-05-04 17:05:24,909 - DataLoader - INFO - Golub cargado: expr=(3051, 38), labels=(38, 1)
2026-05-04 17:05:24,910 - MainPipeline - INFO - Ejecutando ClassificationExperiment
2026-05-04 17:05:24,910 - ClassificationExperiment - INFO - Iniciando modelos lineales de clasificación para dataset: golub
2026-05-04 17:05:24,910 - experiment - INFO - Preparando datos para dataset: golub
2026-05-04 17:05:24,915 - utils - INFO - Dataset cargado correctamente: data/raw/golub_expression.csv
2026-05-04 17:05:24,915 - utils - INFO - Dataset cargado correctamente: data/raw/golub_labels.csv
2026-05-04 17:05:24,915 - DataLoader - INFO - Golub cargado: expr=(3051, 38), labels=(38, 1)
2026-05-04 17:05:24,915 - Preprocessing - INFO - Preprocesando dataset Golub (p >> n)
2026-05-04 17:05:24,917 - experiment - INFO - Dataset Golub preprocesado correctamente.
2026-05-04 17:05:24,917 - utils - INFO - Directorio creado/verificado: results/golub/csv
2026-05-04 17:05:24,917 - ClassificationExperiment - INFO - Entrenando modelo: LogisticRegression
2026-05-04 17:05:24,949 - ClassificationExperiment - INFO - Entrenando modelo: LogisticRegression_L1
2026-05-04 17:05:24,953 - ClassificationExperiment - INFO - Entrenando modelo: LinearSVM
2026-05-04 17:05:24,956 - ClassificationExperiment - INFO - Entrenando modelo: PLS_DA
2026-05-04 17:05:24,956 - PLSModel - INFO - Seleccionando número óptimo de componentes para PLS...
2026-05-04 17:05:25,094 - PLSModel - INFO - Mejor número de componentes: 1
2026-05-04 17:05:25,094 - PLSModel - INFO - Entrenando PLS con 1 componentes
2026-05-04 17:05:25,095 - PLSModel - INFO - PLS ajustado correctamente
2026-05-04 17:05:25,097 - ClassificationExperiment - INFO - Resultados de clasificación guardados en results/golub/csv/classical_results_golub.csv
2026-05-04 17:05:25,097 - MainPipeline - INFO - Comparando resultados para Golub
2026-05-04 17:05:25,097 - CompareRunner - INFO - Comparando resultados para dataset: golub
2026-05-04 17:05:25,097 - utils - INFO - Directorio creado/verificado: results/golub
2026-05-04 17:05:25,097 - utils - INFO - Directorio creado/verificado: results/golub/csv
2026-05-04 17:05:25,097 - utils - INFO - Directorio creado/verificado: results/golub/figures
2026-05-04 17:05:25,097 - CompareRunner - INFO - Modo clasificación detectado: procesando Golub
2026-05-04 17:05:25,097 - CompareRunner - INFO - Resultados cargados: results/golub/csv/classical_results_golub.csv
2026-05-04 17:05:25,097 - CompareRunner - INFO - Modelo PLS_DA seleccionó 1 componentes
2026-05-04 17:05:25,098 - CompareRunner - INFO - Tabla comparativa guardada en results/golub/csv/comparison_golub.csv
2026-05-04 17:05:25,098 - CompareRunner - INFO - Tabla LaTeX guardada en results/golub/csv/comparison_golub.tex
2026-05-04 17:05:25,134 - CompareRunner - INFO - Gráfico guardado: results/golub/figures/accuracy_golub.png
2026-05-04 17:05:25,171 - CompareRunner - INFO - Gráfico guardado: results/golub/figures/f1_golub.png
2026-05-04 17:05:25,203 - CompareRunner - INFO - Gráfico guardado: results/golub/figures/roc_auc_golub.png
2026-05-04 17:05:25,203 - MainPipeline - INFO - === PIPELINE COMPLETO FINALIZADO ===
2026-05-04 17:37:45,612 - utils - INFO - Directorio creado/verificado: data/raw
2026-05-04 17:37:45,613 - download - INFO - Descargando Default of Credit Card Clients (UCI)...
2026-05-04 17:37:48,147 - download - INFO - Default of Credit Card Clients guardado en data/raw/default_of_credit_card_clients.csv (30000 filas, 24 columnas)
2026-05-04 17:38:01,170 - download - INFO - Descarga completada correctamente.
2026-05-04 18:31:27,331 - utils - INFO - Directorio creado/verificado: data/raw
2026-05-04 18:31:27,331 - download - INFO - Descargando Visegrad (UCI)...
2026-05-04 18:31:30,948 - download - INFO - Visegrad guardado en data/raw/visegrad.csv (253680 filas, 22 columnas)
2026-05-04 18:38:01,472 - utils - INFO - Directorio creado/verificado: data/raw
2026-05-04 18:38:01,473 - download - INFO - Descargando Default of Credit Card Clients (UCI)...
2026-05-04 18:38:04,656 - download - INFO - Default of Credit Card Clients guardado en data/raw/default_of_credit_card_clients.csv (30000 filas, 24 columnas)
2026-05-04 18:41:16,764 - utils - INFO - Directorio creado/verificado: data/raw
2026-05-04 18:41:16,764 - download - INFO - Descargando Default of Credit Card Clients (UCI)...
2026-05-04 18:41:20,079 - download - INFO - Default of Credit Card Clients guardado en data/raw/default_of_credit_card_clients.csv (30000 filas, 24 columnas)
2026-05-04 18:44:14,740 - utils - INFO - Directorio creado/verificado: data/raw
2026-05-04 18:44:14,740 - download - INFO - Descargando Default of Credit Card Clients (UCI)...
2026-05-04 18:44:17,985 - download - INFO - Default of Credit Card Clients guardado en data/raw/default_of_credit_card_clients.csv (30000 filas, 24 columnas)
2026-05-04 18:51:17,309 - utils - INFO - Directorio creado/verificado: data/raw
2026-05-04 18:51:17,309 - download - INFO - Descargando Default of Credit Card Clients (UCI)...
2026-05-04 18:51:20,002 - download - INFO - Default of Credit Card Clients guardado en data/raw/default_of_credit_card_clients.csv (30000 filas, 24 columnas)
2026-05-04 18:52:27,450 - utils - INFO - Directorio creado/verificado: data/raw
2026-05-04 18:52:27,450 - download - INFO - Descargando Default of Credit Card Clients (UCI)...
2026-05-04 18:52:31,741 - download - INFO - Default of Credit Card Clients guardado en data/raw/default_of_credit_card_clients.csv (30000 filas, 24 columnas)
2026-05-04 18:58:38,673 - utils - INFO - Directorio creado/verificado: data/raw
2026-05-04 18:58:38,673 - download - INFO - Descargando Default of Credit Card Clients (UCI)...
2026-05-04 18:58:41,900 - download - INFO - Default of Credit Card Clients guardado en data/raw/default_of_credit_card_clients.csv (30000 filas, 24 columnas)
2026-05-04 18:58:51,879 - download - INFO - Descarga completada correctamente.
2026-05-04 19:02:40,554 - utils - INFO - Directorio creado/verificado: data/raw
2026-05-04 19:08:19,719 - utils - INFO - Directorio creado/verificado: data/raw
2026-05-04 19:08:28,164 - download - INFO - Descarga completada correctamente.
2026-05-04 19:10:24,946 - utils - INFO - Directorio creado/verificado: data/raw
2026-05-04 19:10:32,818 - download - INFO - Descarga completada correctamente.
2026-05-04 19:16:11,893 - utils - INFO - Directorio creado/verificado: data/raw
2026-05-04 19:16:23,384 - download - INFO - Descarga completada correctamente.
2026-05-04 19:18:01,660 - utils - INFO - Directorio creado/verificado: data/raw
2026-05-04 19:19:07,974 - utils - INFO - Directorio creado/verificado: data/raw
2026-05-04 19:28:03,807 - download - INFO - Descarga completada correctamente.
2026-05-04 23:05:18,943 - utils - INFO - Directorio creado/verificado: data/raw
2026-05-04 23:05:24,938 - download - INFO - Descarga completada correctamente.
2026-05-04 23:10:26,212 - utils - INFO - Directorio creado/verificado: data/raw
2026-05-04 23:10:26,212 - download - INFO - Descargando tecator desde OpenML...
2026-05-04 23:10:26,236 - download - INFO - tecator guardado en data/raw/tecator.csv (240 filas, 125 columnas)
2026-05-04 23:10:26,237 - download - INFO - Descargando gasoline.csv usando R (CRAN)...
2026-05-04 23:10:31,691 - download - INFO - gasoline.csv descargado correctamente desde R (CRAN).
2026-05-04 23:10:31,691 - download - INFO - Descargando riboflavin desde OpenML...
2026-05-04 23:10:32,025 - download - INFO - riboflavin guardado en data/raw/riboflavin.csv (71 filas, 4089 columnas)
2026-05-04 23:10:32,027 - download - INFO - Descarga completada correctamente.
2026-05-04 23:23:44,665 - MainPipeline - INFO - === INICIANDO PIPELINE COMPLETO ===
2026-05-04 23:23:44,665 - utils - INFO - Directorio creado/verificado: results
2026-05-04 23:23:44,666 - MainPipeline - INFO - === Procesando dataset: gasoline ===
2026-05-04 23:23:44,673 - utils - INFO - Dataset cargado correctamente: data/raw/gasoline.csv
2026-05-04 23:23:44,676 - DataLoader - INFO - Gasoline cargado: 60 filas, 402 columnas
2026-05-04 23:23:44,676 - MainPipeline - INFO - Ejecutando PLSExperiment (CV) para gasoline
2026-05-04 23:23:44,676 - PLSExperiment - INFO - Iniciando experimento PLS para dataset: gasoline
2026-05-04 23:23:44,676 - experiment - INFO - Preparando datos para dataset: gasoline
2026-05-04 23:23:44,681 - utils - INFO - Dataset cargado correctamente: data/raw/gasoline.csv
2026-05-04 23:23:44,682 - DataLoader - INFO - Gasoline cargado: 60 filas, 402 columnas
2026-05-04 23:23:44,682 - Preprocessing - INFO - Preprocesando dataset de regresión
2026-05-04 23:23:44,684 - experiment - INFO - Dataset de regresión preprocesado correctamente.
2026-05-04 23:23:44,684 - utils - INFO - Directorio creado/verificado: results/gasoline/csv
2026-05-04 23:23:44,684 - PLSModel - INFO - Entrenando PLS con 1 componentes
2026-05-04 23:23:44,690 - PLSModel - INFO - PLS ajustado correctamente
2026-05-04 23:23:44,691 - PLSExperiment - INFO - gasoline | Componentes=1 | RMSE=1.2145
2026-05-04 23:23:44,691 - PLSModel - INFO - Entrenando PLS con 2 componentes
2026-05-04 23:23:44,691 - PLSModel - INFO - PLS ajustado correctamente
2026-05-04 23:23:44,692 - PLSExperiment - INFO - gasoline | Componentes=2 | RMSE=0.8007
2026-05-04 23:23:44,692 - PLSModel - INFO - Entrenando PLS con 3 componentes
2026-05-04 23:23:44,693 - PLSModel - INFO - PLS ajustado correctamente
2026-05-04 23:23:44,693 - PLSExperiment - INFO - gasoline | Componentes=3 | RMSE=0.2412
2026-05-04 23:23:44,693 - PLSModel - INFO - Entrenando PLS con 4 componentes
2026-05-04 23:23:44,694 - PLSModel - INFO - PLS ajustado correctamente
2026-05-04 23:23:44,694 - PLSExperiment - INFO - gasoline | Componentes=4 | RMSE=0.2038
2026-05-04 23:23:44,694 - PLSModel - INFO - Entrenando PLS con 5 componentes
2026-05-04 23:23:44,695 - PLSModel - INFO - PLS ajustado correctamente
2026-05-04 23:23:44,696 - PLSExperiment - INFO - gasoline | Componentes=5 | RMSE=0.1600
2026-05-04 23:23:44,696 - PLSModel - INFO - Entrenando PLS con 6 componentes
2026-05-04 23:23:44,696 - PLSModel - INFO - PLS ajustado correctamente
2026-05-04 23:23:44,697 - PLSExperiment - INFO - gasoline | Componentes=6 | RMSE=0.1342
2026-05-04 23:23:44,697 - PLSModel - INFO - Entrenando PLS con 7 componentes
2026-05-04 23:23:44,697 - PLSModel - INFO - PLS ajustado correctamente
2026-05-04 23:23:44,698 - PLSExperiment - INFO - gasoline | Componentes=7 | RMSE=0.1172
2026-05-04 23:23:44,698 - PLSModel - INFO - Entrenando PLS con 8 componentes
2026-05-04 23:23:44,698 - PLSModel - INFO - PLS ajustado correctamente
2026-05-04 23:23:44,699 - PLSExperiment - INFO - gasoline | Componentes=8 | RMSE=0.1069
2026-05-04 23:23:44,699 - PLSModel - INFO - Entrenando PLS con 9 componentes
2026-05-04 23:23:44,699 - PLSModel - INFO - PLS ajustado correctamente
2026-05-04 23:23:44,700 - PLSExperiment - INFO - gasoline | Componentes=9 | RMSE=0.0927
2026-05-04 23:23:44,700 - PLSModel - INFO - Entrenando PLS con 10 componentes
2026-05-04 23:23:44,700 - PLSModel - INFO - PLS ajustado correctamente
2026-05-04 23:23:44,701 - PLSExperiment - INFO - gasoline | Componentes=10 | RMSE=0.0877
2026-05-04 23:23:44,701 - PLSModel - INFO - Entrenando PLS con 11 componentes
2026-05-04 23:23:44,702 - PLSModel - INFO - PLS ajustado correctamente
2026-05-04 23:23:44,702 - PLSExperiment - INFO - gasoline | Componentes=11 | RMSE=0.0822
2026-05-04 23:23:44,702 - PLSModel - INFO - Entrenando PLS con 12 componentes
2026-05-04 23:23:44,703 - PLSModel - INFO - PLS ajustado correctamente
2026-05-04 23:23:44,703 - PLSExperiment - INFO - gasoline | Componentes=12 | RMSE=0.0763
2026-05-04 23:23:44,703 - PLSModel - INFO - Entrenando PLS con 13 componentes
2026-05-04 23:23:44,704 - PLSModel - INFO - PLS ajustado correctamente
2026-05-04 23:23:44,705 - PLSExperiment - INFO - gasoline | Componentes=13 | RMSE=0.0620
2026-05-04 23:23:44,705 - PLSModel - INFO - Entrenando PLS con 14 componentes
2026-05-04 23:23:44,706 - PLSModel - INFO - PLS ajustado correctamente
2026-05-04 23:23:44,706 - PLSExperiment - INFO - gasoline | Componentes=14 | RMSE=0.0512
2026-05-04 23:23:44,706 - PLSModel - INFO - Entrenando PLS con 15 componentes
2026-05-04 23:23:44,707 - PLSModel - INFO - PLS ajustado correctamente
2026-05-04 23:23:44,708 - PLSExperiment - INFO - gasoline | Componentes=15 | RMSE=0.0466
2026-05-04 23:23:44,708 - PLSExperiment - INFO - Mejor número de componentes para gasoline: 15
2026-05-04 23:23:44,709 - PLSExperiment - INFO - Resultados PLS guardados en results/gasoline/csv/pls_cv_gasoline.csv
2026-05-04 23:23:44,709 - MainPipeline - INFO - Entrenando PLS FINAL para gasoline
2026-05-04 23:23:44,709 - PLSFinalExperiment - INFO - Iniciando PLS FINAL para dataset: gasoline
2026-05-04 23:23:44,709 - experiment - INFO - Preparando datos para dataset: gasoline
2026-05-04 23:23:44,712 - utils - INFO - Dataset cargado correctamente: data/raw/gasoline.csv
2026-05-04 23:23:44,713 - DataLoader - INFO - Gasoline cargado: 60 filas, 402 columnas
2026-05-04 23:23:44,713 - Preprocessing - INFO - Preprocesando dataset de regresión
2026-05-04 23:23:44,714 - experiment - INFO - Dataset de regresión preprocesado correctamente.
2026-05-04 23:23:44,714 - PLSFinalExperiment - INFO - Mejor número de componentes para PLS FINAL: 15
2026-05-04 23:23:44,716 - utils - INFO - Directorio creado/verificado: results/gasoline/csv
2026-05-04 23:23:44,716 - PLSFinalExperiment - INFO - Resultados PLS FINAL guardados en results/gasoline/csv/pls_final_results_gasoline.csv
2026-05-04 23:23:44,716 - MainPipeline - INFO - Ejecutando ClassicalExperiment para gasoline
2026-05-04 23:23:44,716 - ClassicalExperiment - INFO - Iniciando métodos clásicos para dataset: gasoline
2026-05-04 23:23:44,716 - experiment - INFO - Preparando datos para dataset: gasoline
2026-05-04 23:23:44,720 - utils - INFO - Dataset cargado correctamente: data/raw/gasoline.csv
2026-05-04 23:23:44,721 - DataLoader - INFO - Gasoline cargado: 60 filas, 402 columnas
2026-05-04 23:23:44,721 - Preprocessing - INFO - Preprocesando dataset de regresión
2026-05-04 23:23:44,722 - experiment - INFO - Dataset de regresión preprocesado correctamente.
2026-05-04 23:23:44,722 - utils - INFO - Directorio creado/verificado: results/gasoline/csv
2026-05-04 23:23:44,722 - OLSModel - INFO - Inicializando modelo OLS
2026-05-04 23:23:44,722 - RidgeModel - INFO - Inicializando Ridge con alpha=1.0
2026-05-04 23:23:44,722 - LassoModel - INFO - Inicializando Lasso con alpha=0.01
2026-05-04 23:23:44,725 - OLSModel - INFO - OLS ajustado correctamente
2026-05-04 23:23:44,726 - ClassicalExperiment - INFO - gasoline | OLS | {'mse': 0.11914638754583597, 'rmse': np.float64(0.34517587914834946), 'mae': 0.2516170755543404, 'mdae': 0.1669511556074994, 'mape': np.float64(0.287882358213557), 'rmsle': np.float64(0.0038806181921219717), 'r2': 0.939538249423911, 'adj_r2': 0.933492074366302, 'nrmse': np.float64(0.0896560725060646), 'train_time': 0.0004200935363769531, 'model': 'OLS'}
2026-05-04 23:23:44,730 - RidgeModel - INFO - Ridge ajustado correctamente
2026-05-04 23:23:44,731 - ClassicalExperiment - INFO - gasoline | Ridge | {'mse': 0.10702506530164219, 'rmse': np.float64(0.32714685586391046), 'mae': 0.2348945241559998, 'mdae': 0.18632155141003892, 'mape': np.float64(0.2685564200192524), 'rmsle': np.float64(0.0036779208337951157), 'r2': 0.9456893076076843, 'adj_r2': 0.9402582383684528, 'nrmse': np.float64(0.08497320931530122), 'train_time': 0.0003859996795654297, 'model': 'Ridge'}
2026-05-04 23:23:44,738 - LassoModel - INFO - Lasso ajustado correctamente
2026-05-04 23:23:44,739 - ClassicalExperiment - INFO - gasoline | Lasso | {'mse': 0.06522135178755245, 'rmse': np.float64(0.2553847133004488), 'mae': 0.19230507430172375, 'mdae': 0.15043871311975465, 'mape': np.float64(0.22058504242233162), 'rmsle': np.float64(0.002880354855024501), 'r2': 0.9669029234940311, 'adj_r2': 0.9635932158434342, 'nrmse': np.float64(0.06633369176635019), 'train_time': 0.0004229545593261719, 'model': 'Lasso'}
2026-05-04 23:23:44,739 - PCRModel - INFO - Seleccionando número óptimo de componentes para PCR...
2026-05-04 23:23:44,779 - PCRModel - INFO - Mejor número de componentes para PCR: 7
2026-05-04 23:23:44,779 - PCRModel - INFO - Entrenando PCR con 7 componentes
2026-05-04 23:23:44,780 - PCRModel - INFO - PCR ajustado correctamente
2026-05-04 23:23:44,781 - ClassicalExperiment - INFO - gasoline | PCR | {'mse': 0.08701298191666919, 'rmse': np.float64(0.2949796296639298), 'mae': 0.2380084190717978, 'mdae': 0.1900105648362569, 'mape': np.float64(0.27331559791500976), 'rmsle': np.float64(0.00333104775952874), 'r2': 0.9558445932109902, 'adj_r2': 0.9514290525320893, 'nrmse': np.float64(0.07661808562699458), 'train_time': 0.00038504600524902344, 'model': 'PCR'}
2026-05-04 23:23:44,781 - ClassicalExperiment - INFO - Resultados clásicos guardados en results/gasoline/csv/classical_results_gasoline.csv
2026-05-04 23:23:44,781 - MainPipeline - INFO - Comparando resultados para gasoline
2026-05-04 23:23:44,781 - CompareRunner - INFO - Comparando resultados para dataset: gasoline
2026-05-04 23:23:44,781 - utils - INFO - Directorio creado/verificado: results/gasoline
2026-05-04 23:23:44,781 - utils - INFO - Directorio creado/verificado: results/gasoline/csv
2026-05-04 23:23:44,782 - utils - INFO - Directorio creado/verificado: results/gasoline/figures
2026-05-04 23:23:44,782 - CompareRunner - INFO - Resultados cargados: results/gasoline/csv/pls_cv_gasoline.csv
2026-05-04 23:23:44,782 - CompareRunner - INFO - Resultados cargados: results/gasoline/csv/classical_results_gasoline.csv
2026-05-04 23:23:44,783 - CompareRunner - INFO - PLS FINAL incluido en comparación: results/gasoline/csv/pls_final_results_gasoline.csv
2026-05-04 23:23:44,784 - CompareRunner - INFO - Modelo PLS_CV_15_components seleccionó 15 componentes
2026-05-04 23:23:44,784 - CompareRunner - INFO - Modelo PLS_FINAL_15_components seleccionó 15 componentes
2026-05-04 23:23:44,785 - CompareRunner - INFO - Tabla comparativa guardada en results/gasoline/csv/comparison_gasoline.csv
2026-05-04 23:23:44,823 - CompareRunner - INFO - Tabla LaTeX guardada en results/gasoline/csv/comparison_gasoline.tex
2026-05-04 23:23:45,108 - CompareRunner - INFO - Gráfico guardado: results/gasoline/figures/rmse_gasoline.png
2026-05-04 23:23:45,146 - CompareRunner - INFO - Gráfico guardado: results/gasoline/figures/mae_gasoline.png
2026-05-04 23:23:45,180 - CompareRunner - INFO - Gráfico guardado: results/gasoline/figures/mdae_gasoline.png
2026-05-04 23:23:45,217 - CompareRunner - INFO - Gráfico guardado: results/gasoline/figures/mape_gasoline.png
2026-05-04 23:23:45,257 - CompareRunner - INFO - Gráfico guardado: results/gasoline/figures/rmsle_gasoline.png
2026-05-04 23:23:45,297 - CompareRunner - INFO - Gráfico guardado: results/gasoline/figures/r2_gasoline.png
2026-05-04 23:23:45,337 - CompareRunner - INFO - Gráfico guardado: results/gasoline/figures/adj_r2_gasoline.png
2026-05-04 23:23:45,374 - CompareRunner - INFO - Gráfico guardado: results/gasoline/figures/nrmse_gasoline.png
2026-05-04 23:23:45,374 - MainPipeline - INFO - === Dataset gasoline procesado correctamente ===
2026-05-04 23:23:45,374 - MainPipeline - INFO - === Procesando dataset: tecator ===
2026-05-04 23:23:45,377 - utils - INFO - Dataset cargado correctamente: data/raw/tecator.csv
2026-05-04 23:29:34,043 - MainPipeline - INFO - === INICIANDO PIPELINE COMPLETO ===
2026-05-04 23:29:34,043 - utils - INFO - Directorio creado/verificado: results
2026-05-04 23:29:34,043 - MainPipeline - INFO - === Procesando dataset: gasoline ===
2026-05-04 23:29:34,053 - utils - INFO - Dataset cargado correctamente: data/raw/gasoline.csv
2026-05-04 23:29:34,055 - DataLoader - INFO - Gasoline cargado: 60 filas, 402 columnas
2026-05-04 23:29:34,055 - MainPipeline - INFO - Ejecutando PLSExperiment (CV) para gasoline
2026-05-04 23:29:34,055 - PLSExperiment - INFO - Iniciando experimento PLS para dataset: gasoline
2026-05-04 23:29:34,055 - experiment - INFO - Preparando datos para dataset: gasoline
2026-05-04 23:29:34,059 - utils - INFO - Dataset cargado correctamente: data/raw/gasoline.csv
2026-05-04 23:29:34,060 - DataLoader - INFO - Gasoline cargado: 60 filas, 402 columnas
2026-05-04 23:29:34,060 - Preprocessing - INFO - Preprocesando dataset de regresión
2026-05-04 23:29:34,061 - experiment - INFO - Dataset de regresión preprocesado correctamente.
2026-05-04 23:29:34,061 - utils - INFO - Directorio creado/verificado: results/gasoline/csv
2026-05-04 23:29:34,061 - PLSModel - INFO - Entrenando PLS con 1 componentes
2026-05-04 23:29:34,062 - PLSModel - INFO - PLS ajustado correctamente
2026-05-04 23:29:34,063 - PLSExperiment - INFO - gasoline | Componentes=1 | RMSE=1.2145
2026-05-04 23:29:34,063 - PLSModel - INFO - Entrenando PLS con 2 componentes
2026-05-04 23:29:34,064 - PLSModel - INFO - PLS ajustado correctamente
2026-05-04 23:29:34,064 - PLSExperiment - INFO - gasoline | Componentes=2 | RMSE=0.8007
2026-05-04 23:29:34,064 - PLSModel - INFO - Entrenando PLS con 3 componentes
2026-05-04 23:29:34,065 - PLSModel - INFO - PLS ajustado correctamente
2026-05-04 23:29:34,065 - PLSExperiment - INFO - gasoline | Componentes=3 | RMSE=0.2412
2026-05-04 23:29:34,065 - PLSModel - INFO - Entrenando PLS con 4 componentes
2026-05-04 23:29:34,066 - PLSModel - INFO - PLS ajustado correctamente
2026-05-04 23:29:34,066 - PLSExperiment - INFO - gasoline | Componentes=4 | RMSE=0.2038
2026-05-04 23:29:34,066 - PLSModel - INFO - Entrenando PLS con 5 componentes
2026-05-04 23:29:34,067 - PLSModel - INFO - PLS ajustado correctamente
2026-05-04 23:29:34,067 - PLSExperiment - INFO - gasoline | Componentes=5 | RMSE=0.1600
2026-05-04 23:29:34,067 - PLSModel - INFO - Entrenando PLS con 6 componentes
2026-05-04 23:29:34,068 - PLSModel - INFO - PLS ajustado correctamente
2026-05-04 23:29:34,068 - PLSExperiment - INFO - gasoline | Componentes=6 | RMSE=0.1342
2026-05-04 23:29:34,068 - PLSModel - INFO - Entrenando PLS con 7 componentes
2026-05-04 23:29:34,069 - PLSModel - INFO - PLS ajustado correctamente
2026-05-04 23:29:34,070 - PLSExperiment - INFO - gasoline | Componentes=7 | RMSE=0.1172
2026-05-04 23:29:34,070 - PLSModel - INFO - Entrenando PLS con 8 componentes
2026-05-04 23:29:34,070 - PLSModel - INFO - PLS ajustado correctamente
2026-05-04 23:29:34,071 - PLSExperiment - INFO - gasoline | Componentes=8 | RMSE=0.1069
2026-05-04 23:29:34,071 - PLSModel - INFO - Entrenando PLS con 9 componentes
2026-05-04 23:29:34,071 - PLSModel - INFO - PLS ajustado correctamente
2026-05-04 23:29:34,072 - PLSExperiment - INFO - gasoline | Componentes=9 | RMSE=0.0927
2026-05-04 23:29:34,072 - PLSModel - INFO - Entrenando PLS con 10 componentes
2026-05-04 23:29:34,073 - PLSModel - INFO - PLS ajustado correctamente
2026-05-04 23:29:34,073 - PLSExperiment - INFO - gasoline | Componentes=10 | RMSE=0.0877
2026-05-04 23:29:34,073 - PLSModel - INFO - Entrenando PLS con 11 componentes
2026-05-04 23:29:34,074 - PLSModel - INFO - PLS ajustado correctamente
2026-05-04 23:29:34,074 - PLSExperiment - INFO - gasoline | Componentes=11 | RMSE=0.0822
2026-05-04 23:29:34,074 - PLSModel - INFO - Entrenando PLS con 12 componentes
2026-05-04 23:29:34,075 - PLSModel - INFO - PLS ajustado correctamente
2026-05-04 23:29:34,075 - PLSExperiment - INFO - gasoline | Componentes=12 | RMSE=0.0763
2026-05-04 23:29:34,075 - PLSModel - INFO - Entrenando PLS con 13 componentes
2026-05-04 23:29:34,076 - PLSModel - INFO - PLS ajustado correctamente
2026-05-04 23:29:34,077 - PLSExperiment - INFO - gasoline | Componentes=13 | RMSE=0.0620
2026-05-04 23:29:34,077 - PLSModel - INFO - Entrenando PLS con 14 componentes
2026-05-04 23:29:34,077 - PLSModel - INFO - PLS ajustado correctamente
2026-05-04 23:29:34,078 - PLSExperiment - INFO - gasoline | Componentes=14 | RMSE=0.0512
2026-05-04 23:29:34,078 - PLSModel - INFO - Entrenando PLS con 15 componentes
2026-05-04 23:29:34,079 - PLSModel - INFO - PLS ajustado correctamente
2026-05-04 23:29:34,079 - PLSExperiment - INFO - gasoline | Componentes=15 | RMSE=0.0466
2026-05-04 23:29:34,079 - PLSExperiment - INFO - Mejor número de componentes para gasoline: 15
2026-05-04 23:29:34,080 - PLSExperiment - INFO - Resultados PLS guardados en results/gasoline/csv/pls_cv_gasoline.csv
2026-05-04 23:29:34,081 - MainPipeline - INFO - Entrenando PLS FINAL para gasoline
2026-05-04 23:29:34,081 - PLSFinalExperiment - INFO - Iniciando PLS FINAL para dataset: gasoline
2026-05-04 23:29:34,081 - experiment - INFO - Preparando datos para dataset: gasoline
2026-05-04 23:29:34,084 - utils - INFO - Dataset cargado correctamente: data/raw/gasoline.csv
2026-05-04 23:29:34,085 - DataLoader - INFO - Gasoline cargado: 60 filas, 402 columnas
2026-05-04 23:29:34,085 - Preprocessing - INFO - Preprocesando dataset de regresión
2026-05-04 23:29:34,086 - experiment - INFO - Dataset de regresión preprocesado correctamente.
2026-05-04 23:29:34,087 - PLSFinalExperiment - INFO - Mejor número de componentes para PLS FINAL: 15
2026-05-04 23:29:34,088 - utils - INFO - Directorio creado/verificado: results/gasoline/csv
2026-05-04 23:29:34,089 - PLSFinalExperiment - INFO - Resultados PLS FINAL guardados en results/gasoline/csv/pls_final_results_gasoline.csv
2026-05-04 23:29:34,089 - MainPipeline - INFO - Ejecutando ClassicalExperiment para gasoline
2026-05-04 23:29:34,089 - ClassicalExperiment - INFO - Iniciando métodos clásicos para dataset: gasoline
2026-05-04 23:29:34,089 - experiment - INFO - Preparando datos para dataset: gasoline
2026-05-04 23:29:34,092 - utils - INFO - Dataset cargado correctamente: data/raw/gasoline.csv
2026-05-04 23:29:34,093 - DataLoader - INFO - Gasoline cargado: 60 filas, 402 columnas
2026-05-04 23:29:34,093 - Preprocessing - INFO - Preprocesando dataset de regresión
2026-05-04 23:29:34,093 - experiment - INFO - Dataset de regresión preprocesado correctamente.
2026-05-04 23:29:34,093 - utils - INFO - Directorio creado/verificado: results/gasoline/csv
2026-05-04 23:29:34,093 - OLSModel - INFO - Inicializando modelo OLS
2026-05-04 23:29:34,093 - RidgeModel - INFO - Inicializando Ridge con alpha=1.0
2026-05-04 23:29:34,093 - LassoModel - INFO - Inicializando Lasso con alpha=0.01
2026-05-04 23:29:34,094 - OLSModel - INFO - OLS ajustado correctamente
2026-05-04 23:29:34,095 - ClassicalExperiment - INFO - gasoline | OLS | {'mse': 0.11914638754583597, 'rmse': np.float64(0.34517587914834946), 'mae': 0.2516170755543404, 'mdae': 0.1669511556074994, 'mape': np.float64(0.287882358213557), 'rmsle': np.float64(0.0038806181921219717), 'r2': 0.939538249423911, 'adj_r2': 0.933492074366302, 'nrmse': np.float64(0.0896560725060646), 'train_time': 0.00039196014404296875, 'model': 'OLS'}
2026-05-04 23:29:34,095 - RidgeModel - INFO - Ridge ajustado correctamente
2026-05-04 23:29:34,096 - ClassicalExperiment - INFO - gasoline | Ridge | {'mse': 0.10702506530164219, 'rmse': np.float64(0.32714685586391046), 'mae': 0.2348945241559998, 'mdae': 0.18632155141003892, 'mape': np.float64(0.2685564200192524), 'rmsle': np.float64(0.0036779208337951157), 'r2': 0.9456893076076843, 'adj_r2': 0.9402582383684528, 'nrmse': np.float64(0.08497320931530122), 'train_time': 0.0003750324249267578, 'model': 'Ridge'}
2026-05-04 23:29:34,103 - LassoModel - INFO - Lasso ajustado correctamente
2026-05-04 23:29:34,103 - ClassicalExperiment - INFO - gasoline | Lasso | {'mse': 0.06522135178755245, 'rmse': np.float64(0.2553847133004488), 'mae': 0.19230507430172375, 'mdae': 0.15043871311975465, 'mape': np.float64(0.22058504242233162), 'rmsle': np.float64(0.002880354855024501), 'r2': 0.9669029234940311, 'adj_r2': 0.9635932158434342, 'nrmse': np.float64(0.06633369176635019), 'train_time': 0.00042176246643066406, 'model': 'Lasso'}
2026-05-04 23:29:34,103 - PCRModel - INFO - Seleccionando número óptimo de componentes para PCR...
2026-05-04 23:29:34,142 - PCRModel - INFO - Mejor número de componentes para PCR: 7
2026-05-04 23:29:34,142 - PCRModel - INFO - Entrenando PCR con 7 componentes
2026-05-04 23:29:34,143 - PCRModel - INFO - PCR ajustado correctamente
2026-05-04 23:29:34,144 - ClassicalExperiment - INFO - gasoline | PCR | {'mse': 0.08701298191666919, 'rmse': np.float64(0.2949796296639298), 'mae': 0.2380084190717978, 'mdae': 0.1900105648362569, 'mape': np.float64(0.27331559791500976), 'rmsle': np.float64(0.00333104775952874), 'r2': 0.9558445932109902, 'adj_r2': 0.9514290525320893, 'nrmse': np.float64(0.07661808562699458), 'train_time': 0.00039196014404296875, 'model': 'PCR'}
2026-05-04 23:29:34,144 - ClassicalExperiment - INFO - Resultados clásicos guardados en results/gasoline/csv/classical_results_gasoline.csv
2026-05-04 23:29:34,145 - MainPipeline - INFO - Comparando resultados para gasoline
2026-05-04 23:29:34,145 - CompareRunner - INFO - Comparando resultados para dataset: gasoline
2026-05-04 23:29:34,145 - utils - INFO - Directorio creado/verificado: results/gasoline
2026-05-04 23:29:34,145 - utils - INFO - Directorio creado/verificado: results/gasoline/csv
2026-05-04 23:29:34,145 - utils - INFO - Directorio creado/verificado: results/gasoline/figures
2026-05-04 23:29:34,145 - CompareRunner - INFO - Resultados cargados: results/gasoline/csv/pls_cv_gasoline.csv
2026-05-04 23:29:34,145 - CompareRunner - INFO - Resultados cargados: results/gasoline/csv/classical_results_gasoline.csv
2026-05-04 23:29:34,147 - CompareRunner - INFO - PLS FINAL incluido en comparación: results/gasoline/csv/pls_final_results_gasoline.csv
2026-05-04 23:29:34,147 - CompareRunner - INFO - Modelo PLS_CV_15_components seleccionó 15 componentes
2026-05-04 23:29:34,147 - CompareRunner - INFO - Modelo PLS_FINAL_15_components seleccionó 15 componentes
2026-05-04 23:29:34,148 - CompareRunner - INFO - Tabla comparativa guardada en results/gasoline/csv/comparison_gasoline.csv
2026-05-04 23:29:34,182 - CompareRunner - INFO - Tabla LaTeX guardada en results/gasoline/csv/comparison_gasoline.tex
2026-05-04 23:29:34,378 - CompareRunner - INFO - Gráfico guardado: results/gasoline/figures/rmse_gasoline.png
2026-05-04 23:29:34,423 - CompareRunner - INFO - Gráfico guardado: results/gasoline/figures/mae_gasoline.png
2026-05-04 23:29:34,460 - CompareRunner - INFO - Gráfico guardado: results/gasoline/figures/mdae_gasoline.png
2026-05-04 23:29:34,496 - CompareRunner - INFO - Gráfico guardado: results/gasoline/figures/mape_gasoline.png
2026-05-04 23:29:34,538 - CompareRunner - INFO - Gráfico guardado: results/gasoline/figures/rmsle_gasoline.png
2026-05-04 23:29:34,575 - CompareRunner - INFO - Gráfico guardado: results/gasoline/figures/r2_gasoline.png
2026-05-04 23:29:34,609 - CompareRunner - INFO - Gráfico guardado: results/gasoline/figures/adj_r2_gasoline.png
2026-05-04 23:29:34,643 - CompareRunner - INFO - Gráfico guardado: results/gasoline/figures/nrmse_gasoline.png
2026-05-04 23:29:34,643 - MainPipeline - INFO - === Dataset gasoline procesado correctamente ===
2026-05-04 23:29:34,643 - MainPipeline - INFO - === Procesando dataset: tecator ===
2026-05-04 23:29:34,645 - utils - INFO - Dataset cargado correctamente: data/raw/tecator.csv
2026-05-04 23:29:34,646 - DataLoader - INFO - Tecator cargado: 240 filas, 125 columnas
2026-05-04 23:29:34,646 - MainPipeline - INFO - Ejecutando PLSExperiment (CV) para tecator
2026-05-04 23:29:34,646 - PLSExperiment - INFO - Iniciando experimento PLS para dataset: tecator
2026-05-04 23:29:34,646 - experiment - INFO - Preparando datos para dataset: tecator
2026-05-04 23:29:34,648 - utils - INFO - Dataset cargado correctamente: data/raw/tecator.csv
2026-05-04 23:29:34,648 - DataLoader - INFO - Tecator cargado: 240 filas, 125 columnas
2026-05-04 23:29:34,648 - Preprocessing - INFO - Preprocesando dataset de regresión
2026-05-04 23:29:34,649 - experiment - INFO - Dataset de regresión preprocesado correctamente.
2026-05-04 23:29:34,649 - utils - INFO - Directorio creado/verificado: results/tecator/csv
2026-05-04 23:29:34,649 - PLSModel - INFO - Entrenando PLS con 1 componentes
2026-05-04 23:29:34,649 - PLSModel - INFO - PLS ajustado correctamente
2026-05-04 23:29:34,650 - PLSExperiment - INFO - tecator | Componentes=1 | RMSE=12.6767
2026-05-04 23:29:34,650 - PLSModel - INFO - Entrenando PLS con 2 componentes
2026-05-04 23:29:34,650 - PLSModel - INFO - PLS ajustado correctamente
2026-05-04 23:29:34,651 - PLSExperiment - INFO - tecator | Componentes=2 | RMSE=7.3564
2026-05-04 23:29:34,651 - PLSModel - INFO - Entrenando PLS con 3 componentes
2026-05-04 23:29:34,651 - PLSModel - INFO - PLS ajustado correctamente
2026-05-04 23:29:34,651 - PLSExperiment - INFO - tecator | Componentes=3 | RMSE=5.6061
2026-05-04 23:29:34,651 - PLSModel - INFO - Entrenando PLS con 4 componentes
2026-05-04 23:29:34,652 - PLSModel - INFO - PLS ajustado correctamente
2026-05-04 23:29:34,653 - PLSExperiment - INFO - tecator | Componentes=4 | RMSE=4.5582
2026-05-04 23:29:34,653 - PLSModel - INFO - Entrenando PLS con 5 componentes
2026-05-04 23:29:34,653 - PLSModel - INFO - PLS ajustado correctamente
2026-05-04 23:29:34,653 - PLSExperiment - INFO - tecator | Componentes=5 | RMSE=3.4816
2026-05-04 23:29:34,654 - PLSModel - INFO - Entrenando PLS con 6 componentes
2026-05-04 23:29:34,654 - PLSModel - INFO - PLS ajustado correctamente
2026-05-04 23:29:34,654 - PLSExperiment - INFO - tecator | Componentes=6 | RMSE=3.3763
2026-05-04 23:29:34,654 - PLSModel - INFO - Entrenando PLS con 7 componentes
2026-05-04 23:29:34,655 - PLSModel - INFO - PLS ajustado correctamente
2026-05-04 23:29:34,656 - PLSExperiment - INFO - tecator | Componentes=7 | RMSE=3.2420
2026-05-04 23:29:34,656 - PLSModel - INFO - Entrenando PLS con 8 componentes
2026-05-04 23:29:34,657 - PLSModel - INFO - PLS ajustado correctamente
2026-05-04 23:29:34,657 - PLSExperiment - INFO - tecator | Componentes=8 | RMSE=2.9250
2026-05-04 23:29:34,657 - PLSModel - INFO - Entrenando PLS con 9 componentes
2026-05-04 23:29:34,658 - PLSModel - INFO - PLS ajustado correctamente
2026-05-04 23:29:34,658 - PLSExperiment - INFO - tecator | Componentes=9 | RMSE=2.9063
2026-05-04 23:29:34,658 - PLSModel - INFO - Entrenando PLS con 10 componentes
2026-05-04 23:29:34,659 - PLSModel - INFO - PLS ajustado correctamente
2026-05-04 23:29:34,659 - PLSExperiment - INFO - tecator | Componentes=10 | RMSE=2.8147
2026-05-04 23:29:34,659 - PLSModel - INFO - Entrenando PLS con 11 componentes
2026-05-04 23:29:34,660 - PLSModel - INFO - PLS ajustado correctamente
2026-05-04 23:29:34,660 - PLSExperiment - INFO - tecator | Componentes=11 | RMSE=2.7533
2026-05-04 23:29:34,660 - PLSModel - INFO - Entrenando PLS con 12 componentes
2026-05-04 23:29:34,661 - PLSModel - INFO - PLS ajustado correctamente
2026-05-04 23:29:34,661 - PLSExperiment - INFO - tecator | Componentes=12 | RMSE=2.4380
2026-05-04 23:29:34,661 - PLSModel - INFO - Entrenando PLS con 13 componentes
2026-05-04 23:29:34,662 - PLSModel - INFO - PLS ajustado correctamente
2026-05-04 23:29:34,663 - PLSExperiment - INFO - tecator | Componentes=13 | RMSE=2.3706
2026-05-04 23:29:34,663 - PLSModel - INFO - Entrenando PLS con 14 componentes
2026-05-04 23:29:34,664 - PLSModel - INFO - PLS ajustado correctamente
2026-05-04 23:29:34,664 - PLSExperiment - INFO - tecator | Componentes=14 | RMSE=2.2808
2026-05-04 23:29:34,664 - PLSModel - INFO - Entrenando PLS con 15 componentes
2026-05-04 23:29:34,665 - PLSModel - INFO - PLS ajustado correctamente
2026-05-04 23:29:34,665 - PLSExperiment - INFO - tecator | Componentes=15 | RMSE=2.0573
2026-05-04 23:29:34,665 - PLSExperiment - INFO - Mejor número de componentes para tecator: 15
2026-05-04 23:29:34,666 - PLSExperiment - INFO - Resultados PLS guardados en results/tecator/csv/pls_cv_tecator.csv
2026-05-04 23:29:34,666 - MainPipeline - INFO - Entrenando PLS FINAL para tecator
2026-05-04 23:29:34,666 - PLSFinalExperiment - INFO - Iniciando PLS FINAL para dataset: tecator
2026-05-04 23:29:34,666 - experiment - INFO - Preparando datos para dataset: tecator
2026-05-04 23:29:34,668 - utils - INFO - Dataset cargado correctamente: data/raw/tecator.csv
2026-05-04 23:29:34,668 - DataLoader - INFO - Tecator cargado: 240 filas, 125 columnas
2026-05-04 23:29:34,668 - Preprocessing - INFO - Preprocesando dataset de regresión
2026-05-04 23:29:34,669 - experiment - INFO - Dataset de regresión preprocesado correctamente.
2026-05-04 23:29:34,669 - PLSFinalExperiment - INFO - Mejor número de componentes para PLS FINAL: 15
2026-05-04 23:29:34,671 - utils - INFO - Directorio creado/verificado: results/tecator/csv
2026-05-04 23:29:34,671 - PLSFinalExperiment - INFO - Resultados PLS FINAL guardados en results/tecator/csv/pls_final_results_tecator.csv
2026-05-04 23:29:34,671 - MainPipeline - INFO - Ejecutando ClassicalExperiment para tecator
2026-05-04 23:29:34,671 - ClassicalExperiment - INFO - Iniciando métodos clásicos para dataset: tecator
2026-05-04 23:29:34,671 - experiment - INFO - Preparando datos para dataset: tecator
2026-05-04 23:29:34,673 - utils - INFO - Dataset cargado correctamente: data/raw/tecator.csv
2026-05-04 23:29:34,673 - DataLoader - INFO - Tecator cargado: 240 filas, 125 columnas
2026-05-04 23:29:34,673 - Preprocessing - INFO - Preprocesando dataset de regresión
2026-05-04 23:29:34,674 - experiment - INFO - Dataset de regresión preprocesado correctamente.
2026-05-04 23:29:34,674 - utils - INFO - Directorio creado/verificado: results/tecator/csv
2026-05-04 23:29:34,674 - OLSModel - INFO - Inicializando modelo OLS
2026-05-04 23:29:34,674 - RidgeModel - INFO - Inicializando Ridge con alpha=1.0
2026-05-04 23:29:34,674 - LassoModel - INFO - Inicializando Lasso con alpha=0.01
2026-05-04 23:29:34,675 - OLSModel - INFO - OLS ajustado correctamente
2026-05-04 23:29:34,676 - ClassicalExperiment - INFO - tecator | OLS | {'mse': 4.820670359304675, 'rmse': np.float64(2.195602504850246), 'mae': 1.5276580873166814, 'mdae': 0.8522739092477996, 'mape': np.float64(11.98965447893971), 'rmsle': np.float64(0.14307618216840398), 'r2': 0.977442307830665, 'adj_r2': 0.9769519232182882, 'nrmse': np.float64(0.039277325668161826), 'train_time': 0.0004248619079589844, 'model': 'OLS'}
2026-05-04 23:29:34,677 - RidgeModel - INFO - Ridge ajustado correctamente
2026-05-04 23:29:34,678 - ClassicalExperiment - INFO - tecator | Ridge | {'mse': 14.110158314819174, 'rmse': np.float64(3.7563490672219446), 'mae': 3.232666505352148, 'mdae': 2.980035039408026, 'mape': np.float64(35.12144624007647), 'rmsle': np.float64(0.3219982941096998), 'r2': 0.9339733721655709, 'adj_r2': 0.9325380106909094, 'nrmse': np.float64(0.06719765773205626), 'train_time': 0.00039696693420410156, 'model': 'Ridge'}
2026-05-04 23:29:34,706 - LassoModel - INFO - Lasso ajustado correctamente
2026-05-04 23:29:34,706 - ClassicalExperiment - INFO - tecator | Lasso | {'mse': 13.459687763897394, 'rmse': np.float64(3.6687447122820354), 'mae': 3.0458727353999087, 'mdae': 2.689262305569961, 'mape': np.float64(30.03257666111609), 'rmsle': np.float64(0.2825101874039517), 'r2': 0.9370171634558402, 'adj_r2': 0.9356479713570541, 'nrmse': np.float64(0.0656304957474425), 'train_time': 0.00042700767517089844, 'model': 'Lasso'}
2026-05-04 23:29:34,706 - PCRModel - INFO - Seleccionando número óptimo de componentes para PCR...
2026-05-04 23:29:34,760 - PCRModel - INFO - Mejor número de componentes para PCR: 15
2026-05-04 23:29:34,760 - PCRModel - INFO - Entrenando PCR con 15 componentes
2026-05-04 23:29:34,762 - PCRModel - INFO - PCR ajustado correctamente
2026-05-04 23:29:34,763 - ClassicalExperiment - INFO - tecator | PCR | {'mse': 8.40323161301575, 'rmse': np.float64(2.8988328018386555), 'mae': 2.1605041280343404, 'mdae': 1.7643411705370844, 'mape': np.float64(19.28825266824219), 'rmsle': np.float64(0.1950543313677156), 'r2': 0.9606781841890191, 'adj_r2': 0.9598233621061717, 'nrmse': np.float64(0.05185747409371477), 'train_time': 0.0003771781921386719, 'model': 'PCR'}
2026-05-04 23:29:34,763 - ClassicalExperiment - INFO - Resultados clásicos guardados en results/tecator/csv/classical_results_tecator.csv
2026-05-04 23:29:34,763 - MainPipeline - INFO - Comparando resultados para tecator
2026-05-04 23:29:34,763 - CompareRunner - INFO - Comparando resultados para dataset: tecator
2026-05-04 23:29:34,763 - utils - INFO - Directorio creado/verificado: results/tecator
2026-05-04 23:29:34,763 - utils - INFO - Directorio creado/verificado: results/tecator/csv
2026-05-04 23:29:34,763 - utils - INFO - Directorio creado/verificado: results/tecator/figures
2026-05-04 23:29:34,764 - CompareRunner - INFO - Resultados cargados: results/tecator/csv/pls_cv_tecator.csv
2026-05-04 23:29:34,764 - CompareRunner - INFO - Resultados cargados: results/tecator/csv/classical_results_tecator.csv
2026-05-04 23:29:34,765 - CompareRunner - INFO - PLS FINAL incluido en comparación: results/tecator/csv/pls_final_results_tecator.csv
2026-05-04 23:29:34,766 - CompareRunner - INFO - Modelo PLS_CV_15_components seleccionó 15 componentes
2026-05-04 23:29:34,766 - CompareRunner - INFO - Modelo PLS_FINAL_15_components seleccionó 15 componentes
2026-05-04 23:29:34,766 - CompareRunner - INFO - Tabla comparativa guardada en results/tecator/csv/comparison_tecator.csv
2026-05-04 23:29:34,768 - CompareRunner - INFO - Tabla LaTeX guardada en results/tecator/csv/comparison_tecator.tex
2026-05-04 23:29:34,806 - CompareRunner - INFO - Gráfico guardado: results/tecator/figures/rmse_tecator.png
2026-05-04 23:29:34,845 - CompareRunner - INFO - Gráfico guardado: results/tecator/figures/mae_tecator.png
2026-05-04 23:29:34,896 - CompareRunner - INFO - Gráfico guardado: results/tecator/figures/mdae_tecator.png
2026-05-04 23:29:34,934 - CompareRunner - INFO - Gráfico guardado: results/tecator/figures/mape_tecator.png
2026-05-04 23:29:34,977 - CompareRunner - INFO - Gráfico guardado: results/tecator/figures/rmsle_tecator.png
2026-05-04 23:29:35,014 - CompareRunner - INFO - Gráfico guardado: results/tecator/figures/r2_tecator.png
2026-05-04 23:29:35,053 - CompareRunner - INFO - Gráfico guardado: results/tecator/figures/adj_r2_tecator.png
2026-05-04 23:29:35,092 - CompareRunner - INFO - Gráfico guardado: results/tecator/figures/nrmse_tecator.png
2026-05-04 23:29:35,092 - MainPipeline - INFO - === Dataset tecator procesado correctamente ===
2026-05-04 23:29:35,092 - MainPipeline - INFO - === Procesando dataset: riboflavin ===
2026-05-04 23:29:35,131 - utils - INFO - Dataset cargado correctamente: data/raw/riboflavin.csv
2026-05-04 23:35:28,762 - MainPipeline - INFO - === INICIANDO PIPELINE COMPLETO ===
2026-05-04 23:35:28,763 - utils - INFO - Directorio creado/verificado: results
2026-05-04 23:35:28,763 - MainPipeline - INFO - === Procesando dataset: gasoline ===
2026-05-04 23:35:28,769 - utils - INFO - Dataset cargado correctamente: data/raw/gasoline.csv
2026-05-04 23:35:28,771 - DataLoader - INFO - Gasoline cargado: 60 filas, 402 columnas
2026-05-04 23:35:28,771 - MainPipeline - INFO - Ejecutando PLSExperiment (CV) para gasoline
2026-05-04 23:35:28,771 - PLSExperiment - INFO - Iniciando experimento PLS para dataset: gasoline
2026-05-04 23:35:28,771 - experiment - INFO - Preparando datos para dataset: gasoline
2026-05-04 23:35:28,774 - utils - INFO - Dataset cargado correctamente: data/raw/gasoline.csv
2026-05-04 23:35:28,776 - DataLoader - INFO - Gasoline cargado: 60 filas, 402 columnas
2026-05-04 23:35:28,776 - Preprocessing - INFO - Preprocesando dataset de regresión
2026-05-04 23:35:28,777 - experiment - INFO - Dataset de regresión preprocesado correctamente.
2026-05-04 23:35:28,777 - utils - INFO - Directorio creado/verificado: results/gasoline/csv
2026-05-04 23:35:28,777 - PLSModel - INFO - Entrenando PLS con 1 componentes
2026-05-04 23:35:28,782 - PLSModel - INFO - PLS ajustado correctamente
2026-05-04 23:35:28,783 - PLSExperiment - INFO - gasoline | Componentes=1 | RMSE=1.2145
2026-05-04 23:35:28,783 - PLSModel - INFO - Entrenando PLS con 2 componentes
2026-05-04 23:35:28,789 - PLSModel - INFO - PLS ajustado correctamente
2026-05-04 23:35:28,790 - PLSExperiment - INFO - gasoline | Componentes=2 | RMSE=0.8007
2026-05-04 23:35:28,790 - PLSModel - INFO - Entrenando PLS con 3 componentes
2026-05-04 23:35:28,793 - PLSModel - INFO - PLS ajustado correctamente
2026-05-04 23:35:28,793 - PLSExperiment - INFO - gasoline | Componentes=3 | RMSE=0.2412
2026-05-04 23:35:28,793 - PLSModel - INFO - Entrenando PLS con 4 componentes
2026-05-04 23:35:28,794 - PLSModel - INFO - PLS ajustado correctamente
2026-05-04 23:35:28,795 - PLSExperiment - INFO - gasoline | Componentes=4 | RMSE=0.2038
2026-05-04 23:35:28,795 - PLSModel - INFO - Entrenando PLS con 5 componentes
2026-05-04 23:35:28,795 - PLSModel - INFO - PLS ajustado correctamente
2026-05-04 23:35:28,796 - PLSExperiment - INFO - gasoline | Componentes=5 | RMSE=0.1600
2026-05-04 23:35:28,796 - PLSModel - INFO - Entrenando PLS con 6 componentes
2026-05-04 23:35:28,796 - PLSModel - INFO - PLS ajustado correctamente
2026-05-04 23:35:28,797 - PLSExperiment - INFO - gasoline | Componentes=6 | RMSE=0.1342
2026-05-04 23:35:28,797 - PLSModel - INFO - Entrenando PLS con 7 componentes
2026-05-04 23:35:28,797 - PLSModel - INFO - PLS ajustado correctamente
2026-05-04 23:35:28,798 - PLSExperiment - INFO - gasoline | Componentes=7 | RMSE=0.1172
2026-05-04 23:35:28,798 - PLSModel - INFO - Entrenando PLS con 8 componentes
2026-05-04 23:35:28,798 - PLSModel - INFO - PLS ajustado correctamente
2026-05-04 23:35:28,799 - PLSExperiment - INFO - gasoline | Componentes=8 | RMSE=0.1069
2026-05-04 23:35:28,799 - PLSModel - INFO - Entrenando PLS con 9 componentes
2026-05-04 23:35:28,800 - PLSModel - INFO - PLS ajustado correctamente
2026-05-04 23:35:28,800 - PLSExperiment - INFO - gasoline | Componentes=9 | RMSE=0.0927
2026-05-04 23:35:28,800 - PLSModel - INFO - Entrenando PLS con 10 componentes
2026-05-04 23:35:28,801 - PLSModel - INFO - PLS ajustado correctamente
2026-05-04 23:35:28,801 - PLSExperiment - INFO - gasoline | Componentes=10 | RMSE=0.0877
2026-05-04 23:35:28,801 - PLSModel - INFO - Entrenando PLS con 11 componentes
2026-05-04 23:35:28,802 - PLSModel - INFO - PLS ajustado correctamente
2026-05-04 23:35:28,803 - PLSExperiment - INFO - gasoline | Componentes=11 | RMSE=0.0822
2026-05-04 23:35:28,803 - PLSModel - INFO - Entrenando PLS con 12 componentes
2026-05-04 23:35:28,803 - PLSModel - INFO - PLS ajustado correctamente
2026-05-04 23:35:28,804 - PLSExperiment - INFO - gasoline | Componentes=12 | RMSE=0.0763
2026-05-04 23:35:28,804 - PLSModel - INFO - Entrenando PLS con 13 componentes
2026-05-04 23:35:28,805 - PLSModel - INFO - PLS ajustado correctamente
2026-05-04 23:35:28,805 - PLSExperiment - INFO - gasoline | Componentes=13 | RMSE=0.0620
2026-05-04 23:35:28,805 - PLSModel - INFO - Entrenando PLS con 14 componentes
2026-05-04 23:35:28,806 - PLSModel - INFO - PLS ajustado correctamente
2026-05-04 23:35:28,806 - PLSExperiment - INFO - gasoline | Componentes=14 | RMSE=0.0512
2026-05-04 23:35:28,806 - PLSModel - INFO - Entrenando PLS con 15 componentes
2026-05-04 23:35:28,807 - PLSModel - INFO - PLS ajustado correctamente
2026-05-04 23:35:28,808 - PLSExperiment - INFO - gasoline | Componentes=15 | RMSE=0.0466
2026-05-04 23:35:28,808 - PLSExperiment - INFO - Mejor número de componentes para gasoline: 15
2026-05-04 23:35:28,809 - PLSExperiment - INFO - Resultados PLS guardados en results/gasoline/csv/pls_cv_gasoline.csv
2026-05-04 23:35:28,809 - MainPipeline - INFO - Entrenando PLS FINAL para gasoline
2026-05-04 23:35:28,809 - PLSFinalExperiment - INFO - Iniciando PLS FINAL para dataset: gasoline
2026-05-04 23:35:28,809 - experiment - INFO - Preparando datos para dataset: gasoline
2026-05-04 23:35:28,813 - utils - INFO - Dataset cargado correctamente: data/raw/gasoline.csv
2026-05-04 23:35:28,814 - DataLoader - INFO - Gasoline cargado: 60 filas, 402 columnas
2026-05-04 23:35:28,814 - Preprocessing - INFO - Preprocesando dataset de regresión
2026-05-04 23:35:28,814 - experiment - INFO - Dataset de regresión preprocesado correctamente.
2026-05-04 23:35:28,815 - PLSFinalExperiment - INFO - Mejor número de componentes para PLS FINAL: 15
2026-05-04 23:35:28,816 - utils - INFO - Directorio creado/verificado: results/gasoline/csv
2026-05-04 23:35:28,817 - PLSFinalExperiment - INFO - Resultados PLS FINAL guardados en results/gasoline/csv/pls_final_results_gasoline.csv
2026-05-04 23:35:28,817 - MainPipeline - INFO - Ejecutando ClassicalExperiment para gasoline
2026-05-04 23:35:28,817 - ClassicalExperiment - INFO - Iniciando métodos clásicos para dataset: gasoline
2026-05-04 23:35:28,817 - experiment - INFO - Preparando datos para dataset: gasoline
2026-05-04 23:35:28,820 - utils - INFO - Dataset cargado correctamente: data/raw/gasoline.csv
2026-05-04 23:35:28,821 - DataLoader - INFO - Gasoline cargado: 60 filas, 402 columnas
2026-05-04 23:35:28,821 - Preprocessing - INFO - Preprocesando dataset de regresión
2026-05-04 23:35:28,822 - experiment - INFO - Dataset de regresión preprocesado correctamente.
2026-05-04 23:35:28,822 - utils - INFO - Directorio creado/verificado: results/gasoline/csv
2026-05-04 23:35:28,822 - OLSModel - INFO - Inicializando modelo OLS
2026-05-04 23:35:28,822 - RidgeModel - INFO - Inicializando Ridge con alpha=1.0
2026-05-04 23:35:28,822 - LassoModel - INFO - Inicializando Lasso con alpha=0.01
2026-05-04 23:35:28,826 - OLSModel - INFO - OLS ajustado correctamente
2026-05-04 23:35:28,827 - ClassicalExperiment - INFO - gasoline | OLS | {'mse': 0.11914638754583597, 'rmse': np.float64(0.34517587914834946), 'mae': 0.2516170755543404, 'mdae': 0.1669511556074994, 'mape': np.float64(0.287882358213557), 'rmsle': np.float64(0.0038806181921219717), 'r2': 0.939538249423911, 'adj_r2': 0.933492074366302, 'nrmse': np.float64(0.0896560725060646), 'train_time': 0.0004570484161376953, 'model': 'OLS'}
2026-05-04 23:35:28,832 - RidgeModel - INFO - Ridge ajustado correctamente
2026-05-04 23:35:28,833 - ClassicalExperiment - INFO - gasoline | Ridge | {'mse': 0.10702506530164219, 'rmse': np.float64(0.32714685586391046), 'mae': 0.2348945241559998, 'mdae': 0.18632155141003892, 'mape': np.float64(0.2685564200192524), 'rmsle': np.float64(0.0036779208337951157), 'r2': 0.9456893076076843, 'adj_r2': 0.9402582383684528, 'nrmse': np.float64(0.08497320931530122), 'train_time': 0.0004391670227050781, 'model': 'Ridge'}
2026-05-04 23:35:28,839 - LassoModel - INFO - Lasso ajustado correctamente
2026-05-04 23:35:28,840 - ClassicalExperiment - INFO - gasoline | Lasso | {'mse': 0.06522135178755245, 'rmse': np.float64(0.2553847133004488), 'mae': 0.19230507430172375, 'mdae': 0.15043871311975465, 'mape': np.float64(0.22058504242233162), 'rmsle': np.float64(0.002880354855024501), 'r2': 0.9669029234940311, 'adj_r2': 0.9635932158434342, 'nrmse': np.float64(0.06633369176635019), 'train_time': 0.0004119873046875, 'model': 'Lasso'}
2026-05-04 23:35:28,840 - PCRModel - INFO - Seleccionando número óptimo de componentes para PCR...
2026-05-04 23:35:28,880 - PCRModel - INFO - Mejor número de componentes para PCR: 7
2026-05-04 23:35:28,880 - PCRModel - INFO - Entrenando PCR con 7 componentes
2026-05-04 23:35:28,881 - PCRModel - INFO - PCR ajustado correctamente
2026-05-04 23:35:28,882 - ClassicalExperiment - INFO - gasoline | PCR | {'mse': 0.08701298191666919, 'rmse': np.float64(0.2949796296639298), 'mae': 0.2380084190717978, 'mdae': 0.1900105648362569, 'mape': np.float64(0.27331559791500976), 'rmsle': np.float64(0.00333104775952874), 'r2': 0.9558445932109902, 'adj_r2': 0.9514290525320893, 'nrmse': np.float64(0.07661808562699458), 'train_time': 0.00040411949157714844, 'model': 'PCR'}
2026-05-04 23:35:28,882 - ClassicalExperiment - INFO - Resultados clásicos guardados en results/gasoline/csv/classical_results_gasoline.csv
2026-05-04 23:35:28,882 - MainPipeline - INFO - Comparando resultados para gasoline
2026-05-04 23:35:28,882 - CompareRunner - INFO - Comparando resultados para dataset: gasoline
2026-05-04 23:35:28,883 - utils - INFO - Directorio creado/verificado: results/gasoline
2026-05-04 23:35:28,883 - utils - INFO - Directorio creado/verificado: results/gasoline/csv
2026-05-04 23:35:28,883 - utils - INFO - Directorio creado/verificado: results/gasoline/figures
2026-05-04 23:35:28,883 - CompareRunner - INFO - Resultados cargados: results/gasoline/csv/pls_cv_gasoline.csv
2026-05-04 23:35:28,883 - CompareRunner - INFO - Resultados cargados: results/gasoline/csv/classical_results_gasoline.csv
2026-05-04 23:35:28,885 - CompareRunner - INFO - PLS FINAL incluido en comparación: results/gasoline/csv/pls_final_results_gasoline.csv
2026-05-04 23:35:28,886 - CompareRunner - INFO - Modelo PLS_CV_15_components seleccionó 15 componentes
2026-05-04 23:35:28,886 - CompareRunner - INFO - Modelo PLS_FINAL_15_components seleccionó 15 componentes
2026-05-04 23:35:28,886 - CompareRunner - INFO - Tabla comparativa guardada en results/gasoline/csv/comparison_gasoline.csv
2026-05-04 23:35:28,918 - CompareRunner - INFO - Tabla LaTeX guardada en results/gasoline/csv/comparison_gasoline.tex
2026-05-04 23:35:29,152 - CompareRunner - INFO - Gráfico guardado: results/gasoline/figures/rmse_gasoline.png
2026-05-04 23:35:29,191 - CompareRunner - INFO - Gráfico guardado: results/gasoline/figures/mae_gasoline.png
2026-05-04 23:35:29,227 - CompareRunner - INFO - Gráfico guardado: results/gasoline/figures/mdae_gasoline.png
2026-05-04 23:35:29,267 - CompareRunner - INFO - Gráfico guardado: results/gasoline/figures/mape_gasoline.png
2026-05-04 23:35:29,311 - CompareRunner - INFO - Gráfico guardado: results/gasoline/figures/rmsle_gasoline.png
2026-05-04 23:35:29,346 - CompareRunner - INFO - Gráfico guardado: results/gasoline/figures/r2_gasoline.png
2026-05-04 23:35:29,386 - CompareRunner - INFO - Gráfico guardado: results/gasoline/figures/adj_r2_gasoline.png
2026-05-04 23:35:29,422 - CompareRunner - INFO - Gráfico guardado: results/gasoline/figures/nrmse_gasoline.png
2026-05-04 23:35:29,422 - MainPipeline - INFO - === Dataset gasoline procesado correctamente ===
2026-05-04 23:35:29,422 - MainPipeline - INFO - === Procesando dataset: tecator ===
2026-05-04 23:35:29,425 - utils - INFO - Dataset cargado correctamente: data/raw/tecator.csv
2026-05-04 23:35:29,425 - DataLoader - INFO - Tecator cargado: 240 filas, 125 columnas
2026-05-04 23:35:29,425 - MainPipeline - INFO - Ejecutando PLSExperiment (CV) para tecator
2026-05-04 23:35:29,425 - PLSExperiment - INFO - Iniciando experimento PLS para dataset: tecator
2026-05-04 23:35:29,425 - experiment - INFO - Preparando datos para dataset: tecator
2026-05-04 23:35:29,427 - utils - INFO - Dataset cargado correctamente: data/raw/tecator.csv
2026-05-04 23:35:29,427 - DataLoader - INFO - Tecator cargado: 240 filas, 125 columnas
2026-05-04 23:35:29,427 - Preprocessing - INFO - Preprocesando dataset de regresión
2026-05-04 23:35:29,428 - experiment - INFO - Dataset de regresión preprocesado correctamente.
2026-05-04 23:35:29,428 - utils - INFO - Directorio creado/verificado: results/tecator/csv
2026-05-04 23:35:29,428 - PLSModel - INFO - Entrenando PLS con 1 componentes
2026-05-04 23:35:29,429 - PLSModel - INFO - PLS ajustado correctamente
2026-05-04 23:35:29,429 - PLSExperiment - INFO - tecator | Componentes=1 | RMSE=12.6767
2026-05-04 23:35:29,429 - PLSModel - INFO - Entrenando PLS con 2 componentes
2026-05-04 23:35:29,429 - PLSModel - INFO - PLS ajustado correctamente
2026-05-04 23:35:29,430 - PLSExperiment - INFO - tecator | Componentes=2 | RMSE=7.3564
2026-05-04 23:35:29,430 - PLSModel - INFO - Entrenando PLS con 3 componentes
2026-05-04 23:35:29,430 - PLSModel - INFO - PLS ajustado correctamente
2026-05-04 23:35:29,431 - PLSExperiment - INFO - tecator | Componentes=3 | RMSE=5.6061
2026-05-04 23:35:29,431 - PLSModel - INFO - Entrenando PLS con 4 componentes
2026-05-04 23:35:29,431 - PLSModel - INFO - PLS ajustado correctamente
2026-05-04 23:35:29,431 - PLSExperiment - INFO - tecator | Componentes=4 | RMSE=4.5582
2026-05-04 23:35:29,431 - PLSModel - INFO - Entrenando PLS con 5 componentes
2026-05-04 23:35:29,432 - PLSModel - INFO - PLS ajustado correctamente
2026-05-04 23:35:29,432 - PLSExperiment - INFO - tecator | Componentes=5 | RMSE=3.4816
2026-05-04 23:35:29,432 - PLSModel - INFO - Entrenando PLS con 6 componentes
2026-05-04 23:35:29,433 - PLSModel - INFO - PLS ajustado correctamente
2026-05-04 23:35:29,433 - PLSExperiment - INFO - tecator | Componentes=6 | RMSE=3.3763
2026-05-04 23:35:29,433 - PLSModel - INFO - Entrenando PLS con 7 componentes
2026-05-04 23:35:29,434 - PLSModel - INFO - PLS ajustado correctamente
2026-05-04 23:35:29,434 - PLSExperiment - INFO - tecator | Componentes=7 | RMSE=3.2420
2026-05-04 23:35:29,434 - PLSModel - INFO - Entrenando PLS con 8 componentes
2026-05-04 23:35:29,435 - PLSModel - INFO - PLS ajustado correctamente
2026-05-04 23:35:29,435 - PLSExperiment - INFO - tecator | Componentes=8 | RMSE=2.9250
2026-05-04 23:35:29,435 - PLSModel - INFO - Entrenando PLS con 9 componentes
2026-05-04 23:35:29,436 - PLSModel - INFO - PLS ajustado correctamente
2026-05-04 23:35:29,436 - PLSExperiment - INFO - tecator | Componentes=9 | RMSE=2.9063
2026-05-04 23:35:29,436 - PLSModel - INFO - Entrenando PLS con 10 componentes
2026-05-04 23:35:29,437 - PLSModel - INFO - PLS ajustado correctamente
2026-05-04 23:35:29,437 - PLSExperiment - INFO - tecator | Componentes=10 | RMSE=2.8147
2026-05-04 23:35:29,437 - PLSModel - INFO - Entrenando PLS con 11 componentes
2026-05-04 23:35:29,438 - PLSModel - INFO - PLS ajustado correctamente
2026-05-04 23:35:29,438 - PLSExperiment - INFO - tecator | Componentes=11 | RMSE=2.7533
2026-05-04 23:35:29,439 - PLSModel - INFO - Entrenando PLS con 12 componentes
2026-05-04 23:35:29,439 - PLSModel - INFO - PLS ajustado correctamente
2026-05-04 23:35:29,440 - PLSExperiment - INFO - tecator | Componentes=12 | RMSE=2.4380
2026-05-04 23:35:29,440 - PLSModel - INFO - Entrenando PLS con 13 componentes
2026-05-04 23:35:29,440 - PLSModel - INFO - PLS ajustado correctamente
2026-05-04 23:35:29,441 - PLSExperiment - INFO - tecator | Componentes=13 | RMSE=2.3706
2026-05-04 23:35:29,441 - PLSModel - INFO - Entrenando PLS con 14 componentes
2026-05-04 23:35:29,442 - PLSModel - INFO - PLS ajustado correctamente
2026-05-04 23:35:29,442 - PLSExperiment - INFO - tecator | Componentes=14 | RMSE=2.2808
2026-05-04 23:35:29,442 - PLSModel - INFO - Entrenando PLS con 15 componentes
2026-05-04 23:35:29,443 - PLSModel - INFO - PLS ajustado correctamente
2026-05-04 23:35:29,444 - PLSExperiment - INFO - tecator | Componentes=15 | RMSE=2.0573
2026-05-04 23:35:29,444 - PLSExperiment - INFO - Mejor número de componentes para tecator: 15
2026-05-04 23:35:29,444 - PLSExperiment - INFO - Resultados PLS guardados en results/tecator/csv/pls_cv_tecator.csv
2026-05-04 23:35:29,444 - MainPipeline - INFO - Entrenando PLS FINAL para tecator
2026-05-04 23:35:29,444 - PLSFinalExperiment - INFO - Iniciando PLS FINAL para dataset: tecator
2026-05-04 23:35:29,444 - experiment - INFO - Preparando datos para dataset: tecator
2026-05-04 23:35:29,446 - utils - INFO - Dataset cargado correctamente: data/raw/tecator.csv
2026-05-04 23:35:29,447 - DataLoader - INFO - Tecator cargado: 240 filas, 125 columnas
2026-05-04 23:35:29,447 - Preprocessing - INFO - Preprocesando dataset de regresión
2026-05-04 23:35:29,447 - experiment - INFO - Dataset de regresión preprocesado correctamente.
2026-05-04 23:35:29,447 - PLSFinalExperiment - INFO - Mejor número de componentes para PLS FINAL: 15
2026-05-04 23:35:29,449 - utils - INFO - Directorio creado/verificado: results/tecator/csv
2026-05-04 23:35:29,449 - PLSFinalExperiment - INFO - Resultados PLS FINAL guardados en results/tecator/csv/pls_final_results_tecator.csv
2026-05-04 23:35:29,449 - MainPipeline - INFO - Ejecutando ClassicalExperiment para tecator
2026-05-04 23:35:29,449 - ClassicalExperiment - INFO - Iniciando métodos clásicos para dataset: tecator
2026-05-04 23:35:29,449 - experiment - INFO - Preparando datos para dataset: tecator
2026-05-04 23:35:29,451 - utils - INFO - Dataset cargado correctamente: data/raw/tecator.csv
2026-05-04 23:35:29,451 - DataLoader - INFO - Tecator cargado: 240 filas, 125 columnas
2026-05-04 23:35:29,451 - Preprocessing - INFO - Preprocesando dataset de regresión
2026-05-04 23:35:29,452 - experiment - INFO - Dataset de regresión preprocesado correctamente.
2026-05-04 23:35:29,452 - utils - INFO - Directorio creado/verificado: results/tecator/csv
2026-05-04 23:35:29,452 - OLSModel - INFO - Inicializando modelo OLS
2026-05-04 23:35:29,452 - RidgeModel - INFO - Inicializando Ridge con alpha=1.0
2026-05-04 23:35:29,452 - LassoModel - INFO - Inicializando Lasso con alpha=0.01
2026-05-04 23:35:29,453 - OLSModel - INFO - OLS ajustado correctamente
2026-05-04 23:35:29,454 - ClassicalExperiment - INFO - tecator | OLS | {'mse': 4.820670359304675, 'rmse': np.float64(2.195602504850246), 'mae': 1.5276580873166814, 'mdae': 0.8522739092477996, 'mape': np.float64(11.98965447893971), 'rmsle': np.float64(0.14307618216840398), 'r2': 0.977442307830665, 'adj_r2': 0.9769519232182882, 'nrmse': np.float64(0.039277325668161826), 'train_time': 0.0003871917724609375, 'model': 'OLS'}
2026-05-04 23:35:29,454 - RidgeModel - INFO - Ridge ajustado correctamente
2026-05-04 23:35:29,455 - ClassicalExperiment - INFO - tecator | Ridge | {'mse': 14.110158314819174, 'rmse': np.float64(3.7563490672219446), 'mae': 3.232666505352148, 'mdae': 2.980035039408026, 'mape': np.float64(35.12144624007647), 'rmsle': np.float64(0.3219982941096998), 'r2': 0.9339733721655709, 'adj_r2': 0.9325380106909094, 'nrmse': np.float64(0.06719765773205626), 'train_time': 0.00039124488830566406, 'model': 'Ridge'}
2026-05-04 23:35:29,483 - LassoModel - INFO - Lasso ajustado correctamente
2026-05-04 23:35:29,483 - ClassicalExperiment - INFO - tecator | Lasso | {'mse': 13.459687763897394, 'rmse': np.float64(3.6687447122820354), 'mae': 3.0458727353999087, 'mdae': 2.689262305569961, 'mape': np.float64(30.03257666111609), 'rmsle': np.float64(0.2825101874039517), 'r2': 0.9370171634558402, 'adj_r2': 0.9356479713570541, 'nrmse': np.float64(0.0656304957474425), 'train_time': 0.00044798851013183594, 'model': 'Lasso'}
2026-05-04 23:35:29,484 - PCRModel - INFO - Seleccionando número óptimo de componentes para PCR...
2026-05-04 23:35:29,537 - PCRModel - INFO - Mejor número de componentes para PCR: 15
2026-05-04 23:35:29,537 - PCRModel - INFO - Entrenando PCR con 15 componentes
2026-05-04 23:35:29,539 - PCRModel - INFO - PCR ajustado correctamente
2026-05-04 23:35:29,539 - ClassicalExperiment - INFO - tecator | PCR | {'mse': 8.40323161301575, 'rmse': np.float64(2.8988328018386555), 'mae': 2.1605041280343404, 'mdae': 1.7643411705370844, 'mape': np.float64(19.28825266824219), 'rmsle': np.float64(0.1950543313677156), 'r2': 0.9606781841890191, 'adj_r2': 0.9598233621061717, 'nrmse': np.float64(0.05185747409371477), 'train_time': 0.000370025634765625, 'model': 'PCR'}
2026-05-04 23:35:29,540 - ClassicalExperiment - INFO - Resultados clásicos guardados en results/tecator/csv/classical_results_tecator.csv
2026-05-04 23:35:29,540 - MainPipeline - INFO - Comparando resultados para tecator
2026-05-04 23:35:29,540 - CompareRunner - INFO - Comparando resultados para dataset: tecator
2026-05-04 23:35:29,540 - utils - INFO - Directorio creado/verificado: results/tecator
2026-05-04 23:35:29,540 - utils - INFO - Directorio creado/verificado: results/tecator/csv
2026-05-04 23:35:29,540 - utils - INFO - Directorio creado/verificado: results/tecator/figures
2026-05-04 23:35:29,540 - CompareRunner - INFO - Resultados cargados: results/tecator/csv/pls_cv_tecator.csv
2026-05-04 23:35:29,541 - CompareRunner - INFO - Resultados cargados: results/tecator/csv/classical_results_tecator.csv
2026-05-04 23:35:29,542 - CompareRunner - INFO - PLS FINAL incluido en comparación: results/tecator/csv/pls_final_results_tecator.csv
2026-05-04 23:35:29,542 - CompareRunner - INFO - Modelo PLS_CV_15_components seleccionó 15 componentes
2026-05-04 23:35:29,542 - CompareRunner - INFO - Modelo PLS_FINAL_15_components seleccionó 15 componentes
2026-05-04 23:35:29,543 - CompareRunner - INFO - Tabla comparativa guardada en results/tecator/csv/comparison_tecator.csv
2026-05-04 23:35:29,544 - CompareRunner - INFO - Tabla LaTeX guardada en results/tecator/csv/comparison_tecator.tex
2026-05-04 23:35:29,583 - CompareRunner - INFO - Gráfico guardado: results/tecator/figures/rmse_tecator.png
2026-05-04 23:35:29,623 - CompareRunner - INFO - Gráfico guardado: results/tecator/figures/mae_tecator.png
2026-05-04 23:35:29,662 - CompareRunner - INFO - Gráfico guardado: results/tecator/figures/mdae_tecator.png
2026-05-04 23:35:29,713 - CompareRunner - INFO - Gráfico guardado: results/tecator/figures/mape_tecator.png
2026-05-04 23:35:29,751 - CompareRunner - INFO - Gráfico guardado: results/tecator/figures/rmsle_tecator.png
2026-05-04 23:35:29,785 - CompareRunner - INFO - Gráfico guardado: results/tecator/figures/r2_tecator.png
2026-05-04 23:35:29,821 - CompareRunner - INFO - Gráfico guardado: results/tecator/figures/adj_r2_tecator.png
2026-05-04 23:35:29,859 - CompareRunner - INFO - Gráfico guardado: results/tecator/figures/nrmse_tecator.png
2026-05-04 23:35:29,859 - MainPipeline - INFO - === Dataset tecator procesado correctamente ===
2026-05-04 23:35:29,859 - MainPipeline - INFO - === Procesando dataset: riboflavin ===
2026-05-04 23:35:29,896 - utils - INFO - Dataset cargado correctamente: data/raw/riboflavin.csv
2026-05-04 23:44:55,879 - MainPipeline - INFO - === INICIANDO PIPELINE COMPLETO ===
2026-05-04 23:44:55,879 - utils - INFO - Directorio creado/verificado: results
2026-05-04 23:44:55,879 - MainPipeline - INFO - === Procesando dataset: gasoline ===
2026-05-04 23:44:55,886 - utils - INFO - Dataset cargado correctamente: data/raw/gasoline.csv
2026-05-04 23:44:55,890 - DataLoader - INFO - Gasoline cargado: 60 filas, 402 columnas
2026-05-04 23:44:55,890 - MainPipeline - INFO - Ejecutando PLSExperiment (CV) para gasoline
2026-05-04 23:44:55,890 - PLSExperiment - INFO - Iniciando experimento PLS para dataset: gasoline
2026-05-04 23:44:55,890 - experiment - INFO - Preparando datos para dataset: gasoline
2026-05-04 23:44:55,894 - utils - INFO - Dataset cargado correctamente: data/raw/gasoline.csv
2026-05-04 23:44:55,895 - DataLoader - INFO - Gasoline cargado: 60 filas, 402 columnas
2026-05-04 23:44:55,895 - Preprocessing - INFO - Preprocesando dataset de regresión
2026-05-04 23:44:55,897 - experiment - INFO - Dataset de regresión preprocesado correctamente.
2026-05-04 23:44:55,897 - utils - INFO - Directorio creado/verificado: results/gasoline/csv
2026-05-04 23:44:55,898 - PLSModel - INFO - Entrenando PLS con 1 componentes
2026-05-04 23:44:55,903 - PLSModel - INFO - PLS ajustado correctamente
2026-05-04 23:44:55,904 - PLSExperiment - INFO - gasoline | Componentes=1 | RMSE=1.2145
2026-05-04 23:44:55,904 - PLSModel - INFO - Entrenando PLS con 2 componentes
2026-05-04 23:44:55,905 - PLSModel - INFO - PLS ajustado correctamente
2026-05-04 23:44:55,906 - PLSExperiment - INFO - gasoline | Componentes=2 | RMSE=0.8007
2026-05-04 23:44:55,906 - PLSModel - INFO - Entrenando PLS con 3 componentes
2026-05-04 23:44:55,906 - PLSModel - INFO - PLS ajustado correctamente
2026-05-04 23:44:55,907 - PLSExperiment - INFO - gasoline | Componentes=3 | RMSE=0.2412
2026-05-04 23:44:55,907 - PLSModel - INFO - Entrenando PLS con 4 componentes
2026-05-04 23:44:55,907 - PLSModel - INFO - PLS ajustado correctamente
2026-05-04 23:44:55,908 - PLSExperiment - INFO - gasoline | Componentes=4 | RMSE=0.2038
2026-05-04 23:44:55,908 - PLSModel - INFO - Entrenando PLS con 5 componentes
2026-05-04 23:44:55,909 - PLSModel - INFO - PLS ajustado correctamente
2026-05-04 23:44:55,909 - PLSExperiment - INFO - gasoline | Componentes=5 | RMSE=0.1600
2026-05-04 23:44:55,909 - PLSModel - INFO - Entrenando PLS con 6 componentes
2026-05-04 23:44:55,910 - PLSModel - INFO - PLS ajustado correctamente
2026-05-04 23:44:55,910 - PLSExperiment - INFO - gasoline | Componentes=6 | RMSE=0.1342
2026-05-04 23:44:55,910 - PLSModel - INFO - Entrenando PLS con 7 componentes
2026-05-04 23:44:55,911 - PLSModel - INFO - PLS ajustado correctamente
2026-05-04 23:44:55,911 - PLSExperiment - INFO - gasoline | Componentes=7 | RMSE=0.1172
2026-05-04 23:44:55,911 - PLSModel - INFO - Entrenando PLS con 8 componentes
2026-05-04 23:44:55,912 - PLSModel - INFO - PLS ajustado correctamente
2026-05-04 23:44:55,913 - PLSExperiment - INFO - gasoline | Componentes=8 | RMSE=0.1069
2026-05-04 23:44:55,913 - PLSModel - INFO - Entrenando PLS con 9 componentes
2026-05-04 23:44:55,913 - PLSModel - INFO - PLS ajustado correctamente
2026-05-04 23:44:55,914 - PLSExperiment - INFO - gasoline | Componentes=9 | RMSE=0.0927
2026-05-04 23:44:55,914 - PLSModel - INFO - Entrenando PLS con 10 componentes
2026-05-04 23:44:55,915 - PLSModel - INFO - PLS ajustado correctamente
2026-05-04 23:44:55,915 - PLSExperiment - INFO - gasoline | Componentes=10 | RMSE=0.0877
2026-05-04 23:44:55,915 - PLSModel - INFO - Entrenando PLS con 11 componentes
2026-05-04 23:44:55,916 - PLSModel - INFO - PLS ajustado correctamente
2026-05-04 23:44:55,916 - PLSExperiment - INFO - gasoline | Componentes=11 | RMSE=0.0822
2026-05-04 23:44:55,916 - PLSModel - INFO - Entrenando PLS con 12 componentes
2026-05-04 23:44:55,917 - PLSModel - INFO - PLS ajustado correctamente
2026-05-04 23:44:55,917 - PLSExperiment - INFO - gasoline | Componentes=12 | RMSE=0.0763
2026-05-04 23:44:55,917 - PLSModel - INFO - Entrenando PLS con 13 componentes
2026-05-04 23:44:55,918 - PLSModel - INFO - PLS ajustado correctamente
2026-05-04 23:44:55,919 - PLSExperiment - INFO - gasoline | Componentes=13 | RMSE=0.0620
2026-05-04 23:44:55,919 - PLSModel - INFO - Entrenando PLS con 14 componentes
2026-05-04 23:44:55,920 - PLSModel - INFO - PLS ajustado correctamente
2026-05-04 23:44:55,920 - PLSExperiment - INFO - gasoline | Componentes=14 | RMSE=0.0512
2026-05-04 23:44:55,920 - PLSModel - INFO - Entrenando PLS con 15 componentes
2026-05-04 23:44:55,921 - PLSModel - INFO - PLS ajustado correctamente
2026-05-04 23:44:55,921 - PLSExperiment - INFO - gasoline | Componentes=15 | RMSE=0.0466
2026-05-04 23:44:55,921 - PLSExperiment - INFO - Mejor número de componentes para gasoline: 15
2026-05-04 23:44:55,923 - PLSExperiment - INFO - Resultados PLS guardados en results/gasoline/csv/pls_cv_gasoline.csv
2026-05-04 23:44:55,923 - MainPipeline - INFO - Entrenando PLS FINAL para gasoline
2026-05-04 23:44:55,923 - PLSFinalExperiment - INFO - Iniciando PLS FINAL para dataset: gasoline
2026-05-04 23:44:55,923 - experiment - INFO - Preparando datos para dataset: gasoline
2026-05-04 23:44:55,927 - utils - INFO - Dataset cargado correctamente: data/raw/gasoline.csv
2026-05-04 23:44:55,928 - DataLoader - INFO - Gasoline cargado: 60 filas, 402 columnas
2026-05-04 23:44:55,928 - Preprocessing - INFO - Preprocesando dataset de regresión
2026-05-04 23:44:55,928 - experiment - INFO - Dataset de regresión preprocesado correctamente.
2026-05-04 23:44:55,929 - PLSFinalExperiment - INFO - Mejor número de componentes para PLS FINAL: 15
2026-05-04 23:44:55,930 - utils - INFO - Directorio creado/verificado: results/gasoline/csv
2026-05-04 23:44:55,930 - PLSFinalExperiment - INFO - Resultados PLS FINAL guardados en results/gasoline/csv/pls_final_results_gasoline.csv
2026-05-04 23:44:55,931 - MainPipeline - INFO - Ejecutando ClassicalExperiment para gasoline
2026-05-04 23:44:55,931 - ClassicalExperiment - INFO - Iniciando métodos clásicos para dataset: gasoline
2026-05-04 23:44:55,931 - experiment - INFO - Preparando datos para dataset: gasoline
2026-05-04 23:44:55,934 - utils - INFO - Dataset cargado correctamente: data/raw/gasoline.csv
2026-05-04 23:44:55,935 - DataLoader - INFO - Gasoline cargado: 60 filas, 402 columnas
2026-05-04 23:44:55,935 - Preprocessing - INFO - Preprocesando dataset de regresión
2026-05-04 23:44:55,935 - experiment - INFO - Dataset de regresión preprocesado correctamente.
2026-05-04 23:44:55,935 - utils - INFO - Directorio creado/verificado: results/gasoline/csv
2026-05-04 23:44:55,935 - OLSModel - INFO - Inicializando modelo OLS
2026-05-04 23:44:55,935 - RidgeModel - INFO - Inicializando Ridge con alpha=1.0
2026-05-04 23:44:55,935 - LassoModel - INFO - Inicializando Lasso con alpha=0.01
2026-05-04 23:44:55,940 - OLSModel - INFO - OLS ajustado correctamente
2026-05-04 23:44:55,940 - ClassicalExperiment - INFO - gasoline | OLS | {'mse': 0.11914638754583597, 'rmse': np.float64(0.34517587914834946), 'mae': 0.2516170755543404, 'mdae': 0.1669511556074994, 'mape': np.float64(0.287882358213557), 'rmsle': np.float64(0.0038806181921219717), 'r2': 0.939538249423911, 'adj_r2': 0.933492074366302, 'nrmse': np.float64(0.0896560725060646), 'train_time': 0.0004200935363769531, 'model': 'OLS'}
2026-05-04 23:44:55,945 - RidgeModel - INFO - Ridge ajustado correctamente
2026-05-04 23:44:55,945 - ClassicalExperiment - INFO - gasoline | Ridge | {'mse': 0.10702506530164219, 'rmse': np.float64(0.32714685586391046), 'mae': 0.2348945241559998, 'mdae': 0.18632155141003892, 'mape': np.float64(0.2685564200192524), 'rmsle': np.float64(0.0036779208337951157), 'r2': 0.9456893076076843, 'adj_r2': 0.9402582383684528, 'nrmse': np.float64(0.08497320931530122), 'train_time': 0.00047707557678222656, 'model': 'Ridge'}
2026-05-04 23:44:55,952 - LassoModel - INFO - Lasso ajustado correctamente
2026-05-04 23:44:55,953 - ClassicalExperiment - INFO - gasoline | Lasso | {'mse': 0.06522135178755245, 'rmse': np.float64(0.2553847133004488), 'mae': 0.19230507430172375, 'mdae': 0.15043871311975465, 'mape': np.float64(0.22058504242233162), 'rmsle': np.float64(0.002880354855024501), 'r2': 0.9669029234940311, 'adj_r2': 0.9635932158434342, 'nrmse': np.float64(0.06633369176635019), 'train_time': 0.0004069805145263672, 'model': 'Lasso'}
2026-05-04 23:44:55,953 - PCRModel - INFO - Seleccionando número óptimo de componentes para PCR...
2026-05-04 23:44:55,993 - PCRModel - INFO - Mejor número de componentes para PCR: 7
2026-05-04 23:44:55,993 - PCRModel - INFO - Entrenando PCR con 7 componentes
2026-05-04 23:44:55,994 - PCRModel - INFO - PCR ajustado correctamente
2026-05-04 23:44:55,994 - ClassicalExperiment - INFO - gasoline | PCR | {'mse': 0.08701298191666919, 'rmse': np.float64(0.2949796296639298), 'mae': 0.2380084190717978, 'mdae': 0.1900105648362569, 'mape': np.float64(0.27331559791500976), 'rmsle': np.float64(0.00333104775952874), 'r2': 0.9558445932109902, 'adj_r2': 0.9514290525320893, 'nrmse': np.float64(0.07661808562699458), 'train_time': 0.0003509521484375, 'model': 'PCR'}
2026-05-04 23:44:55,995 - ClassicalExperiment - INFO - Resultados clásicos guardados en results/gasoline/csv/classical_results_gasoline.csv
2026-05-04 23:44:55,995 - MainPipeline - INFO - Comparando resultados para gasoline
2026-05-04 23:44:55,995 - CompareRunner - INFO - Comparando resultados para dataset: gasoline
2026-05-04 23:44:55,995 - utils - INFO - Directorio creado/verificado: results/gasoline
2026-05-04 23:44:55,995 - utils - INFO - Directorio creado/verificado: results/gasoline/csv
2026-05-04 23:44:55,995 - utils - INFO - Directorio creado/verificado: results/gasoline/figures
2026-05-04 23:44:55,996 - CompareRunner - INFO - Resultados cargados: results/gasoline/csv/pls_cv_gasoline.csv
2026-05-04 23:44:55,996 - CompareRunner - INFO - Resultados cargados: results/gasoline/csv/classical_results_gasoline.csv
2026-05-04 23:44:55,997 - CompareRunner - INFO - PLS FINAL incluido en comparación: results/gasoline/csv/pls_final_results_gasoline.csv
2026-05-04 23:44:55,998 - CompareRunner - INFO - Modelo PLS_CV_15_components seleccionó 15 componentes
2026-05-04 23:44:55,998 - CompareRunner - INFO - Modelo PLS_FINAL_15_components seleccionó 15 componentes
2026-05-04 23:44:55,998 - CompareRunner - INFO - Tabla comparativa guardada en results/gasoline/csv/comparison_gasoline.csv
2026-05-04 23:44:56,032 - CompareRunner - INFO - Tabla LaTeX guardada en results/gasoline/csv/comparison_gasoline.tex
2026-05-04 23:44:56,315 - CompareRunner - INFO - Gráfico guardado: results/gasoline/figures/rmse_gasoline.png
2026-05-04 23:44:56,358 - CompareRunner - INFO - Gráfico guardado: results/gasoline/figures/mae_gasoline.png
2026-05-04 23:44:56,407 - CompareRunner - INFO - Gráfico guardado: results/gasoline/figures/mdae_gasoline.png
2026-05-04 23:44:56,450 - CompareRunner - INFO - Gráfico guardado: results/gasoline/figures/mape_gasoline.png
2026-05-04 23:44:56,495 - CompareRunner - INFO - Gráfico guardado: results/gasoline/figures/rmsle_gasoline.png
2026-05-04 23:44:56,532 - CompareRunner - INFO - Gráfico guardado: results/gasoline/figures/r2_gasoline.png
2026-05-04 23:44:56,569 - CompareRunner - INFO - Gráfico guardado: results/gasoline/figures/adj_r2_gasoline.png
2026-05-04 23:44:56,603 - CompareRunner - INFO - Gráfico guardado: results/gasoline/figures/nrmse_gasoline.png
2026-05-04 23:44:56,603 - MainPipeline - INFO - === Dataset gasoline procesado correctamente ===
2026-05-04 23:44:56,603 - MainPipeline - INFO - === Procesando dataset: tecator ===
2026-05-04 23:44:56,606 - utils - INFO - Dataset cargado correctamente: data/raw/tecator.csv
2026-05-04 23:44:56,606 - DataLoader - INFO - Tecator cargado: 240 filas, 125 columnas
2026-05-04 23:44:56,606 - MainPipeline - INFO - Ejecutando PLSExperiment (CV) para tecator
2026-05-04 23:44:56,606 - PLSExperiment - INFO - Iniciando experimento PLS para dataset: tecator
2026-05-04 23:44:56,606 - experiment - INFO - Preparando datos para dataset: tecator
2026-05-04 23:44:56,608 - utils - INFO - Dataset cargado correctamente: data/raw/tecator.csv
2026-05-04 23:44:56,609 - DataLoader - INFO - Tecator cargado: 240 filas, 125 columnas
2026-05-04 23:44:56,609 - Preprocessing - INFO - Preprocesando dataset de regresión
2026-05-04 23:44:56,609 - experiment - INFO - Dataset de regresión preprocesado correctamente.
2026-05-04 23:44:56,609 - utils - INFO - Directorio creado/verificado: results/tecator/csv
2026-05-04 23:44:56,609 - PLSModel - INFO - Entrenando PLS con 1 componentes
2026-05-04 23:44:56,610 - PLSModel - INFO - PLS ajustado correctamente
2026-05-04 23:44:56,610 - PLSExperiment - INFO - tecator | Componentes=1 | RMSE=12.6767
2026-05-04 23:44:56,610 - PLSModel - INFO - Entrenando PLS con 2 componentes
2026-05-04 23:44:56,611 - PLSModel - INFO - PLS ajustado correctamente
2026-05-04 23:44:56,611 - PLSExperiment - INFO - tecator | Componentes=2 | RMSE=7.3564
2026-05-04 23:44:56,611 - PLSModel - INFO - Entrenando PLS con 3 componentes
2026-05-04 23:44:56,611 - PLSModel - INFO - PLS ajustado correctamente
2026-05-04 23:44:56,612 - PLSExperiment - INFO - tecator | Componentes=3 | RMSE=5.6061
2026-05-04 23:44:56,612 - PLSModel - INFO - Entrenando PLS con 4 componentes
2026-05-04 23:44:56,612 - PLSModel - INFO - PLS ajustado correctamente
2026-05-04 23:44:56,613 - PLSExperiment - INFO - tecator | Componentes=4 | RMSE=4.5582
2026-05-04 23:44:56,613 - PLSModel - INFO - Entrenando PLS con 5 componentes
2026-05-04 23:44:56,613 - PLSModel - INFO - PLS ajustado correctamente
2026-05-04 23:44:56,614 - PLSExperiment - INFO - tecator | Componentes=5 | RMSE=3.4816
2026-05-04 23:44:56,614 - PLSModel - INFO - Entrenando PLS con 6 componentes
2026-05-04 23:44:56,614 - PLSModel - INFO - PLS ajustado correctamente
2026-05-04 23:44:56,615 - PLSExperiment - INFO - tecator | Componentes=6 | RMSE=3.3763
2026-05-04 23:44:56,615 - PLSModel - INFO - Entrenando PLS con 7 componentes
2026-05-04 23:44:56,615 - PLSModel - INFO - PLS ajustado correctamente
2026-05-04 23:44:56,616 - PLSExperiment - INFO - tecator | Componentes=7 | RMSE=3.2420
2026-05-04 23:44:56,616 - PLSModel - INFO - Entrenando PLS con 8 componentes
2026-05-04 23:44:56,616 - PLSModel - INFO - PLS ajustado correctamente
2026-05-04 23:44:56,617 - PLSExperiment - INFO - tecator | Componentes=8 | RMSE=2.9250
2026-05-04 23:44:56,617 - PLSModel - INFO - Entrenando PLS con 9 componentes
2026-05-04 23:44:56,617 - PLSModel - INFO - PLS ajustado correctamente
2026-05-04 23:44:56,618 - PLSExperiment - INFO - tecator | Componentes=9 | RMSE=2.9063
2026-05-04 23:44:56,618 - PLSModel - INFO - Entrenando PLS con 10 componentes
2026-05-04 23:44:56,618 - PLSModel - INFO - PLS ajustado correctamente
2026-05-04 23:44:56,619 - PLSExperiment - INFO - tecator | Componentes=10 | RMSE=2.8147
2026-05-04 23:44:56,619 - PLSModel - INFO - Entrenando PLS con 11 componentes
2026-05-04 23:44:56,619 - PLSModel - INFO - PLS ajustado correctamente
2026-05-04 23:44:56,620 - PLSExperiment - INFO - tecator | Componentes=11 | RMSE=2.7533
2026-05-04 23:44:56,620 - PLSModel - INFO - Entrenando PLS con 12 componentes
2026-05-04 23:44:56,621 - PLSModel - INFO - PLS ajustado correctamente
2026-05-04 23:44:56,621 - PLSExperiment - INFO - tecator | Componentes=12 | RMSE=2.4380
2026-05-04 23:44:56,621 - PLSModel - INFO - Entrenando PLS con 13 componentes
2026-05-04 23:44:56,622 - PLSModel - INFO - PLS ajustado correctamente
2026-05-04 23:44:56,622 - PLSExperiment - INFO - tecator | Componentes=13 | RMSE=2.3706
2026-05-04 23:44:56,622 - PLSModel - INFO - Entrenando PLS con 14 componentes
2026-05-04 23:44:56,623 - PLSModel - INFO - PLS ajustado correctamente
2026-05-04 23:44:56,624 - PLSExperiment - INFO - tecator | Componentes=14 | RMSE=2.2808
2026-05-04 23:44:56,624 - PLSModel - INFO - Entrenando PLS con 15 componentes
2026-05-04 23:44:56,625 - PLSModel - INFO - PLS ajustado correctamente
2026-05-04 23:44:56,625 - PLSExperiment - INFO - tecator | Componentes=15 | RMSE=2.0573
2026-05-04 23:44:56,625 - PLSExperiment - INFO - Mejor número de componentes para tecator: 15
2026-05-04 23:44:56,626 - PLSExperiment - INFO - Resultados PLS guardados en results/tecator/csv/pls_cv_tecator.csv
2026-05-04 23:44:56,626 - MainPipeline - INFO - Entrenando PLS FINAL para tecator
2026-05-04 23:44:56,626 - PLSFinalExperiment - INFO - Iniciando PLS FINAL para dataset: tecator
2026-05-04 23:44:56,626 - experiment - INFO - Preparando datos para dataset: tecator
2026-05-04 23:44:56,628 - utils - INFO - Dataset cargado correctamente: data/raw/tecator.csv
2026-05-04 23:44:56,628 - DataLoader - INFO - Tecator cargado: 240 filas, 125 columnas
2026-05-04 23:44:56,628 - Preprocessing - INFO - Preprocesando dataset de regresión
2026-05-04 23:44:56,629 - experiment - INFO - Dataset de regresión preprocesado correctamente.
2026-05-04 23:44:56,629 - PLSFinalExperiment - INFO - Mejor número de componentes para PLS FINAL: 15
2026-05-04 23:44:56,631 - utils - INFO - Directorio creado/verificado: results/tecator/csv
2026-05-04 23:44:56,631 - PLSFinalExperiment - INFO - Resultados PLS FINAL guardados en results/tecator/csv/pls_final_results_tecator.csv
2026-05-04 23:44:56,631 - MainPipeline - INFO - Ejecutando ClassicalExperiment para tecator
2026-05-04 23:44:56,631 - ClassicalExperiment - INFO - Iniciando métodos clásicos para dataset: tecator
2026-05-04 23:44:56,631 - experiment - INFO - Preparando datos para dataset: tecator
2026-05-04 23:44:56,633 - utils - INFO - Dataset cargado correctamente: data/raw/tecator.csv
2026-05-04 23:44:56,633 - DataLoader - INFO - Tecator cargado: 240 filas, 125 columnas
2026-05-04 23:44:56,633 - Preprocessing - INFO - Preprocesando dataset de regresión
2026-05-04 23:44:56,634 - experiment - INFO - Dataset de regresión preprocesado correctamente.
2026-05-04 23:44:56,634 - utils - INFO - Directorio creado/verificado: results/tecator/csv
2026-05-04 23:44:56,634 - OLSModel - INFO - Inicializando modelo OLS
2026-05-04 23:44:56,634 - RidgeModel - INFO - Inicializando Ridge con alpha=1.0
2026-05-04 23:44:56,634 - LassoModel - INFO - Inicializando Lasso con alpha=0.01
2026-05-04 23:44:56,635 - OLSModel - INFO - OLS ajustado correctamente
2026-05-04 23:44:56,636 - ClassicalExperiment - INFO - tecator | OLS | {'mse': 4.820670359304675, 'rmse': np.float64(2.195602504850246), 'mae': 1.5276580873166814, 'mdae': 0.8522739092477996, 'mape': np.float64(11.98965447893971), 'rmsle': np.float64(0.14307618216840398), 'r2': 0.977442307830665, 'adj_r2': 0.9769519232182882, 'nrmse': np.float64(0.039277325668161826), 'train_time': 0.00039005279541015625, 'model': 'OLS'}
2026-05-04 23:44:56,636 - RidgeModel - INFO - Ridge ajustado correctamente
2026-05-04 23:44:56,637 - ClassicalExperiment - INFO - tecator | Ridge | {'mse': 14.110158314819174, 'rmse': np.float64(3.7563490672219446), 'mae': 3.232666505352148, 'mdae': 2.980035039408026, 'mape': np.float64(35.12144624007647), 'rmsle': np.float64(0.3219982941096998), 'r2': 0.9339733721655709, 'adj_r2': 0.9325380106909094, 'nrmse': np.float64(0.06719765773205626), 'train_time': 0.0003762245178222656, 'model': 'Ridge'}
2026-05-04 23:44:56,665 - LassoModel - INFO - Lasso ajustado correctamente
2026-05-04 23:44:56,666 - ClassicalExperiment - INFO - tecator | Lasso | {'mse': 13.459687763897394, 'rmse': np.float64(3.6687447122820354), 'mae': 3.0458727353999087, 'mdae': 2.689262305569961, 'mape': np.float64(30.03257666111609), 'rmsle': np.float64(0.2825101874039517), 'r2': 0.9370171634558402, 'adj_r2': 0.9356479713570541, 'nrmse': np.float64(0.0656304957474425), 'train_time': 0.0005218982696533203, 'model': 'Lasso'}
2026-05-04 23:44:56,666 - PCRModel - INFO - Seleccionando número óptimo de componentes para PCR...
2026-05-04 23:44:56,720 - PCRModel - INFO - Mejor número de componentes para PCR: 15
2026-05-04 23:44:56,720 - PCRModel - INFO - Entrenando PCR con 15 componentes
2026-05-04 23:44:56,722 - PCRModel - INFO - PCR ajustado correctamente
2026-05-04 23:44:56,722 - ClassicalExperiment - INFO - tecator | PCR | {'mse': 8.40323161301575, 'rmse': np.float64(2.8988328018386555), 'mae': 2.1605041280343404, 'mdae': 1.7643411705370844, 'mape': np.float64(19.28825266824219), 'rmsle': np.float64(0.1950543313677156), 'r2': 0.9606781841890191, 'adj_r2': 0.9598233621061717, 'nrmse': np.float64(0.05185747409371477), 'train_time': 0.00048613548278808594, 'model': 'PCR'}
2026-05-04 23:44:56,723 - ClassicalExperiment - INFO - Resultados clásicos guardados en results/tecator/csv/classical_results_tecator.csv
2026-05-04 23:44:56,723 - MainPipeline - INFO - Comparando resultados para tecator
2026-05-04 23:44:56,723 - CompareRunner - INFO - Comparando resultados para dataset: tecator
2026-05-04 23:44:56,723 - utils - INFO - Directorio creado/verificado: results/tecator
2026-05-04 23:44:56,723 - utils - INFO - Directorio creado/verificado: results/tecator/csv
2026-05-04 23:44:56,723 - utils - INFO - Directorio creado/verificado: results/tecator/figures
2026-05-04 23:44:56,724 - CompareRunner - INFO - Resultados cargados: results/tecator/csv/pls_cv_tecator.csv
2026-05-04 23:44:56,724 - CompareRunner - INFO - Resultados cargados: results/tecator/csv/classical_results_tecator.csv
2026-05-04 23:44:56,726 - CompareRunner - INFO - PLS FINAL incluido en comparación: results/tecator/csv/pls_final_results_tecator.csv
2026-05-04 23:44:56,726 - CompareRunner - INFO - Modelo PLS_CV_15_components seleccionó 15 componentes
2026-05-04 23:44:56,726 - CompareRunner - INFO - Modelo PLS_FINAL_15_components seleccionó 15 componentes
2026-05-04 23:44:56,726 - CompareRunner - INFO - Tabla comparativa guardada en results/tecator/csv/comparison_tecator.csv
2026-05-04 23:44:56,728 - CompareRunner - INFO - Tabla LaTeX guardada en results/tecator/csv/comparison_tecator.tex
2026-05-04 23:44:56,774 - CompareRunner - INFO - Gráfico guardado: results/tecator/figures/rmse_tecator.png
2026-05-04 23:44:56,811 - CompareRunner - INFO - Gráfico guardado: results/tecator/figures/mae_tecator.png
2026-05-04 23:44:56,849 - CompareRunner - INFO - Gráfico guardado: results/tecator/figures/mdae_tecator.png
2026-05-04 23:44:56,908 - CompareRunner - INFO - Gráfico guardado: results/tecator/figures/mape_tecator.png
2026-05-04 23:44:56,945 - CompareRunner - INFO - Gráfico guardado: results/tecator/figures/rmsle_tecator.png
2026-05-04 23:44:56,985 - CompareRunner - INFO - Gráfico guardado: results/tecator/figures/r2_tecator.png
2026-05-04 23:44:57,022 - CompareRunner - INFO - Gráfico guardado: results/tecator/figures/adj_r2_tecator.png
2026-05-04 23:44:57,059 - CompareRunner - INFO - Gráfico guardado: results/tecator/figures/nrmse_tecator.png
2026-05-04 23:44:57,059 - MainPipeline - INFO - === Dataset tecator procesado correctamente ===
2026-05-04 23:44:57,060 - MainPipeline - INFO - === Procesando dataset: riboflavin ===
2026-05-04 23:44:57,098 - utils - INFO - Dataset cargado correctamente: data/raw/riboflavin.csv
2026-05-04 23:45:02,344 - MainPipeline - INFO - === INICIANDO PIPELINE COMPLETO ===
2026-05-04 23:45:02,344 - utils - INFO - Directorio creado/verificado: results
2026-05-04 23:45:02,344 - MainPipeline - INFO - === Procesando dataset: gasoline ===
2026-05-04 23:45:02,348 - utils - INFO - Dataset cargado correctamente: data/raw/gasoline.csv
2026-05-04 23:45:02,350 - DataLoader - INFO - Gasoline cargado: 60 filas, 402 columnas
2026-05-04 23:45:02,350 - MainPipeline - INFO - Ejecutando PLSExperiment (CV) para gasoline
2026-05-04 23:45:02,350 - PLSExperiment - INFO - Iniciando experimento PLS para dataset: gasoline
2026-05-04 23:45:02,350 - experiment - INFO - Preparando datos para dataset: gasoline
2026-05-04 23:45:02,353 - utils - INFO - Dataset cargado correctamente: data/raw/gasoline.csv
2026-05-04 23:45:02,354 - DataLoader - INFO - Gasoline cargado: 60 filas, 402 columnas
2026-05-04 23:45:02,354 - Preprocessing - INFO - Preprocesando dataset de regresión
2026-05-04 23:45:02,355 - experiment - INFO - Dataset de regresión preprocesado correctamente.
2026-05-04 23:45:02,355 - utils - INFO - Directorio creado/verificado: results/gasoline/csv
2026-05-04 23:45:02,355 - PLSModel - INFO - Entrenando PLS con 1 componentes
2026-05-04 23:45:02,356 - PLSModel - INFO - PLS ajustado correctamente
2026-05-04 23:45:02,356 - PLSExperiment - INFO - gasoline | Componentes=1 | RMSE=1.2145
2026-05-04 23:45:02,356 - PLSModel - INFO - Entrenando PLS con 2 componentes
2026-05-04 23:45:02,357 - PLSModel - INFO - PLS ajustado correctamente
2026-05-04 23:45:02,357 - PLSExperiment - INFO - gasoline | Componentes=2 | RMSE=0.8007
2026-05-04 23:45:02,357 - PLSModel - INFO - Entrenando PLS con 3 componentes
2026-05-04 23:45:02,357 - PLSModel - INFO - PLS ajustado correctamente
2026-05-04 23:45:02,358 - PLSExperiment - INFO - gasoline | Componentes=3 | RMSE=0.2412
2026-05-04 23:45:02,358 - PLSModel - INFO - Entrenando PLS con 4 componentes
2026-05-04 23:45:02,359 - PLSModel - INFO - PLS ajustado correctamente
2026-05-04 23:45:02,359 - PLSExperiment - INFO - gasoline | Componentes=4 | RMSE=0.2038
2026-05-04 23:45:02,359 - PLSModel - INFO - Entrenando PLS con 5 componentes
2026-05-04 23:45:02,360 - PLSModel - INFO - PLS ajustado correctamente
2026-05-04 23:45:02,360 - PLSExperiment - INFO - gasoline | Componentes=5 | RMSE=0.1600
2026-05-04 23:45:02,360 - PLSModel - INFO - Entrenando PLS con 6 componentes
2026-05-04 23:45:02,361 - PLSModel - INFO - PLS ajustado correctamente
2026-05-04 23:45:02,361 - PLSExperiment - INFO - gasoline | Componentes=6 | RMSE=0.1342
2026-05-04 23:45:02,361 - PLSModel - INFO - Entrenando PLS con 7 componentes
2026-05-04 23:45:02,362 - PLSModel - INFO - PLS ajustado correctamente
2026-05-04 23:45:02,363 - PLSExperiment - INFO - gasoline | Componentes=7 | RMSE=0.1172
2026-05-04 23:45:02,363 - PLSModel - INFO - Entrenando PLS con 8 componentes
2026-05-04 23:45:02,364 - PLSModel - INFO - PLS ajustado correctamente
2026-05-04 23:45:02,364 - PLSExperiment - INFO - gasoline | Componentes=8 | RMSE=0.1069
2026-05-04 23:45:02,364 - PLSModel - INFO - Entrenando PLS con 9 componentes
2026-05-04 23:45:02,365 - PLSModel - INFO - PLS ajustado correctamente
2026-05-04 23:45:02,365 - PLSExperiment - INFO - gasoline | Componentes=9 | RMSE=0.0927
2026-05-04 23:45:02,365 - PLSModel - INFO - Entrenando PLS con 10 componentes
2026-05-04 23:45:02,366 - PLSModel - INFO - PLS ajustado correctamente
2026-05-04 23:45:02,366 - PLSExperiment - INFO - gasoline | Componentes=10 | RMSE=0.0877
2026-05-04 23:45:02,366 - PLSModel - INFO - Entrenando PLS con 11 componentes
2026-05-04 23:45:02,367 - PLSModel - INFO - PLS ajustado correctamente
2026-05-04 23:45:02,368 - PLSExperiment - INFO - gasoline | Componentes=11 | RMSE=0.0822
2026-05-04 23:45:02,368 - PLSModel - INFO - Entrenando PLS con 12 componentes
2026-05-04 23:45:02,369 - PLSModel - INFO - PLS ajustado correctamente
2026-05-04 23:45:02,369 - PLSExperiment - INFO - gasoline | Componentes=12 | RMSE=0.0763
2026-05-04 23:45:02,369 - PLSModel - INFO - Entrenando PLS con 13 componentes
2026-05-04 23:45:02,370 - PLSModel - INFO - PLS ajustado correctamente
2026-05-04 23:45:02,370 - PLSExperiment - INFO - gasoline | Componentes=13 | RMSE=0.0620
2026-05-04 23:45:02,370 - PLSModel - INFO - Entrenando PLS con 14 componentes
2026-05-04 23:45:02,371 - PLSModel - INFO - PLS ajustado correctamente
2026-05-04 23:45:02,372 - PLSExperiment - INFO - gasoline | Componentes=14 | RMSE=0.0512
2026-05-04 23:45:02,372 - PLSModel - INFO - Entrenando PLS con 15 componentes
2026-05-04 23:45:02,372 - PLSModel - INFO - PLS ajustado correctamente
2026-05-04 23:45:02,373 - PLSExperiment - INFO - gasoline | Componentes=15 | RMSE=0.0466
2026-05-04 23:45:02,373 - PLSExperiment - INFO - Mejor número de componentes para gasoline: 15
2026-05-04 23:45:02,374 - PLSExperiment - INFO - Resultados PLS guardados en results/gasoline/csv/pls_cv_gasoline.csv
2026-05-04 23:45:02,374 - MainPipeline - INFO - Entrenando PLS FINAL para gasoline
2026-05-04 23:45:02,374 - PLSFinalExperiment - INFO - Iniciando PLS FINAL para dataset: gasoline
2026-05-04 23:45:02,374 - experiment - INFO - Preparando datos para dataset: gasoline
2026-05-04 23:45:02,378 - utils - INFO - Dataset cargado correctamente: data/raw/gasoline.csv
2026-05-04 23:45:02,380 - DataLoader - INFO - Gasoline cargado: 60 filas, 402 columnas
2026-05-04 23:45:02,380 - Preprocessing - INFO - Preprocesando dataset de regresión
2026-05-04 23:45:02,381 - experiment - INFO - Dataset de regresión preprocesado correctamente.
2026-05-04 23:45:02,381 - PLSFinalExperiment - INFO - Mejor número de componentes para PLS FINAL: 15
2026-05-04 23:45:02,383 - utils - INFO - Directorio creado/verificado: results/gasoline/csv
2026-05-04 23:45:02,383 - PLSFinalExperiment - INFO - Resultados PLS FINAL guardados en results/gasoline/csv/pls_final_results_gasoline.csv
2026-05-04 23:45:02,384 - MainPipeline - INFO - Ejecutando ClassicalExperiment para gasoline
2026-05-04 23:45:02,384 - ClassicalExperiment - INFO - Iniciando métodos clásicos para dataset: gasoline
2026-05-04 23:45:02,384 - experiment - INFO - Preparando datos para dataset: gasoline
2026-05-04 23:45:02,387 - utils - INFO - Dataset cargado correctamente: data/raw/gasoline.csv
2026-05-04 23:45:02,388 - DataLoader - INFO - Gasoline cargado: 60 filas, 402 columnas
2026-05-04 23:45:02,388 - Preprocessing - INFO - Preprocesando dataset de regresión
2026-05-04 23:45:02,389 - experiment - INFO - Dataset de regresión preprocesado correctamente.
2026-05-04 23:45:02,389 - utils - INFO - Directorio creado/verificado: results/gasoline/csv
2026-05-04 23:45:02,389 - OLSModel - INFO - Inicializando modelo OLS
2026-05-04 23:45:02,389 - RidgeModel - INFO - Inicializando Ridge con alpha=1.0
2026-05-04 23:45:02,389 - LassoModel - INFO - Inicializando Lasso con alpha=0.01
2026-05-04 23:45:02,390 - OLSModel - INFO - OLS ajustado correctamente
2026-05-04 23:45:02,390 - ClassicalExperiment - INFO - gasoline | OLS | {'mse': 0.11914638754583597, 'rmse': np.float64(0.34517587914834946), 'mae': 0.2516170755543404, 'mdae': 0.1669511556074994, 'mape': np.float64(0.287882358213557), 'rmsle': np.float64(0.0038806181921219717), 'r2': 0.939538249423911, 'adj_r2': 0.933492074366302, 'nrmse': np.float64(0.0896560725060646), 'train_time': 0.00044274330139160156, 'model': 'OLS'}
2026-05-04 23:45:02,391 - RidgeModel - INFO - Ridge ajustado correctamente
2026-05-04 23:45:02,391 - ClassicalExperiment - INFO - gasoline | Ridge | {'mse': 0.10702506530164219, 'rmse': np.float64(0.32714685586391046), 'mae': 0.2348945241559998, 'mdae': 0.18632155141003892, 'mape': np.float64(0.2685564200192524), 'rmsle': np.float64(0.0036779208337951157), 'r2': 0.9456893076076843, 'adj_r2': 0.9402582383684528, 'nrmse': np.float64(0.08497320931530122), 'train_time': 0.00045180320739746094, 'model': 'Ridge'}
2026-05-04 23:45:02,398 - LassoModel - INFO - Lasso ajustado correctamente
2026-05-04 23:45:02,399 - ClassicalExperiment - INFO - gasoline | Lasso | {'mse': 0.06522135178755245, 'rmse': np.float64(0.2553847133004488), 'mae': 0.19230507430172375, 'mdae': 0.15043871311975465, 'mape': np.float64(0.22058504242233162), 'rmsle': np.float64(0.002880354855024501), 'r2': 0.9669029234940311, 'adj_r2': 0.9635932158434342, 'nrmse': np.float64(0.06633369176635019), 'train_time': 0.00045228004455566406, 'model': 'Lasso'}
2026-05-04 23:45:02,399 - PCRModel - INFO - Seleccionando número óptimo de componentes para PCR...
2026-05-04 23:45:02,447 - PCRModel - INFO - Mejor número de componentes para PCR: 7
2026-05-04 23:45:02,448 - PCRModel - INFO - Entrenando PCR con 7 componentes
2026-05-04 23:45:02,448 - PCRModel - INFO - PCR ajustado correctamente
2026-05-04 23:45:02,449 - ClassicalExperiment - INFO - gasoline | PCR | {'mse': 0.08701298191666919, 'rmse': np.float64(0.2949796296639298), 'mae': 0.2380084190717978, 'mdae': 0.1900105648362569, 'mape': np.float64(0.27331559791500976), 'rmsle': np.float64(0.00333104775952874), 'r2': 0.9558445932109902, 'adj_r2': 0.9514290525320893, 'nrmse': np.float64(0.07661808562699458), 'train_time': 0.0004100799560546875, 'model': 'PCR'}
2026-05-04 23:45:02,450 - ClassicalExperiment - INFO - Resultados clásicos guardados en results/gasoline/csv/classical_results_gasoline.csv
2026-05-04 23:45:02,450 - MainPipeline - INFO - Comparando resultados para gasoline
2026-05-04 23:45:02,450 - CompareRunner - INFO - Comparando resultados para dataset: gasoline
2026-05-04 23:45:02,450 - utils - INFO - Directorio creado/verificado: results/gasoline
2026-05-04 23:45:02,450 - utils - INFO - Directorio creado/verificado: results/gasoline/csv
2026-05-04 23:45:02,450 - utils - INFO - Directorio creado/verificado: results/gasoline/figures
2026-05-04 23:45:02,450 - CompareRunner - INFO - Resultados cargados: results/gasoline/csv/pls_cv_gasoline.csv
2026-05-04 23:45:02,451 - CompareRunner - INFO - Resultados cargados: results/gasoline/csv/classical_results_gasoline.csv
2026-05-04 23:45:02,452 - CompareRunner - INFO - PLS FINAL incluido en comparación: results/gasoline/csv/pls_final_results_gasoline.csv
2026-05-04 23:45:02,452 - CompareRunner - INFO - Modelo PLS_CV_15_components seleccionó 15 componentes
2026-05-04 23:45:02,452 - CompareRunner - INFO - Modelo PLS_FINAL_15_components seleccionó 15 componentes
2026-05-04 23:45:02,453 - CompareRunner - INFO - Tabla comparativa guardada en results/gasoline/csv/comparison_gasoline.csv
2026-05-04 23:45:02,486 - CompareRunner - INFO - Tabla LaTeX guardada en results/gasoline/csv/comparison_gasoline.tex
2026-05-04 23:45:02,654 - CompareRunner - INFO - Gráfico guardado: results/gasoline/figures/rmse_gasoline.png
2026-05-04 23:45:02,693 - CompareRunner - INFO - Gráfico guardado: results/gasoline/figures/mae_gasoline.png
2026-05-04 23:45:02,730 - CompareRunner - INFO - Gráfico guardado: results/gasoline/figures/mdae_gasoline.png
2026-05-04 23:45:02,769 - CompareRunner - INFO - Gráfico guardado: results/gasoline/figures/mape_gasoline.png
2026-05-04 23:45:02,810 - CompareRunner - INFO - Gráfico guardado: results/gasoline/figures/rmsle_gasoline.png
2026-05-04 23:45:02,845 - CompareRunner - INFO - Gráfico guardado: results/gasoline/figures/r2_gasoline.png
2026-05-04 23:45:02,881 - CompareRunner - INFO - Gráfico guardado: results/gasoline/figures/adj_r2_gasoline.png
2026-05-04 23:45:02,922 - CompareRunner - INFO - Gráfico guardado: results/gasoline/figures/nrmse_gasoline.png
2026-05-04 23:45:02,922 - MainPipeline - INFO - === Dataset gasoline procesado correctamente ===
2026-05-04 23:45:02,922 - MainPipeline - INFO - === Procesando dataset: tecator ===
2026-05-04 23:45:02,924 - utils - INFO - Dataset cargado correctamente: data/raw/tecator.csv
2026-05-04 23:45:02,925 - DataLoader - INFO - Tecator cargado: 240 filas, 125 columnas
2026-05-04 23:45:02,925 - MainPipeline - INFO - Ejecutando PLSExperiment (CV) para tecator
2026-05-04 23:45:02,925 - PLSExperiment - INFO - Iniciando experimento PLS para dataset: tecator
2026-05-04 23:45:02,925 - experiment - INFO - Preparando datos para dataset: tecator
2026-05-04 23:45:02,927 - utils - INFO - Dataset cargado correctamente: data/raw/tecator.csv
2026-05-04 23:45:02,927 - DataLoader - INFO - Tecator cargado: 240 filas, 125 columnas
2026-05-04 23:45:02,927 - Preprocessing - INFO - Preprocesando dataset de regresión
2026-05-04 23:45:02,928 - experiment - INFO - Dataset de regresión preprocesado correctamente.
2026-05-04 23:45:02,928 - utils - INFO - Directorio creado/verificado: results/tecator/csv
2026-05-04 23:45:02,928 - PLSModel - INFO - Entrenando PLS con 1 componentes
2026-05-04 23:45:02,928 - PLSModel - INFO - PLS ajustado correctamente
2026-05-04 23:45:02,929 - PLSExperiment - INFO - tecator | Componentes=1 | RMSE=12.6767
2026-05-04 23:45:02,929 - PLSModel - INFO - Entrenando PLS con 2 componentes
2026-05-04 23:45:02,929 - PLSModel - INFO - PLS ajustado correctamente
2026-05-04 23:45:02,929 - PLSExperiment - INFO - tecator | Componentes=2 | RMSE=7.3564
2026-05-04 23:45:02,929 - PLSModel - INFO - Entrenando PLS con 3 componentes
2026-05-04 23:45:02,930 - PLSModel - INFO - PLS ajustado correctamente
2026-05-04 23:45:02,930 - PLSExperiment - INFO - tecator | Componentes=3 | RMSE=5.6061
2026-05-04 23:45:02,930 - PLSModel - INFO - Entrenando PLS con 4 componentes
2026-05-04 23:45:02,931 - PLSModel - INFO - PLS ajustado correctamente
2026-05-04 23:45:02,931 - PLSExperiment - INFO - tecator | Componentes=4 | RMSE=4.5582
2026-05-04 23:45:02,931 - PLSModel - INFO - Entrenando PLS con 5 componentes
2026-05-04 23:45:02,931 - PLSModel - INFO - PLS ajustado correctamente
2026-05-04 23:45:02,932 - PLSExperiment - INFO - tecator | Componentes=5 | RMSE=3.4816
2026-05-04 23:45:02,932 - PLSModel - INFO - Entrenando PLS con 6 componentes
2026-05-04 23:45:02,932 - PLSModel - INFO - PLS ajustado correctamente
2026-05-04 23:45:02,933 - PLSExperiment - INFO - tecator | Componentes=6 | RMSE=3.3763
2026-05-04 23:45:02,933 - PLSModel - INFO - Entrenando PLS con 7 componentes
2026-05-04 23:45:02,933 - PLSModel - INFO - PLS ajustado correctamente
2026-05-04 23:45:02,934 - PLSExperiment - INFO - tecator | Componentes=7 | RMSE=3.2420
2026-05-04 23:45:02,934 - PLSModel - INFO - Entrenando PLS con 8 componentes
2026-05-04 23:45:02,934 - PLSModel - INFO - PLS ajustado correctamente
2026-05-04 23:45:02,935 - PLSExperiment - INFO - tecator | Componentes=8 | RMSE=2.9250
2026-05-04 23:45:02,935 - PLSModel - INFO - Entrenando PLS con 9 componentes
2026-05-04 23:45:02,936 - PLSModel - INFO - PLS ajustado correctamente
2026-05-04 23:45:02,936 - PLSExperiment - INFO - tecator | Componentes=9 | RMSE=2.9063
2026-05-04 23:45:02,936 - PLSModel - INFO - Entrenando PLS con 10 componentes
2026-05-04 23:45:02,937 - PLSModel - INFO - PLS ajustado correctamente
2026-05-04 23:45:02,937 - PLSExperiment - INFO - tecator | Componentes=10 | RMSE=2.8147
2026-05-04 23:45:02,937 - PLSModel - INFO - Entrenando PLS con 11 componentes
2026-05-04 23:45:02,938 - PLSModel - INFO - PLS ajustado correctamente
2026-05-04 23:45:02,938 - PLSExperiment - INFO - tecator | Componentes=11 | RMSE=2.7533
2026-05-04 23:45:02,938 - PLSModel - INFO - Entrenando PLS con 12 componentes
2026-05-04 23:45:02,939 - PLSModel - INFO - PLS ajustado correctamente
2026-05-04 23:45:02,939 - PLSExperiment - INFO - tecator | Componentes=12 | RMSE=2.4380
2026-05-04 23:45:02,939 - PLSModel - INFO - Entrenando PLS con 13 componentes
2026-05-04 23:45:02,940 - PLSModel - INFO - PLS ajustado correctamente
2026-05-04 23:45:02,941 - PLSExperiment - INFO - tecator | Componentes=13 | RMSE=2.3706
2026-05-04 23:45:02,941 - PLSModel - INFO - Entrenando PLS con 14 componentes
2026-05-04 23:45:02,942 - PLSModel - INFO - PLS ajustado correctamente
2026-05-04 23:45:02,942 - PLSExperiment - INFO - tecator | Componentes=14 | RMSE=2.2808
2026-05-04 23:45:02,942 - PLSModel - INFO - Entrenando PLS con 15 componentes
2026-05-04 23:45:02,943 - PLSModel - INFO - PLS ajustado correctamente
2026-05-04 23:45:02,943 - PLSExperiment - INFO - tecator | Componentes=15 | RMSE=2.0573
2026-05-04 23:45:02,943 - PLSExperiment - INFO - Mejor número de componentes para tecator: 15
2026-05-04 23:45:02,944 - PLSExperiment - INFO - Resultados PLS guardados en results/tecator/csv/pls_cv_tecator.csv
2026-05-04 23:45:02,944 - MainPipeline - INFO - Entrenando PLS FINAL para tecator
2026-05-04 23:45:02,944 - PLSFinalExperiment - INFO - Iniciando PLS FINAL para dataset: tecator
2026-05-04 23:45:02,944 - experiment - INFO - Preparando datos para dataset: tecator
2026-05-04 23:45:02,946 - utils - INFO - Dataset cargado correctamente: data/raw/tecator.csv
2026-05-04 23:45:02,946 - DataLoader - INFO - Tecator cargado: 240 filas, 125 columnas
2026-05-04 23:45:02,946 - Preprocessing - INFO - Preprocesando dataset de regresión
2026-05-04 23:45:02,947 - experiment - INFO - Dataset de regresión preprocesado correctamente.
2026-05-04 23:45:02,947 - PLSFinalExperiment - INFO - Mejor número de componentes para PLS FINAL: 15
2026-05-04 23:45:02,949 - utils - INFO - Directorio creado/verificado: results/tecator/csv
2026-05-04 23:45:02,949 - PLSFinalExperiment - INFO - Resultados PLS FINAL guardados en results/tecator/csv/pls_final_results_tecator.csv
2026-05-04 23:45:02,949 - MainPipeline - INFO - Ejecutando ClassicalExperiment para tecator
2026-05-04 23:45:02,949 - ClassicalExperiment - INFO - Iniciando métodos clásicos para dataset: tecator
2026-05-04 23:45:02,949 - experiment - INFO - Preparando datos para dataset: tecator
2026-05-04 23:45:02,951 - utils - INFO - Dataset cargado correctamente: data/raw/tecator.csv
2026-05-04 23:45:02,951 - DataLoader - INFO - Tecator cargado: 240 filas, 125 columnas
2026-05-04 23:45:02,951 - Preprocessing - INFO - Preprocesando dataset de regresión
2026-05-04 23:45:02,952 - experiment - INFO - Dataset de regresión preprocesado correctamente.
2026-05-04 23:45:02,952 - utils - INFO - Directorio creado/verificado: results/tecator/csv
2026-05-04 23:45:02,952 - OLSModel - INFO - Inicializando modelo OLS
2026-05-04 23:45:02,952 - RidgeModel - INFO - Inicializando Ridge con alpha=1.0
2026-05-04 23:45:02,952 - LassoModel - INFO - Inicializando Lasso con alpha=0.01
2026-05-04 23:45:02,953 - OLSModel - INFO - OLS ajustado correctamente
2026-05-04 23:45:02,953 - ClassicalExperiment - INFO - tecator | OLS | {'mse': 4.820670359304675, 'rmse': np.float64(2.195602504850246), 'mae': 1.5276580873166814, 'mdae': 0.8522739092477996, 'mape': np.float64(11.98965447893971), 'rmsle': np.float64(0.14307618216840398), 'r2': 0.977442307830665, 'adj_r2': 0.9769519232182882, 'nrmse': np.float64(0.039277325668161826), 'train_time': 0.00039315223693847656, 'model': 'OLS'}
2026-05-04 23:45:02,954 - RidgeModel - INFO - Ridge ajustado correctamente
2026-05-04 23:45:02,954 - ClassicalExperiment - INFO - tecator | Ridge | {'mse': 14.110158314819174, 'rmse': np.float64(3.7563490672219446), 'mae': 3.232666505352148, 'mdae': 2.980035039408026, 'mape': np.float64(35.12144624007647), 'rmsle': np.float64(0.3219982941096998), 'r2': 0.9339733721655709, 'adj_r2': 0.9325380106909094, 'nrmse': np.float64(0.06719765773205626), 'train_time': 0.0004031658172607422, 'model': 'Ridge'}
2026-05-04 23:45:02,982 - LassoModel - INFO - Lasso ajustado correctamente
2026-05-04 23:45:02,983 - ClassicalExperiment - INFO - tecator | Lasso | {'mse': 13.459687763897394, 'rmse': np.float64(3.6687447122820354), 'mae': 3.0458727353999087, 'mdae': 2.689262305569961, 'mape': np.float64(30.03257666111609), 'rmsle': np.float64(0.2825101874039517), 'r2': 0.9370171634558402, 'adj_r2': 0.9356479713570541, 'nrmse': np.float64(0.0656304957474425), 'train_time': 0.00045013427734375, 'model': 'Lasso'}
2026-05-04 23:45:02,983 - PCRModel - INFO - Seleccionando número óptimo de componentes para PCR...
2026-05-04 23:45:03,038 - PCRModel - INFO - Mejor número de componentes para PCR: 15
2026-05-04 23:45:03,038 - PCRModel - INFO - Entrenando PCR con 15 componentes
2026-05-04 23:45:03,039 - PCRModel - INFO - PCR ajustado correctamente
2026-05-04 23:45:03,040 - ClassicalExperiment - INFO - tecator | PCR | {'mse': 8.40323161301575, 'rmse': np.float64(2.8988328018386555), 'mae': 2.1605041280343404, 'mdae': 1.7643411705370844, 'mape': np.float64(19.28825266824219), 'rmsle': np.float64(0.1950543313677156), 'r2': 0.9606781841890191, 'adj_r2': 0.9598233621061717, 'nrmse': np.float64(0.05185747409371477), 'train_time': 0.000415802001953125, 'model': 'PCR'}
2026-05-04 23:45:03,041 - ClassicalExperiment - INFO - Resultados clásicos guardados en results/tecator/csv/classical_results_tecator.csv
2026-05-04 23:45:03,041 - MainPipeline - INFO - Comparando resultados para tecator
2026-05-04 23:45:03,041 - CompareRunner - INFO - Comparando resultados para dataset: tecator
2026-05-04 23:45:03,041 - utils - INFO - Directorio creado/verificado: results/tecator
2026-05-04 23:45:03,041 - utils - INFO - Directorio creado/verificado: results/tecator/csv
2026-05-04 23:45:03,041 - utils - INFO - Directorio creado/verificado: results/tecator/figures
2026-05-04 23:45:03,041 - CompareRunner - INFO - Resultados cargados: results/tecator/csv/pls_cv_tecator.csv
2026-05-04 23:45:03,041 - CompareRunner - INFO - Resultados cargados: results/tecator/csv/classical_results_tecator.csv
2026-05-04 23:45:03,043 - CompareRunner - INFO - PLS FINAL incluido en comparación: results/tecator/csv/pls_final_results_tecator.csv
2026-05-04 23:45:03,043 - CompareRunner - INFO - Modelo PLS_CV_15_components seleccionó 15 componentes
2026-05-04 23:45:03,043 - CompareRunner - INFO - Modelo PLS_FINAL_15_components seleccionó 15 componentes
2026-05-04 23:45:03,043 - CompareRunner - INFO - Tabla comparativa guardada en results/tecator/csv/comparison_tecator.csv
2026-05-04 23:45:03,045 - CompareRunner - INFO - Tabla LaTeX guardada en results/tecator/csv/comparison_tecator.tex
2026-05-04 23:45:03,084 - CompareRunner - INFO - Gráfico guardado: results/tecator/figures/rmse_tecator.png
2026-05-04 23:45:03,123 - CompareRunner - INFO - Gráfico guardado: results/tecator/figures/mae_tecator.png
2026-05-04 23:45:03,160 - CompareRunner - INFO - Gráfico guardado: results/tecator/figures/mdae_tecator.png
2026-05-04 23:45:03,212 - CompareRunner - INFO - Gráfico guardado: results/tecator/figures/mape_tecator.png
2026-05-04 23:45:03,247 - CompareRunner - INFO - Gráfico guardado: results/tecator/figures/rmsle_tecator.png
2026-05-04 23:45:03,281 - CompareRunner - INFO - Gráfico guardado: results/tecator/figures/r2_tecator.png
2026-05-04 23:45:03,315 - CompareRunner - INFO - Gráfico guardado: results/tecator/figures/adj_r2_tecator.png
2026-05-04 23:45:03,359 - CompareRunner - INFO - Gráfico guardado: results/tecator/figures/nrmse_tecator.png
2026-05-04 23:45:03,359 - MainPipeline - INFO - === Dataset tecator procesado correctamente ===
2026-05-04 23:45:03,359 - MainPipeline - INFO - === Procesando dataset: riboflavin ===
2026-05-04 23:45:03,397 - utils - INFO - Dataset cargado correctamente: data/raw/riboflavin.csv
2026-05-04 23:45:03,408 - DataLoader - INFO - Riboflavin cargado: 71 filas, 4089 columnas
2026-05-04 23:45:03,409 - MainPipeline - INFO - Ejecutando PLSExperiment (CV) para riboflavin
2026-05-04 23:45:03,409 - PLSExperiment - INFO - Iniciando experimento PLS para dataset: riboflavin
2026-05-04 23:45:03,409 - experiment - INFO - Preparando datos para dataset: riboflavin
2026-05-04 23:45:03,460 - utils - INFO - Dataset cargado correctamente: data/raw/riboflavin.csv
2026-05-04 23:45:03,470 - DataLoader - INFO - Riboflavin cargado: 71 filas, 4089 columnas
2026-05-04 23:45:03,470 - Preprocessing - INFO - Preprocesando dataset de regresión
2026-05-04 23:45:03,472 - experiment - INFO - Dataset de regresión preprocesado correctamente.
2026-05-04 23:45:03,472 - utils - INFO - Directorio creado/verificado: results/riboflavin/csv
2026-05-04 23:45:03,472 - PLSModel - INFO - Entrenando PLS con 1 componentes
2026-05-04 23:45:03,473 - PLSModel - INFO - PLS ajustado correctamente
2026-05-04 23:45:03,474 - PLSExperiment - INFO - riboflavin | Componentes=1 | RMSE=0.7262
2026-05-04 23:45:03,474 - PLSModel - INFO - Entrenando PLS con 2 componentes
2026-05-04 23:45:03,475 - PLSModel - INFO - PLS ajustado correctamente
2026-05-04 23:45:03,476 - PLSExperiment - INFO - riboflavin | Componentes=2 | RMSE=0.4869
2026-05-04 23:45:03,476 - PLSModel - INFO - Entrenando PLS con 3 componentes
2026-05-04 23:45:03,477 - PLSModel - INFO - PLS ajustado correctamente
2026-05-04 23:45:03,478 - PLSExperiment - INFO - riboflavin | Componentes=3 | RMSE=0.4063
2026-05-04 23:45:03,478 - PLSModel - INFO - Entrenando PLS con 4 componentes
2026-05-04 23:45:03,479 - PLSModel - INFO - PLS ajustado correctamente
2026-05-04 23:45:03,479 - PLSExperiment - INFO - riboflavin | Componentes=4 | RMSE=0.3271
2026-05-04 23:45:03,479 - PLSModel - INFO - Entrenando PLS con 5 componentes
2026-05-04 23:45:03,481 - PLSModel - INFO - PLS ajustado correctamente
2026-05-04 23:45:03,481 - PLSExperiment - INFO - riboflavin | Componentes=5 | RMSE=0.2351
2026-05-04 23:45:03,481 - PLSModel - INFO - Entrenando PLS con 6 componentes
2026-05-04 23:45:03,483 - PLSModel - INFO - PLS ajustado correctamente
2026-05-04 23:45:03,483 - PLSExperiment - INFO - riboflavin | Componentes=6 | RMSE=0.1628
2026-05-04 23:45:03,483 - PLSModel - INFO - Entrenando PLS con 7 componentes
2026-05-04 23:45:03,485 - PLSModel - INFO - PLS ajustado correctamente
2026-05-04 23:45:03,485 - PLSExperiment - INFO - riboflavin | Componentes=7 | RMSE=0.1208
2026-05-04 23:45:03,485 - PLSModel - INFO - Entrenando PLS con 8 componentes
2026-05-04 23:45:03,487 - PLSModel - INFO - PLS ajustado correctamente
2026-05-04 23:45:03,487 - PLSExperiment - INFO - riboflavin | Componentes=8 | RMSE=0.0787
2026-05-04 23:45:03,487 - PLSModel - INFO - Entrenando PLS con 9 componentes
2026-05-04 23:45:03,489 - PLSModel - INFO - PLS ajustado correctamente
2026-05-04 23:45:03,490 - PLSExperiment - INFO - riboflavin | Componentes=9 | RMSE=0.0555
2026-05-04 23:45:03,490 - PLSModel - INFO - Entrenando PLS con 10 componentes
2026-05-04 23:45:03,492 - PLSModel - INFO - PLS ajustado correctamente
2026-05-04 23:45:03,492 - PLSExperiment - INFO - riboflavin | Componentes=10 | RMSE=0.0405
2026-05-04 23:45:03,492 - PLSModel - INFO - Entrenando PLS con 11 componentes
2026-05-04 23:45:03,495 - PLSModel - INFO - PLS ajustado correctamente
2026-05-04 23:45:03,495 - PLSExperiment - INFO - riboflavin | Componentes=11 | RMSE=0.0262
2026-05-04 23:45:03,495 - PLSModel - INFO - Entrenando PLS con 12 componentes
2026-05-04 23:45:03,497 - PLSModel - INFO - PLS ajustado correctamente
2026-05-04 23:45:03,498 - PLSExperiment - INFO - riboflavin | Componentes=12 | RMSE=0.0187
2026-05-04 23:45:03,498 - PLSModel - INFO - Entrenando PLS con 13 componentes
2026-05-04 23:45:03,500 - PLSModel - INFO - PLS ajustado correctamente
2026-05-04 23:45:03,501 - PLSExperiment - INFO - riboflavin | Componentes=13 | RMSE=0.0115
2026-05-04 23:45:03,501 - PLSModel - INFO - Entrenando PLS con 14 componentes
2026-05-04 23:45:03,504 - PLSModel - INFO - PLS ajustado correctamente
2026-05-04 23:45:03,504 - PLSExperiment - INFO - riboflavin | Componentes=14 | RMSE=0.0076
2026-05-04 23:45:03,504 - PLSModel - INFO - Entrenando PLS con 15 componentes
2026-05-04 23:45:03,507 - PLSModel - INFO - PLS ajustado correctamente
2026-05-04 23:45:03,507 - PLSExperiment - INFO - riboflavin | Componentes=15 | RMSE=0.0054
2026-05-04 23:45:03,507 - PLSExperiment - INFO - Mejor número de componentes para riboflavin: 15
2026-05-04 23:45:03,508 - PLSExperiment - INFO - Resultados PLS guardados en results/riboflavin/csv/pls_cv_riboflavin.csv
2026-05-04 23:45:03,509 - MainPipeline - INFO - Entrenando PLS FINAL para riboflavin
2026-05-04 23:45:03,509 - PLSFinalExperiment - INFO - Iniciando PLS FINAL para dataset: riboflavin
2026-05-04 23:45:03,509 - experiment - INFO - Preparando datos para dataset: riboflavin
2026-05-04 23:45:03,545 - utils - INFO - Dataset cargado correctamente: data/raw/riboflavin.csv
2026-05-04 23:45:03,555 - DataLoader - INFO - Riboflavin cargado: 71 filas, 4089 columnas
2026-05-04 23:45:03,556 - Preprocessing - INFO - Preprocesando dataset de regresión
2026-05-04 23:45:03,557 - experiment - INFO - Dataset de regresión preprocesado correctamente.
2026-05-04 23:45:03,558 - PLSFinalExperiment - INFO - Mejor número de componentes para PLS FINAL: 15
2026-05-04 23:45:03,561 - utils - INFO - Directorio creado/verificado: results/riboflavin/csv
2026-05-04 23:45:03,562 - PLSFinalExperiment - INFO - Resultados PLS FINAL guardados en results/riboflavin/csv/pls_final_results_riboflavin.csv
2026-05-04 23:45:03,563 - MainPipeline - INFO - Ejecutando ClassicalExperiment para riboflavin
2026-05-04 23:45:03,563 - ClassicalExperiment - INFO - Iniciando métodos clásicos para dataset: riboflavin
2026-05-04 23:45:03,563 - experiment - INFO - Preparando datos para dataset: riboflavin
2026-05-04 23:45:03,599 - utils - INFO - Dataset cargado correctamente: data/raw/riboflavin.csv
2026-05-04 23:45:03,609 - DataLoader - INFO - Riboflavin cargado: 71 filas, 4089 columnas
2026-05-04 23:45:03,609 - Preprocessing - INFO - Preprocesando dataset de regresión
2026-05-04 23:45:03,611 - experiment - INFO - Dataset de regresión preprocesado correctamente.
2026-05-04 23:45:03,611 - utils - INFO - Directorio creado/verificado: results/riboflavin/csv
2026-05-04 23:45:03,611 - OLSModel - INFO - Inicializando modelo OLS
2026-05-04 23:45:03,611 - RidgeModel - INFO - Inicializando Ridge con alpha=1.0
2026-05-04 23:45:03,611 - LassoModel - INFO - Inicializando Lasso con alpha=0.01
2026-05-04 23:45:03,615 - OLSModel - INFO - OLS ajustado correctamente
2026-05-04 23:45:03,615 - ClassicalExperiment - INFO - riboflavin | OLS | {'mse': 0.1281291359307035, 'rmse': np.float64(0.35795130385389506), 'mae': 0.2798204635465297, 'mdae': 0.31293607842123716, 'mape': np.float64(3.9780962467567273), 'rmsle': None, 'r2': 0.7786072125244469, 'adj_r2': 0.7615769981032505, 'nrmse': np.float64(0.12282708478653702), 'train_time': 0.00044274330139160156, 'model': 'OLS'}
2026-05-04 23:45:03,616 - RidgeModel - INFO - Ridge ajustado correctamente
2026-05-04 23:45:03,616 - ClassicalExperiment - INFO - riboflavin | Ridge | {'mse': 0.12786559187253543, 'rmse': np.float64(0.35758298599421007), 'mae': 0.2796009745657339, 'mdae': 0.31247235529346273, 'mape': np.float64(3.9748603917341154), 'rmsle': None, 'r2': 0.7790625871216189, 'adj_r2': 0.7620674015155896, 'nrmse': np.float64(0.12270070053121275), 'train_time': 0.00032711029052734375, 'model': 'Ridge'}
2026-05-04 23:45:03,649 - LassoModel - INFO - Lasso ajustado correctamente
2026-05-04 23:45:03,650 - ClassicalExperiment - INFO - riboflavin | Lasso | {'mse': 0.19603929529472944, 'rmse': np.float64(0.442763249711095), 'mae': 0.39043681399206426, 'mdae': 0.394878158695529, 'mape': np.float64(5.558329190574881), 'rmsle': None, 'r2': 0.6612660678246022, 'adj_r2': 0.6352096115034177, 'nrmse': np.float64(0.1519293787370166), 'train_time': 0.0003829002380371094, 'model': 'Lasso'}
2026-05-04 23:45:03,650 - PCRModel - INFO - Seleccionando número óptimo de componentes para PCR...
2026-05-04 23:45:03,744 - PCRModel - INFO - Mejor número de componentes para PCR: 9
2026-05-04 23:45:03,744 - PCRModel - INFO - Entrenando PCR con 9 componentes
2026-05-04 23:45:03,747 - PCRModel - INFO - PCR ajustado correctamente
2026-05-04 23:45:03,747 - ClassicalExperiment - INFO - riboflavin | PCR | {'mse': 0.3503831448234704, 'rmse': np.float64(0.5919317062157343), 'mae': 0.4831417777787766, 'mdae': 0.47540505657902177, 'mape': np.float64(7.145196062422811), 'rmsle': None, 'r2': 0.39457719313059103, 'adj_r2': 0.3480062079867904, 'nrmse': np.float64(0.20311490720781286), 'train_time': 0.00032901763916015625, 'model': 'PCR'}
2026-05-04 23:45:03,748 - ClassicalExperiment - INFO - Resultados clásicos guardados en results/riboflavin/csv/classical_results_riboflavin.csv
2026-05-04 23:45:03,749 - MainPipeline - INFO - Comparando resultados para riboflavin
2026-05-04 23:45:03,749 - CompareRunner - INFO - Comparando resultados para dataset: riboflavin
2026-05-04 23:45:03,749 - utils - INFO - Directorio creado/verificado: results/riboflavin
2026-05-04 23:45:03,749 - utils - INFO - Directorio creado/verificado: results/riboflavin/csv
2026-05-04 23:45:03,749 - utils - INFO - Directorio creado/verificado: results/riboflavin/figures
2026-05-04 23:45:03,750 - CompareRunner - INFO - Resultados cargados: results/riboflavin/csv/pls_cv_riboflavin.csv
2026-05-04 23:45:03,750 - CompareRunner - INFO - Resultados cargados: results/riboflavin/csv/classical_results_riboflavin.csv
2026-05-04 23:45:03,751 - CompareRunner - INFO - PLS FINAL incluido en comparación: results/riboflavin/csv/pls_final_results_riboflavin.csv
2026-05-04 23:45:03,751 - CompareRunner - INFO - Modelo PLS_CV_15_components seleccionó 15 componentes
2026-05-04 23:45:03,751 - CompareRunner - INFO - Modelo PLS_FINAL_15_components seleccionó 15 componentes
2026-05-04 23:45:03,752 - CompareRunner - INFO - Tabla comparativa guardada en results/riboflavin/csv/comparison_riboflavin.csv
2026-05-04 23:45:03,753 - CompareRunner - INFO - Tabla LaTeX guardada en results/riboflavin/csv/comparison_riboflavin.tex
2026-05-04 23:45:03,800 - CompareRunner - INFO - Gráfico guardado: results/riboflavin/figures/rmse_riboflavin.png
2026-05-04 23:45:03,837 - CompareRunner - INFO - Gráfico guardado: results/riboflavin/figures/mae_riboflavin.png
2026-05-04 23:45:03,876 - CompareRunner - INFO - Gráfico guardado: results/riboflavin/figures/mdae_riboflavin.png
2026-05-04 23:45:03,919 - CompareRunner - INFO - Gráfico guardado: results/riboflavin/figures/mape_riboflavin.png
2026-05-04 23:45:03,964 - CompareRunner - INFO - Gráfico guardado: results/riboflavin/figures/r2_riboflavin.png
2026-05-04 23:45:04,006 - CompareRunner - INFO - Gráfico guardado: results/riboflavin/figures/adj_r2_riboflavin.png
2026-05-04 23:45:04,048 - CompareRunner - INFO - Gráfico guardado: results/riboflavin/figures/nrmse_riboflavin.png
2026-05-04 23:45:04,048 - MainPipeline - INFO - === Dataset riboflavin procesado correctamente ===
2026-05-04 23:45:04,049 - MainPipeline - INFO - === PIPELINE COMPLETO FINALIZADO ===
2026-05-04 23:49:50,792 - MainPipeline - INFO - === INICIANDO PIPELINE COMPLETO ===
2026-05-04 23:49:50,792 - utils - INFO - Directorio creado/verificado: results
2026-05-04 23:49:50,792 - MainPipeline - INFO - === Procesando dataset: gasoline ===
2026-05-04 23:49:50,798 - utils - INFO - Dataset cargado correctamente: data/raw/gasoline.csv
2026-05-04 23:49:50,801 - DataLoader - INFO - Gasoline cargado: 60 filas, 402 columnas
2026-05-04 23:49:50,801 - MainPipeline - INFO - Ejecutando PLSExperiment (CV) para gasoline
2026-05-04 23:49:50,801 - PLSExperiment - INFO - Iniciando PLS CV REAL para dataset: gasoline
2026-05-04 23:49:50,801 - experiment - INFO - Preparando datos para dataset: gasoline
2026-05-04 23:49:50,804 - utils - INFO - Dataset cargado correctamente: data/raw/gasoline.csv
2026-05-04 23:49:50,805 - DataLoader - INFO - Gasoline cargado: 60 filas, 402 columnas
2026-05-04 23:49:50,805 - Preprocessing - INFO - Preprocesando dataset de regresión
2026-05-04 23:49:50,806 - experiment - INFO - Dataset de regresión preprocesado correctamente.
2026-05-04 23:49:50,806 - utils - INFO - Directorio creado/verificado: results/gasoline/csv
2026-05-04 23:49:50,812 - PLSExperiment - INFO - gasoline | Componentes=1 | RMSE_CV=1.2397
2026-05-04 23:49:50,816 - PLSExperiment - INFO - gasoline | Componentes=2 | RMSE_CV=0.8366
2026-05-04 23:49:50,820 - PLSExperiment - INFO - gasoline | Componentes=3 | RMSE_CV=0.2494
2026-05-04 23:49:50,823 - PLSExperiment - INFO - gasoline | Componentes=4 | RMSE_CV=0.2326
2026-05-04 23:49:50,828 - PLSExperiment - INFO - gasoline | Componentes=5 | RMSE_CV=0.2152
2026-05-04 23:49:50,832 - PLSExperiment - INFO - gasoline | Componentes=6 | RMSE_CV=0.2017
2026-05-04 23:49:50,837 - PLSExperiment - INFO - gasoline | Componentes=7 | RMSE_CV=0.2032
2026-05-04 23:49:50,842 - PLSExperiment - INFO - gasoline | Componentes=8 | RMSE_CV=0.2016
2026-05-04 23:49:50,846 - PLSExperiment - INFO - gasoline | Componentes=9 | RMSE_CV=0.2224
2026-05-04 23:49:50,851 - PLSExperiment - INFO - gasoline | Componentes=10 | RMSE_CV=0.2437
2026-05-04 23:49:50,857 - PLSExperiment - INFO - gasoline | Componentes=11 | RMSE_CV=0.2534
2026-05-04 23:49:50,863 - PLSExperiment - INFO - gasoline | Componentes=12 | RMSE_CV=0.2598
2026-05-04 23:49:50,868 - PLSExperiment - INFO - gasoline | Componentes=13 | RMSE_CV=0.2696
2026-05-04 23:49:50,875 - PLSExperiment - INFO - gasoline | Componentes=14 | RMSE_CV=0.2781
2026-05-04 23:49:50,881 - PLSExperiment - INFO - gasoline | Componentes=15 | RMSE_CV=0.2856
2026-05-04 23:49:50,881 - PLSExperiment - INFO - Mejor número de componentes (CV REAL) para gasoline: 8
2026-05-04 23:49:50,883 - PLSExperiment - INFO - Resultados PLS CV guardados en results/gasoline/csv/pls_cv_gasoline.csv
2026-05-04 23:49:50,883 - MainPipeline - INFO - Entrenando PLS FINAL para gasoline
2026-05-04 23:49:50,883 - PLSFinalExperiment - INFO - Iniciando PLS FINAL para dataset: gasoline
2026-05-04 23:49:50,883 - experiment - INFO - Preparando datos para dataset: gasoline
2026-05-04 23:49:50,886 - utils - INFO - Dataset cargado correctamente: data/raw/gasoline.csv
2026-05-04 23:49:50,887 - DataLoader - INFO - Gasoline cargado: 60 filas, 402 columnas
2026-05-04 23:49:50,887 - Preprocessing - INFO - Preprocesando dataset de regresión
2026-05-04 23:49:50,888 - experiment - INFO - Dataset de regresión preprocesado correctamente.
2026-05-04 23:49:50,888 - PLSFinalExperiment - INFO - Mejor número de componentes detectado: 8
2026-05-04 23:49:50,889 - utils - INFO - Directorio creado/verificado: results/gasoline/csv
2026-05-04 23:49:50,890 - PLSFinalExperiment - INFO - Resultados PLS FINAL guardados en results/gasoline/csv/pls_final_results_gasoline.csv
2026-05-04 23:49:50,890 - MainPipeline - INFO - Ejecutando ClassicalExperiment para gasoline
2026-05-04 23:49:50,890 - ClassicalExperiment - INFO - Iniciando métodos clásicos para dataset: gasoline
2026-05-04 23:49:50,890 - experiment - INFO - Preparando datos para dataset: gasoline
2026-05-04 23:49:50,893 - utils - INFO - Dataset cargado correctamente: data/raw/gasoline.csv
2026-05-04 23:49:50,894 - DataLoader - INFO - Gasoline cargado: 60 filas, 402 columnas
2026-05-04 23:49:50,894 - Preprocessing - INFO - Preprocesando dataset de regresión
2026-05-04 23:49:50,895 - experiment - INFO - Dataset de regresión preprocesado correctamente.
2026-05-04 23:49:50,895 - utils - INFO - Directorio creado/verificado: results/gasoline/csv
2026-05-04 23:49:50,895 - OLSModel - INFO - Inicializando modelo OLS
2026-05-04 23:49:50,895 - RidgeModel - INFO - Inicializando Ridge con alpha=1.0
2026-05-04 23:49:50,895 - LassoModel - INFO - Inicializando Lasso con alpha=0.01
2026-05-04 23:49:50,896 - OLSModel - INFO - OLS ajustado correctamente
2026-05-04 23:49:50,896 - ClassicalExperiment - INFO - gasoline | OLS | {'mse': 0.11914638754583597, 'rmse': np.float64(0.34517587914834946), 'mae': 0.2516170755543404, 'mdae': 0.1669511556074994, 'mape': np.float64(0.287882358213557), 'rmsle': np.float64(0.0038806181921219717), 'r2': 0.939538249423911, 'adj_r2': 0.933492074366302, 'nrmse': np.float64(0.0896560725060646), 'train_time': 0.00039505958557128906, 'model': 'OLS'}
2026-05-04 23:49:50,897 - RidgeModel - INFO - Ridge ajustado correctamente
2026-05-04 23:49:50,897 - ClassicalExperiment - INFO - gasoline | Ridge | {'mse': 0.10702506530164219, 'rmse': np.float64(0.32714685586391046), 'mae': 0.2348945241559998, 'mdae': 0.18632155141003892, 'mape': np.float64(0.2685564200192524), 'rmsle': np.float64(0.0036779208337951157), 'r2': 0.9456893076076843, 'adj_r2': 0.9402582383684528, 'nrmse': np.float64(0.08497320931530122), 'train_time': 0.00038909912109375, 'model': 'Ridge'}
2026-05-04 23:49:50,904 - LassoModel - INFO - Lasso ajustado correctamente
2026-05-04 23:49:50,904 - ClassicalExperiment - INFO - gasoline | Lasso | {'mse': 0.06522135178755245, 'rmse': np.float64(0.2553847133004488), 'mae': 0.19230507430172375, 'mdae': 0.15043871311975465, 'mape': np.float64(0.22058504242233162), 'rmsle': np.float64(0.002880354855024501), 'r2': 0.9669029234940311, 'adj_r2': 0.9635932158434342, 'nrmse': np.float64(0.06633369176635019), 'train_time': 0.00040078163146972656, 'model': 'Lasso'}
2026-05-04 23:49:50,904 - PCRModel - INFO - Seleccionando número óptimo de componentes para PCR...
2026-05-04 23:49:50,946 - PCRModel - INFO - Mejor número de componentes para PCR: 7
2026-05-04 23:49:50,946 - PCRModel - INFO - Entrenando PCR con 7 componentes
2026-05-04 23:49:50,949 - PCRModel - INFO - PCR ajustado correctamente
2026-05-04 23:49:50,951 - ClassicalExperiment - INFO - gasoline | PCR | {'mse': 0.08701298191666919, 'rmse': np.float64(0.2949796296639298), 'mae': 0.2380084190717978, 'mdae': 0.1900105648362569, 'mape': np.float64(0.27331559791500976), 'rmsle': np.float64(0.00333104775952874), 'r2': 0.9558445932109902, 'adj_r2': 0.9514290525320893, 'nrmse': np.float64(0.07661808562699458), 'train_time': 0.001399993896484375, 'model': 'PCR'}
2026-05-04 23:49:50,953 - ClassicalExperiment - INFO - Resultados clásicos guardados en results/gasoline/csv/classical_results_gasoline.csv
2026-05-04 23:49:50,953 - MainPipeline - INFO - Comparando resultados para gasoline
2026-05-04 23:49:50,953 - CompareRunner - INFO - Comparando resultados para dataset: gasoline
2026-05-04 23:49:50,954 - utils - INFO - Directorio creado/verificado: results/gasoline
2026-05-04 23:49:50,954 - utils - INFO - Directorio creado/verificado: results/gasoline/csv
2026-05-04 23:49:50,954 - utils - INFO - Directorio creado/verificado: results/gasoline/figures
2026-05-04 23:49:50,954 - CompareRunner - INFO - Resultados cargados: results/gasoline/csv/pls_cv_gasoline.csv
2026-05-04 23:49:50,956 - CompareRunner - INFO - Resultados cargados: results/gasoline/csv/classical_results_gasoline.csv
2026-05-04 23:49:50,959 - CompareRunner - INFO - PLS FINAL incluido en comparación: results/gasoline/csv/pls_final_results_gasoline.csv
2026-05-04 23:49:50,960 - CompareRunner - INFO - Modelo PLS_CV_8_components seleccionó 8 componentes
2026-05-04 23:49:50,960 - CompareRunner - INFO - Modelo PLS_FINAL_8_components seleccionó 8 componentes
2026-05-04 23:49:50,962 - CompareRunner - INFO - Tabla comparativa guardada en results/gasoline/csv/comparison_gasoline.csv
2026-05-04 23:49:51,017 - CompareRunner - INFO - Tabla LaTeX guardada en results/gasoline/csv/comparison_gasoline.tex
2026-05-04 23:49:51,233 - CompareRunner - INFO - Gráfico guardado: results/gasoline/figures/rmse_gasoline.png
2026-05-04 23:49:51,271 - CompareRunner - INFO - Gráfico guardado: results/gasoline/figures/mae_gasoline.png
2026-05-04 23:49:51,307 - CompareRunner - INFO - Gráfico guardado: results/gasoline/figures/mdae_gasoline.png
2026-05-04 23:49:51,352 - CompareRunner - INFO - Gráfico guardado: results/gasoline/figures/mape_gasoline.png
2026-05-04 23:49:51,398 - CompareRunner - INFO - Gráfico guardado: results/gasoline/figures/rmsle_gasoline.png
2026-05-04 23:49:51,442 - CompareRunner - INFO - Gráfico guardado: results/gasoline/figures/r2_gasoline.png
2026-05-04 23:49:51,482 - CompareRunner - INFO - Gráfico guardado: results/gasoline/figures/adj_r2_gasoline.png
2026-05-04 23:49:51,520 - CompareRunner - INFO - Gráfico guardado: results/gasoline/figures/nrmse_gasoline.png
2026-05-04 23:49:51,520 - MainPipeline - INFO - === Dataset gasoline procesado correctamente ===
2026-05-04 23:49:51,520 - MainPipeline - INFO - === Procesando dataset: tecator ===
2026-05-04 23:49:51,523 - utils - INFO - Dataset cargado correctamente: data/raw/tecator.csv
2026-05-04 23:49:51,523 - DataLoader - INFO - Tecator cargado: 240 filas, 125 columnas
2026-05-04 23:49:51,523 - MainPipeline - INFO - Ejecutando PLSExperiment (CV) para tecator
2026-05-04 23:49:51,523 - PLSExperiment - INFO - Iniciando PLS CV REAL para dataset: tecator
2026-05-04 23:49:51,523 - experiment - INFO - Preparando datos para dataset: tecator
2026-05-04 23:49:51,525 - utils - INFO - Dataset cargado correctamente: data/raw/tecator.csv
2026-05-04 23:49:51,526 - DataLoader - INFO - Tecator cargado: 240 filas, 125 columnas
2026-05-04 23:49:51,526 - Preprocessing - INFO - Preprocesando dataset de regresión
2026-05-04 23:49:51,526 - experiment - INFO - Dataset de regresión preprocesado correctamente.
2026-05-04 23:49:51,526 - utils - INFO - Directorio creado/verificado: results/tecator/csv
2026-05-04 23:49:51,530 - PLSExperiment - INFO - tecator | Componentes=1 | RMSE_CV=12.7346
2026-05-04 23:49:51,533 - PLSExperiment - INFO - tecator | Componentes=2 | RMSE_CV=7.5273
2026-05-04 23:49:51,536 - PLSExperiment - INFO - tecator | Componentes=3 | RMSE_CV=5.8820
2026-05-04 23:49:51,540 - PLSExperiment - INFO - tecator | Componentes=4 | RMSE_CV=4.6545
2026-05-04 23:49:51,544 - PLSExperiment - INFO - tecator | Componentes=5 | RMSE_CV=3.5429
2026-05-04 23:49:51,549 - PLSExperiment - INFO - tecator | Componentes=6 | RMSE_CV=3.4949
2026-05-04 23:49:51,553 - PLSExperiment - INFO - tecator | Componentes=7 | RMSE_CV=3.3710
2026-05-04 23:49:51,558 - PLSExperiment - INFO - tecator | Componentes=8 | RMSE_CV=3.0792
2026-05-04 23:49:51,563 - PLSExperiment - INFO - tecator | Componentes=9 | RMSE_CV=3.0594
2026-05-04 23:49:51,568 - PLSExperiment - INFO - tecator | Componentes=10 | RMSE_CV=3.0131
2026-05-04 23:49:51,573 - PLSExperiment - INFO - tecator | Componentes=11 | RMSE_CV=3.0437
2026-05-04 23:49:51,579 - PLSExperiment - INFO - tecator | Componentes=12 | RMSE_CV=2.9886
2026-05-04 23:49:51,584 - PLSExperiment - INFO - tecator | Componentes=13 | RMSE_CV=2.8365
2026-05-04 23:49:51,590 - PLSExperiment - INFO - tecator | Componentes=14 | RMSE_CV=2.8549
2026-05-04 23:49:51,597 - PLSExperiment - INFO - tecator | Componentes=15 | RMSE_CV=2.9622
2026-05-04 23:49:51,597 - PLSExperiment - INFO - Mejor número de componentes (CV REAL) para tecator: 13
2026-05-04 23:49:51,597 - PLSExperiment - INFO - Resultados PLS CV guardados en results/tecator/csv/pls_cv_tecator.csv
2026-05-04 23:49:51,597 - MainPipeline - INFO - Entrenando PLS FINAL para tecator
2026-05-04 23:49:51,597 - PLSFinalExperiment - INFO - Iniciando PLS FINAL para dataset: tecator
2026-05-04 23:49:51,597 - experiment - INFO - Preparando datos para dataset: tecator
2026-05-04 23:49:51,599 - utils - INFO - Dataset cargado correctamente: data/raw/tecator.csv
2026-05-04 23:49:51,600 - DataLoader - INFO - Tecator cargado: 240 filas, 125 columnas
2026-05-04 23:49:51,600 - Preprocessing - INFO - Preprocesando dataset de regresión
2026-05-04 23:49:51,600 - experiment - INFO - Dataset de regresión preprocesado correctamente.
2026-05-04 23:49:51,601 - PLSFinalExperiment - INFO - Mejor número de componentes detectado: 13
2026-05-04 23:49:51,602 - utils - INFO - Directorio creado/verificado: results/tecator/csv
2026-05-04 23:49:51,602 - PLSFinalExperiment - INFO - Resultados PLS FINAL guardados en results/tecator/csv/pls_final_results_tecator.csv
2026-05-04 23:49:51,602 - MainPipeline - INFO - Ejecutando ClassicalExperiment para tecator
2026-05-04 23:49:51,602 - ClassicalExperiment - INFO - Iniciando métodos clásicos para dataset: tecator
2026-05-04 23:49:51,603 - experiment - INFO - Preparando datos para dataset: tecator
2026-05-04 23:49:51,604 - utils - INFO - Dataset cargado correctamente: data/raw/tecator.csv
2026-05-04 23:49:51,605 - DataLoader - INFO - Tecator cargado: 240 filas, 125 columnas
2026-05-04 23:49:51,605 - Preprocessing - INFO - Preprocesando dataset de regresión
2026-05-04 23:49:51,605 - experiment - INFO - Dataset de regresión preprocesado correctamente.
2026-05-04 23:49:51,605 - utils - INFO - Directorio creado/verificado: results/tecator/csv
2026-05-04 23:49:51,605 - OLSModel - INFO - Inicializando modelo OLS
2026-05-04 23:49:51,606 - RidgeModel - INFO - Inicializando Ridge con alpha=1.0
2026-05-04 23:49:51,606 - LassoModel - INFO - Inicializando Lasso con alpha=0.01
2026-05-04 23:49:51,607 - OLSModel - INFO - OLS ajustado correctamente
2026-05-04 23:49:51,608 - ClassicalExperiment - INFO - tecator | OLS | {'mse': 4.820670359304675, 'rmse': np.float64(2.195602504850246), 'mae': 1.5276580873166814, 'mdae': 0.8522739092477996, 'mape': np.float64(11.98965447893971), 'rmsle': np.float64(0.14307618216840398), 'r2': 0.977442307830665, 'adj_r2': 0.9769519232182882, 'nrmse': np.float64(0.039277325668161826), 'train_time': 0.0004470348358154297, 'model': 'OLS'}
2026-05-04 23:49:51,609 - RidgeModel - INFO - Ridge ajustado correctamente
2026-05-04 23:49:51,610 - ClassicalExperiment - INFO - tecator | Ridge | {'mse': 14.110158314819174, 'rmse': np.float64(3.7563490672219446), 'mae': 3.232666505352148, 'mdae': 2.980035039408026, 'mape': np.float64(35.12144624007647), 'rmsle': np.float64(0.3219982941096998), 'r2': 0.9339733721655709, 'adj_r2': 0.9325380106909094, 'nrmse': np.float64(0.06719765773205626), 'train_time': 0.00042819976806640625, 'model': 'Ridge'}
2026-05-04 23:49:51,639 - LassoModel - INFO - Lasso ajustado correctamente
2026-05-04 23:49:51,639 - ClassicalExperiment - INFO - tecator | Lasso | {'mse': 13.459687763897394, 'rmse': np.float64(3.6687447122820354), 'mae': 3.0458727353999087, 'mdae': 2.689262305569961, 'mape': np.float64(30.03257666111609), 'rmsle': np.float64(0.2825101874039517), 'r2': 0.9370171634558402, 'adj_r2': 0.9356479713570541, 'nrmse': np.float64(0.0656304957474425), 'train_time': 0.0005271434783935547, 'model': 'Lasso'}
2026-05-04 23:49:51,639 - PCRModel - INFO - Seleccionando número óptimo de componentes para PCR...
2026-05-04 23:49:51,694 - PCRModel - INFO - Mejor número de componentes para PCR: 15
2026-05-04 23:49:51,694 - PCRModel - INFO - Entrenando PCR con 15 componentes
2026-05-04 23:49:51,696 - PCRModel - INFO - PCR ajustado correctamente
2026-05-04 23:49:51,696 - ClassicalExperiment - INFO - tecator | PCR | {'mse': 8.40323161301575, 'rmse': np.float64(2.8988328018386555), 'mae': 2.1605041280343404, 'mdae': 1.7643411705370844, 'mape': np.float64(19.28825266824219), 'rmsle': np.float64(0.1950543313677156), 'r2': 0.9606781841890191, 'adj_r2': 0.9598233621061717, 'nrmse': np.float64(0.05185747409371477), 'train_time': 0.00041604042053222656, 'model': 'PCR'}
2026-05-04 23:49:51,697 - ClassicalExperiment - INFO - Resultados clásicos guardados en results/tecator/csv/classical_results_tecator.csv
2026-05-04 23:49:51,697 - MainPipeline - INFO - Comparando resultados para tecator
2026-05-04 23:49:51,697 - CompareRunner - INFO - Comparando resultados para dataset: tecator
2026-05-04 23:49:51,697 - utils - INFO - Directorio creado/verificado: results/tecator
2026-05-04 23:49:51,697 - utils - INFO - Directorio creado/verificado: results/tecator/csv
2026-05-04 23:49:51,697 - utils - INFO - Directorio creado/verificado: results/tecator/figures
2026-05-04 23:49:51,697 - CompareRunner - INFO - Resultados cargados: results/tecator/csv/pls_cv_tecator.csv
2026-05-04 23:49:51,698 - CompareRunner - INFO - Resultados cargados: results/tecator/csv/classical_results_tecator.csv
2026-05-04 23:49:51,699 - CompareRunner - INFO - PLS FINAL incluido en comparación: results/tecator/csv/pls_final_results_tecator.csv
2026-05-04 23:49:51,699 - CompareRunner - INFO - Modelo PLS_FINAL_13_components seleccionó 13 componentes
2026-05-04 23:49:51,699 - CompareRunner - INFO - Modelo PLS_CV_13_components seleccionó 13 componentes
2026-05-04 23:49:51,700 - CompareRunner - INFO - Tabla comparativa guardada en results/tecator/csv/comparison_tecator.csv
2026-05-04 23:49:51,701 - CompareRunner - INFO - Tabla LaTeX guardada en results/tecator/csv/comparison_tecator.tex
2026-05-04 23:49:51,744 - CompareRunner - INFO - Gráfico guardado: results/tecator/figures/rmse_tecator.png
2026-05-04 23:49:51,780 - CompareRunner - INFO - Gráfico guardado: results/tecator/figures/mae_tecator.png
2026-05-04 23:49:51,824 - CompareRunner - INFO - Gráfico guardado: results/tecator/figures/mdae_tecator.png
2026-05-04 23:49:51,873 - CompareRunner - INFO - Gráfico guardado: results/tecator/figures/mape_tecator.png
2026-05-04 23:49:51,910 - CompareRunner - INFO - Gráfico guardado: results/tecator/figures/rmsle_tecator.png
2026-05-04 23:49:51,948 - CompareRunner - INFO - Gráfico guardado: results/tecator/figures/r2_tecator.png
2026-05-04 23:49:51,990 - CompareRunner - INFO - Gráfico guardado: results/tecator/figures/adj_r2_tecator.png
2026-05-04 23:49:52,027 - CompareRunner - INFO - Gráfico guardado: results/tecator/figures/nrmse_tecator.png
2026-05-04 23:49:52,027 - MainPipeline - INFO - === Dataset tecator procesado correctamente ===
2026-05-04 23:49:52,027 - MainPipeline - INFO - === Procesando dataset: riboflavin ===
2026-05-04 23:49:52,065 - utils - INFO - Dataset cargado correctamente: data/raw/riboflavin.csv
2026-05-04 23:49:52,076 - DataLoader - INFO - Riboflavin cargado: 71 filas, 4089 columnas
2026-05-04 23:49:52,076 - MainPipeline - INFO - Ejecutando PLSExperiment (CV) para riboflavin
2026-05-04 23:49:52,076 - PLSExperiment - INFO - Iniciando PLS CV REAL para dataset: riboflavin
2026-05-04 23:49:52,076 - experiment - INFO - Preparando datos para dataset: riboflavin
2026-05-04 23:49:52,125 - utils - INFO - Dataset cargado correctamente: data/raw/riboflavin.csv
2026-05-04 23:49:52,135 - DataLoader - INFO - Riboflavin cargado: 71 filas, 4089 columnas
2026-05-04 23:49:52,135 - Preprocessing - INFO - Preprocesando dataset de regresión
2026-05-04 23:49:52,136 - experiment - INFO - Dataset de regresión preprocesado correctamente.
2026-05-04 23:49:52,137 - utils - INFO - Directorio creado/verificado: results/riboflavin/csv
2026-05-04 23:49:52,142 - PLSExperiment - INFO - riboflavin | Componentes=1 | RMSE_CV=0.9272
2026-05-04 23:49:52,148 - PLSExperiment - INFO - riboflavin | Componentes=2 | RMSE_CV=0.6583
2026-05-04 23:49:52,154 - PLSExperiment - INFO - riboflavin | Componentes=3 | RMSE_CV=0.6044
2026-05-04 23:49:52,161 - PLSExperiment - INFO - riboflavin | Componentes=4 | RMSE_CV=0.5760
2026-05-04 23:49:52,168 - PLSExperiment - INFO - riboflavin | Componentes=5 | RMSE_CV=0.5562
2026-05-04 23:49:52,176 - PLSExperiment - INFO - riboflavin | Componentes=6 | RMSE_CV=0.5757
2026-05-04 23:49:52,184 - PLSExperiment - INFO - riboflavin | Componentes=7 | RMSE_CV=0.5891
2026-05-04 23:49:52,193 - PLSExperiment - INFO - riboflavin | Componentes=8 | RMSE_CV=0.5844
2026-05-04 23:49:52,202 - PLSExperiment - INFO - riboflavin | Componentes=9 | RMSE_CV=0.5830
2026-05-04 23:49:52,213 - PLSExperiment - INFO - riboflavin | Componentes=10 | RMSE_CV=0.5801
2026-05-04 23:49:52,223 - PLSExperiment - INFO - riboflavin | Componentes=11 | RMSE_CV=0.5777
2026-05-04 23:49:52,234 - PLSExperiment - INFO - riboflavin | Componentes=12 | RMSE_CV=0.5781
2026-05-04 23:49:52,246 - PLSExperiment - INFO - riboflavin | Componentes=13 | RMSE_CV=0.5785
2026-05-04 23:49:52,258 - PLSExperiment - INFO - riboflavin | Componentes=14 | RMSE_CV=0.5795
2026-05-04 23:49:52,270 - PLSExperiment - INFO - riboflavin | Componentes=15 | RMSE_CV=0.5796
2026-05-04 23:49:52,270 - PLSExperiment - INFO - Mejor número de componentes (CV REAL) para riboflavin: 5
2026-05-04 23:49:52,271 - PLSExperiment - INFO - Resultados PLS CV guardados en results/riboflavin/csv/pls_cv_riboflavin.csv
2026-05-04 23:49:52,272 - MainPipeline - INFO - Entrenando PLS FINAL para riboflavin
2026-05-04 23:49:52,272 - PLSFinalExperiment - INFO - Iniciando PLS FINAL para dataset: riboflavin
2026-05-04 23:49:52,272 - experiment - INFO - Preparando datos para dataset: riboflavin
2026-05-04 23:49:52,309 - utils - INFO - Dataset cargado correctamente: data/raw/riboflavin.csv
2026-05-04 23:49:52,319 - DataLoader - INFO - Riboflavin cargado: 71 filas, 4089 columnas
2026-05-04 23:49:52,319 - Preprocessing - INFO - Preprocesando dataset de regresión
2026-05-04 23:49:52,321 - experiment - INFO - Dataset de regresión preprocesado correctamente.
2026-05-04 23:49:52,322 - PLSFinalExperiment - INFO - Mejor número de componentes detectado: 5
2026-05-04 23:49:52,324 - utils - INFO - Directorio creado/verificado: results/riboflavin/csv
2026-05-04 23:49:52,325 - PLSFinalExperiment - INFO - Resultados PLS FINAL guardados en results/riboflavin/csv/pls_final_results_riboflavin.csv
2026-05-04 23:49:52,326 - MainPipeline - INFO - Ejecutando ClassicalExperiment para riboflavin
2026-05-04 23:49:52,326 - ClassicalExperiment - INFO - Iniciando métodos clásicos para dataset: riboflavin
2026-05-04 23:49:52,326 - experiment - INFO - Preparando datos para dataset: riboflavin
2026-05-04 23:49:52,362 - utils - INFO - Dataset cargado correctamente: data/raw/riboflavin.csv
2026-05-04 23:49:52,372 - DataLoader - INFO - Riboflavin cargado: 71 filas, 4089 columnas
2026-05-04 23:49:52,373 - Preprocessing - INFO - Preprocesando dataset de regresión
2026-05-04 23:49:52,374 - experiment - INFO - Dataset de regresión preprocesado correctamente.
2026-05-04 23:49:52,374 - utils - INFO - Directorio creado/verificado: results/riboflavin/csv
2026-05-04 23:49:52,374 - OLSModel - INFO - Inicializando modelo OLS
2026-05-04 23:49:52,374 - RidgeModel - INFO - Inicializando Ridge con alpha=1.0
2026-05-04 23:49:52,374 - LassoModel - INFO - Inicializando Lasso con alpha=0.01
2026-05-04 23:49:52,378 - OLSModel - INFO - OLS ajustado correctamente
2026-05-04 23:49:52,379 - ClassicalExperiment - INFO - riboflavin | OLS | {'mse': 0.1281291359307035, 'rmse': np.float64(0.35795130385389506), 'mae': 0.2798204635465297, 'mdae': 0.31293607842123716, 'mape': np.float64(3.9780962467567273), 'rmsle': None, 'r2': 0.7786072125244469, 'adj_r2': 0.7615769981032505, 'nrmse': np.float64(0.12282708478653702), 'train_time': 0.0004570484161376953, 'model': 'OLS'}
2026-05-04 23:49:52,379 - RidgeModel - INFO - Ridge ajustado correctamente
2026-05-04 23:49:52,380 - ClassicalExperiment - INFO - riboflavin | Ridge | {'mse': 0.12786559187253543, 'rmse': np.float64(0.35758298599421007), 'mae': 0.2796009745657339, 'mdae': 0.31247235529346273, 'mape': np.float64(3.9748603917341154), 'rmsle': None, 'r2': 0.7790625871216189, 'adj_r2': 0.7620674015155896, 'nrmse': np.float64(0.12270070053121275), 'train_time': 0.000308990478515625, 'model': 'Ridge'}
2026-05-04 23:49:52,415 - LassoModel - INFO - Lasso ajustado correctamente
2026-05-04 23:49:52,416 - ClassicalExperiment - INFO - riboflavin | Lasso | {'mse': 0.19603929529472944, 'rmse': np.float64(0.442763249711095), 'mae': 0.39043681399206426, 'mdae': 0.394878158695529, 'mape': np.float64(5.558329190574881), 'rmsle': None, 'r2': 0.6612660678246022, 'adj_r2': 0.6352096115034177, 'nrmse': np.float64(0.1519293787370166), 'train_time': 0.00042700767517089844, 'model': 'Lasso'}
2026-05-04 23:49:52,416 - PCRModel - INFO - Seleccionando número óptimo de componentes para PCR...
2026-05-04 23:49:52,507 - PCRModel - INFO - Mejor número de componentes para PCR: 9
2026-05-04 23:49:52,507 - PCRModel - INFO - Entrenando PCR con 9 componentes
2026-05-04 23:49:52,510 - PCRModel - INFO - PCR ajustado correctamente
2026-05-04 23:49:52,510 - ClassicalExperiment - INFO - riboflavin | PCR | {'mse': 0.3504469556925341, 'rmse': np.float64(0.591985604295015), 'mae': 0.48325100749199634, 'mdae': 0.4748020935300641, 'mape': np.float64(7.147007424931498), 'rmsle': None, 'r2': 0.3944669351001233, 'adj_r2': 0.3478874685693636, 'nrmse': np.float64(0.2031334017457077), 'train_time': 0.0003399848937988281, 'model': 'PCR'}
2026-05-04 23:49:52,511 - ClassicalExperiment - INFO - Resultados clásicos guardados en results/riboflavin/csv/classical_results_riboflavin.csv
2026-05-04 23:49:52,512 - MainPipeline - INFO - Comparando resultados para riboflavin
2026-05-04 23:49:52,512 - CompareRunner - INFO - Comparando resultados para dataset: riboflavin
2026-05-04 23:49:52,512 - utils - INFO - Directorio creado/verificado: results/riboflavin
2026-05-04 23:49:52,512 - utils - INFO - Directorio creado/verificado: results/riboflavin/csv
2026-05-04 23:49:52,512 - utils - INFO - Directorio creado/verificado: results/riboflavin/figures
2026-05-04 23:49:52,512 - CompareRunner - INFO - Resultados cargados: results/riboflavin/csv/pls_cv_riboflavin.csv
2026-05-04 23:49:52,513 - CompareRunner - INFO - Resultados cargados: results/riboflavin/csv/classical_results_riboflavin.csv
2026-05-04 23:49:52,514 - CompareRunner - INFO - PLS FINAL incluido en comparación: results/riboflavin/csv/pls_final_results_riboflavin.csv
2026-05-04 23:49:52,514 - CompareRunner - INFO - Modelo PLS_FINAL_5_components seleccionó 5 componentes
2026-05-04 23:49:52,514 - CompareRunner - INFO - Modelo PLS_CV_5_components seleccionó 5 componentes
2026-05-04 23:49:52,515 - CompareRunner - INFO - Tabla comparativa guardada en results/riboflavin/csv/comparison_riboflavin.csv
2026-05-04 23:49:52,516 - CompareRunner - INFO - Tabla LaTeX guardada en results/riboflavin/csv/comparison_riboflavin.tex
2026-05-04 23:49:52,557 - CompareRunner - INFO - Gráfico guardado: results/riboflavin/figures/rmse_riboflavin.png
2026-05-04 23:49:52,592 - CompareRunner - INFO - Gráfico guardado: results/riboflavin/figures/mae_riboflavin.png
2026-05-04 23:49:52,628 - CompareRunner - INFO - Gráfico guardado: results/riboflavin/figures/mdae_riboflavin.png
2026-05-04 23:49:52,664 - CompareRunner - INFO - Gráfico guardado: results/riboflavin/figures/mape_riboflavin.png
2026-05-04 23:49:52,707 - CompareRunner - INFO - Gráfico guardado: results/riboflavin/figures/r2_riboflavin.png
2026-05-04 23:49:52,744 - CompareRunner - INFO - Gráfico guardado: results/riboflavin/figures/adj_r2_riboflavin.png
2026-05-04 23:49:52,781 - CompareRunner - INFO - Gráfico guardado: results/riboflavin/figures/nrmse_riboflavin.png
2026-05-04 23:49:52,781 - MainPipeline - INFO - === Dataset riboflavin procesado correctamente ===
2026-05-04 23:49:52,782 - MainPipeline - INFO - === PIPELINE COMPLETO FINALIZADO ===
2026-05-05 00:12:49,026 - MainPipeline - INFO - === INICIANDO PIPELINE COMPLETO ===
2026-05-05 00:12:49,027 - utils - INFO - Directorio creado/verificado: results
2026-05-05 00:12:49,027 - MainPipeline - INFO - === Procesando dataset: gasoline ===
2026-05-05 00:12:49,033 - utils - INFO - Dataset cargado correctamente: data/raw/gasoline.csv
2026-05-05 00:12:49,035 - DataLoader - INFO - Gasoline cargado: 60 filas, 402 columnas
2026-05-05 00:12:49,035 - utils - INFO - Directorio creado/verificado: results/gasoline/eda
2026-05-05 00:12:49,035 - DatasetAnalyzer - INFO - === Iniciando EDA para dataset: gasoline ===
2026-05-05 00:12:49,037 - DatasetAnalyzer - INFO - Información estructural guardada en results/gasoline/eda/eda_gasoline_info.csv
2026-05-05 00:12:49,160 - DatasetAnalyzer - INFO - Resumen estadístico guardado en results/gasoline/eda/eda_gasoline_summary.csv
2026-05-05 00:12:49,163 - DatasetAnalyzer - INFO - Valores faltantes guardados en results/gasoline/eda/eda_gasoline_missing.csv
2026-05-05 00:12:49,170 - DatasetAnalyzer - INFO - Correlación con target guardada en results/gasoline/eda/eda_gasoline_target_corr.csv
2026-05-05 00:12:49,620 - DatasetAnalyzer - INFO - === EDA finalizado para gasoline ===
2026-05-05 00:12:49,620 - MainPipeline - INFO - Ejecutando PLSExperiment (CV) para gasoline
2026-05-05 00:12:49,620 - PLSExperiment - INFO - Iniciando PLS CV REAL para dataset: gasoline
2026-05-05 00:12:49,620 - experiment - INFO - Preparando datos para dataset: gasoline
2026-05-05 00:12:49,624 - utils - INFO - Dataset cargado correctamente: data/raw/gasoline.csv
2026-05-05 00:12:49,625 - DataLoader - INFO - Gasoline cargado: 60 filas, 402 columnas
2026-05-05 00:12:49,625 - Preprocessing - INFO - Preprocesando dataset de regresión
2026-05-05 00:12:49,626 - experiment - INFO - Dataset de regresión preprocesado correctamente.
2026-05-05 00:12:49,626 - utils - INFO - Directorio creado/verificado: results/gasoline/csv
2026-05-05 00:12:49,633 - PLSExperiment - INFO - gasoline | Componentes=1 | RMSE_CV=1.2397
2026-05-05 00:12:49,638 - PLSExperiment - INFO - gasoline | Componentes=2 | RMSE_CV=0.8366
2026-05-05 00:12:49,642 - PLSExperiment - INFO - gasoline | Componentes=3 | RMSE_CV=0.2494
2026-05-05 00:12:49,645 - PLSExperiment - INFO - gasoline | Componentes=4 | RMSE_CV=0.2326
2026-05-05 00:12:49,649 - PLSExperiment - INFO - gasoline | Componentes=5 | RMSE_CV=0.2152
2026-05-05 00:12:49,653 - PLSExperiment - INFO - gasoline | Componentes=6 | RMSE_CV=0.2017
2026-05-05 00:12:49,658 - PLSExperiment - INFO - gasoline | Componentes=7 | RMSE_CV=0.2032
2026-05-05 00:12:49,662 - PLSExperiment - INFO - gasoline | Componentes=8 | RMSE_CV=0.2016
2026-05-05 00:12:49,667 - PLSExperiment - INFO - gasoline | Componentes=9 | RMSE_CV=0.2224
2026-05-05 00:12:49,672 - PLSExperiment - INFO - gasoline | Componentes=10 | RMSE_CV=0.2437
2026-05-05 00:12:49,677 - PLSExperiment - INFO - gasoline | Componentes=11 | RMSE_CV=0.2534
2026-05-05 00:12:49,682 - PLSExperiment - INFO - gasoline | Componentes=12 | RMSE_CV=0.2598
2026-05-05 00:12:49,688 - PLSExperiment - INFO - gasoline | Componentes=13 | RMSE_CV=0.2696
2026-05-05 00:12:49,694 - PLSExperiment - INFO - gasoline | Componentes=14 | RMSE_CV=0.2781
2026-05-05 00:12:49,700 - PLSExperiment - INFO - gasoline | Componentes=15 | RMSE_CV=0.2856
2026-05-05 00:12:49,700 - PLSExperiment - INFO - Mejor número de componentes (CV REAL) para gasoline: 8
2026-05-05 00:12:49,700 - PLSExperiment - INFO - Resultados PLS CV guardados en results/gasoline/csv/pls_cv_gasoline.csv
2026-05-05 00:12:49,701 - MainPipeline - INFO - Entrenando PLS FINAL para gasoline
2026-05-05 00:12:49,701 - PLSFinalExperiment - INFO - Iniciando PLS FINAL para dataset: gasoline
2026-05-05 00:12:49,701 - experiment - INFO - Preparando datos para dataset: gasoline
2026-05-05 00:12:49,704 - utils - INFO - Dataset cargado correctamente: data/raw/gasoline.csv
2026-05-05 00:12:49,705 - DataLoader - INFO - Gasoline cargado: 60 filas, 402 columnas
2026-05-05 00:12:49,705 - Preprocessing - INFO - Preprocesando dataset de regresión
2026-05-05 00:12:49,706 - experiment - INFO - Dataset de regresión preprocesado correctamente.
2026-05-05 00:12:49,706 - PLSFinalExperiment - INFO - Mejor número de componentes detectado: 8
2026-05-05 00:12:49,707 - utils - INFO - Directorio creado/verificado: results/gasoline/csv
2026-05-05 00:12:49,708 - PLSFinalExperiment - INFO - Resultados PLS FINAL guardados en results/gasoline/csv/pls_final_results_gasoline.csv
2026-05-05 00:12:49,708 - MainPipeline - INFO - Ejecutando ClassicalExperiment para gasoline
2026-05-05 00:12:49,708 - ClassicalExperiment - INFO - Iniciando métodos clásicos para dataset: gasoline
2026-05-05 00:12:49,708 - experiment - INFO - Preparando datos para dataset: gasoline
2026-05-05 00:12:49,711 - utils - INFO - Dataset cargado correctamente: data/raw/gasoline.csv
2026-05-05 00:12:49,712 - DataLoader - INFO - Gasoline cargado: 60 filas, 402 columnas
2026-05-05 00:12:49,712 - Preprocessing - INFO - Preprocesando dataset de regresión
2026-05-05 00:12:49,712 - experiment - INFO - Dataset de regresión preprocesado correctamente.
2026-05-05 00:12:49,712 - utils - INFO - Directorio creado/verificado: results/gasoline/csv
2026-05-05 00:12:49,712 - OLSModel - INFO - Inicializando modelo OLS
2026-05-05 00:12:49,712 - RidgeModel - INFO - Inicializando Ridge con alpha=1.0
2026-05-05 00:12:49,712 - LassoModel - INFO - Inicializando Lasso con alpha=0.01
2026-05-05 00:12:49,716 - OLSModel - INFO - OLS ajustado correctamente
2026-05-05 00:12:49,716 - ClassicalExperiment - INFO - gasoline | OLS | {'mse': 0.11914638754583597, 'rmse': np.float64(0.34517587914834946), 'mae': 0.2516170755543404, 'mdae': 0.1669511556074994, 'mape': np.float64(0.287882358213557), 'rmsle': np.float64(0.0038806181921219717), 'r2': 0.939538249423911, 'adj_r2': 0.933492074366302, 'nrmse': np.float64(0.0896560725060646), 'train_time': 0.0004076957702636719, 'model': 'OLS'}
2026-05-05 00:12:49,720 - RidgeModel - INFO - Ridge ajustado correctamente
2026-05-05 00:12:49,720 - ClassicalExperiment - INFO - gasoline | Ridge | {'mse': 0.10702506530164219, 'rmse': np.float64(0.32714685586391046), 'mae': 0.2348945241559998, 'mdae': 0.18632155141003892, 'mape': np.float64(0.2685564200192524), 'rmsle': np.float64(0.0036779208337951157), 'r2': 0.9456893076076843, 'adj_r2': 0.9402582383684528, 'nrmse': np.float64(0.08497320931530122), 'train_time': 0.00039768218994140625, 'model': 'Ridge'}
2026-05-05 00:12:49,727 - LassoModel - INFO - Lasso ajustado correctamente
2026-05-05 00:12:49,728 - ClassicalExperiment - INFO - gasoline | Lasso | {'mse': 0.06522135178755245, 'rmse': np.float64(0.2553847133004488), 'mae': 0.19230507430172375, 'mdae': 0.15043871311975465, 'mape': np.float64(0.22058504242233162), 'rmsle': np.float64(0.002880354855024501), 'r2': 0.9669029234940311, 'adj_r2': 0.9635932158434342, 'nrmse': np.float64(0.06633369176635019), 'train_time': 0.0004382133483886719, 'model': 'Lasso'}
2026-05-05 00:12:49,728 - PCRModel - INFO - Seleccionando número óptimo de componentes para PCR...
2026-05-05 00:12:49,767 - PCRModel - INFO - Mejor número de componentes para PCR: 7
2026-05-05 00:12:49,767 - PCRModel - INFO - Entrenando PCR con 7 componentes
2026-05-05 00:12:49,768 - PCRModel - INFO - PCR ajustado correctamente
2026-05-05 00:12:49,768 - ClassicalExperiment - INFO - gasoline | PCR | {'mse': 0.08701298191666919, 'rmse': np.float64(0.2949796296639298), 'mae': 0.2380084190717978, 'mdae': 0.1900105648362569, 'mape': np.float64(0.27331559791500976), 'rmsle': np.float64(0.00333104775952874), 'r2': 0.9558445932109902, 'adj_r2': 0.9514290525320893, 'nrmse': np.float64(0.07661808562699458), 'train_time': 0.00039505958557128906, 'model': 'PCR'}
2026-05-05 00:12:49,769 - ClassicalExperiment - INFO - Resultados clásicos guardados en results/gasoline/csv/classical_results_gasoline.csv
2026-05-05 00:12:49,769 - MainPipeline - INFO - Comparando resultados para gasoline
2026-05-05 00:12:49,769 - CompareRunner - INFO - Comparando resultados para dataset: gasoline
2026-05-05 00:12:49,769 - utils - INFO - Directorio creado/verificado: results/gasoline
2026-05-05 00:12:49,769 - utils - INFO - Directorio creado/verificado: results/gasoline/csv
2026-05-05 00:12:49,769 - utils - INFO - Directorio creado/verificado: results/gasoline/figures
2026-05-05 00:12:49,769 - CompareRunner - INFO - Resultados cargados: results/gasoline/csv/pls_cv_gasoline.csv
2026-05-05 00:12:49,770 - CompareRunner - INFO - Resultados cargados: results/gasoline/csv/classical_results_gasoline.csv
2026-05-05 00:12:49,771 - CompareRunner - INFO - PLS FINAL incluido en comparación: results/gasoline/csv/pls_final_results_gasoline.csv
2026-05-05 00:12:49,771 - CompareRunner - INFO - Modelo PLS_CV_8_components seleccionó 8 componentes
2026-05-05 00:12:49,771 - CompareRunner - INFO - Modelo PLS_FINAL_8_components seleccionó 8 componentes
2026-05-05 00:12:49,772 - CompareRunner - INFO - Tabla comparativa guardada en results/gasoline/csv/comparison_gasoline.csv
2026-05-05 00:12:49,804 - CompareRunner - INFO - Tabla LaTeX guardada en results/gasoline/csv/comparison_gasoline.tex
2026-05-05 00:12:49,842 - CompareRunner - INFO - Gráfico guardado: results/gasoline/figures/rmse_gasoline.png
2026-05-05 00:12:49,889 - CompareRunner - INFO - Gráfico guardado: results/gasoline/figures/mae_gasoline.png
2026-05-05 00:12:49,922 - CompareRunner - INFO - Gráfico guardado: results/gasoline/figures/mdae_gasoline.png
2026-05-05 00:12:49,958 - CompareRunner - INFO - Gráfico guardado: results/gasoline/figures/mape_gasoline.png
2026-05-05 00:12:50,001 - CompareRunner - INFO - Gráfico guardado: results/gasoline/figures/rmsle_gasoline.png
2026-05-05 00:12:50,036 - CompareRunner - INFO - Gráfico guardado: results/gasoline/figures/r2_gasoline.png
2026-05-05 00:12:50,073 - CompareRunner - INFO - Gráfico guardado: results/gasoline/figures/adj_r2_gasoline.png
2026-05-05 00:12:50,111 - CompareRunner - INFO - Gráfico guardado: results/gasoline/figures/nrmse_gasoline.png
2026-05-05 00:12:50,111 - MainPipeline - INFO - === Dataset gasoline procesado correctamente ===
2026-05-05 00:12:50,111 - MainPipeline - INFO - === Procesando dataset: tecator ===
2026-05-05 00:12:50,114 - utils - INFO - Dataset cargado correctamente: data/raw/tecator.csv
2026-05-05 00:12:50,114 - DataLoader - INFO - Tecator cargado: 240 filas, 125 columnas
2026-05-05 00:12:50,115 - utils - INFO - Directorio creado/verificado: results/tecator/eda
2026-05-05 00:12:50,115 - DatasetAnalyzer - INFO - === Iniciando EDA para dataset: tecator ===
2026-05-05 00:12:50,115 - DatasetAnalyzer - INFO - Información estructural guardada en results/tecator/eda/eda_tecator_info.csv
2026-05-05 00:12:50,158 - DatasetAnalyzer - INFO - Resumen estadístico guardado en results/tecator/eda/eda_tecator_summary.csv
2026-05-05 00:12:50,159 - DatasetAnalyzer - INFO - Valores faltantes guardados en results/tecator/eda/eda_tecator_missing.csv
2026-05-05 00:12:50,163 - DatasetAnalyzer - INFO - Correlación con target guardada en results/tecator/eda/eda_tecator_target_corr.csv
2026-05-05 00:12:50,309 - DatasetAnalyzer - INFO - === EDA finalizado para tecator ===
2026-05-05 00:12:50,309 - MainPipeline - INFO - Ejecutando PLSExperiment (CV) para tecator
2026-05-05 00:12:50,309 - PLSExperiment - INFO - Iniciando PLS CV REAL para dataset: tecator
2026-05-05 00:12:50,309 - experiment - INFO - Preparando datos para dataset: tecator
2026-05-05 00:12:50,311 - utils - INFO - Dataset cargado correctamente: data/raw/tecator.csv
2026-05-05 00:12:50,311 - DataLoader - INFO - Tecator cargado: 240 filas, 125 columnas
2026-05-05 00:12:50,312 - Preprocessing - INFO - Preprocesando dataset de regresión
2026-05-05 00:12:50,312 - experiment - INFO - Dataset de regresión preprocesado correctamente.
2026-05-05 00:12:50,312 - utils - INFO - Directorio creado/verificado: results/tecator/csv
2026-05-05 00:12:50,316 - PLSExperiment - INFO - tecator | Componentes=1 | RMSE_CV=12.7346
2026-05-05 00:12:50,319 - PLSExperiment - INFO - tecator | Componentes=2 | RMSE_CV=7.5273
2026-05-05 00:12:50,323 - PLSExperiment - INFO - tecator | Componentes=3 | RMSE_CV=5.8820
2026-05-05 00:12:50,326 - PLSExperiment - INFO - tecator | Componentes=4 | RMSE_CV=4.6545
2026-05-05 00:12:50,331 - PLSExperiment - INFO - tecator | Componentes=5 | RMSE_CV=3.5429
2026-05-05 00:12:50,335 - PLSExperiment - INFO - tecator | Componentes=6 | RMSE_CV=3.4949
2026-05-05 00:12:50,340 - PLSExperiment - INFO - tecator | Componentes=7 | RMSE_CV=3.3710
2026-05-05 00:12:50,345 - PLSExperiment - INFO - tecator | Componentes=8 | RMSE_CV=3.0792
2026-05-05 00:12:50,350 - PLSExperiment - INFO - tecator | Componentes=9 | RMSE_CV=3.0594
2026-05-05 00:12:50,356 - PLSExperiment - INFO - tecator | Componentes=10 | RMSE_CV=3.0131
2026-05-05 00:12:50,362 - PLSExperiment - INFO - tecator | Componentes=11 | RMSE_CV=3.0437
2026-05-05 00:12:50,368 - PLSExperiment - INFO - tecator | Componentes=12 | RMSE_CV=2.9886
2026-05-05 00:12:50,374 - PLSExperiment - INFO - tecator | Componentes=13 | RMSE_CV=2.8365
2026-05-05 00:12:50,380 - PLSExperiment - INFO - tecator | Componentes=14 | RMSE_CV=2.8549
2026-05-05 00:12:50,387 - PLSExperiment - INFO - tecator | Componentes=15 | RMSE_CV=2.9622
2026-05-05 00:12:50,387 - PLSExperiment - INFO - Mejor número de componentes (CV REAL) para tecator: 13
2026-05-05 00:12:50,388 - PLSExperiment - INFO - Resultados PLS CV guardados en results/tecator/csv/pls_cv_tecator.csv
2026-05-05 00:12:50,388 - MainPipeline - INFO - Entrenando PLS FINAL para tecator
2026-05-05 00:12:50,388 - PLSFinalExperiment - INFO - Iniciando PLS FINAL para dataset: tecator
2026-05-05 00:12:50,388 - experiment - INFO - Preparando datos para dataset: tecator
2026-05-05 00:12:50,390 - utils - INFO - Dataset cargado correctamente: data/raw/tecator.csv
2026-05-05 00:12:50,391 - DataLoader - INFO - Tecator cargado: 240 filas, 125 columnas
2026-05-05 00:12:50,391 - Preprocessing - INFO - Preprocesando dataset de regresión
2026-05-05 00:12:50,391 - experiment - INFO - Dataset de regresión preprocesado correctamente.
2026-05-05 00:12:50,392 - PLSFinalExperiment - INFO - Mejor número de componentes detectado: 13
2026-05-05 00:12:50,393 - utils - INFO - Directorio creado/verificado: results/tecator/csv
2026-05-05 00:12:50,394 - PLSFinalExperiment - INFO - Resultados PLS FINAL guardados en results/tecator/csv/pls_final_results_tecator.csv
2026-05-05 00:12:50,395 - MainPipeline - INFO - Ejecutando ClassicalExperiment para tecator
2026-05-05 00:12:50,395 - ClassicalExperiment - INFO - Iniciando métodos clásicos para dataset: tecator
2026-05-05 00:12:50,395 - experiment - INFO - Preparando datos para dataset: tecator
2026-05-05 00:12:50,397 - utils - INFO - Dataset cargado correctamente: data/raw/tecator.csv
2026-05-05 00:12:50,397 - DataLoader - INFO - Tecator cargado: 240 filas, 125 columnas
2026-05-05 00:12:50,397 - Preprocessing - INFO - Preprocesando dataset de regresión
2026-05-05 00:12:50,398 - experiment - INFO - Dataset de regresión preprocesado correctamente.
2026-05-05 00:12:50,398 - utils - INFO - Directorio creado/verificado: results/tecator/csv
2026-05-05 00:12:50,398 - OLSModel - INFO - Inicializando modelo OLS
2026-05-05 00:12:50,398 - RidgeModel - INFO - Inicializando Ridge con alpha=1.0
2026-05-05 00:12:50,398 - LassoModel - INFO - Inicializando Lasso con alpha=0.01
2026-05-05 00:12:50,399 - OLSModel - INFO - OLS ajustado correctamente
2026-05-05 00:12:50,400 - ClassicalExperiment - INFO - tecator | OLS | {'mse': 4.820670359304675, 'rmse': np.float64(2.195602504850246), 'mae': 1.5276580873166814, 'mdae': 0.8522739092477996, 'mape': np.float64(11.98965447893971), 'rmsle': np.float64(0.14307618216840398), 'r2': 0.977442307830665, 'adj_r2': 0.9769519232182882, 'nrmse': np.float64(0.039277325668161826), 'train_time': 0.0005409717559814453, 'model': 'OLS'}
2026-05-05 00:12:50,401 - RidgeModel - INFO - Ridge ajustado correctamente
2026-05-05 00:12:50,401 - ClassicalExperiment - INFO - tecator | Ridge | {'mse': 14.110158314819174, 'rmse': np.float64(3.7563490672219446), 'mae': 3.232666505352148, 'mdae': 2.980035039408026, 'mape': np.float64(35.12144624007647), 'rmsle': np.float64(0.3219982941096998), 'r2': 0.9339733721655709, 'adj_r2': 0.9325380106909094, 'nrmse': np.float64(0.06719765773205626), 'train_time': 0.00043201446533203125, 'model': 'Ridge'}
2026-05-05 00:12:50,429 - LassoModel - INFO - Lasso ajustado correctamente
2026-05-05 00:12:50,430 - ClassicalExperiment - INFO - tecator | Lasso | {'mse': 13.459687763897394, 'rmse': np.float64(3.6687447122820354), 'mae': 3.0458727353999087, 'mdae': 2.689262305569961, 'mape': np.float64(30.03257666111609), 'rmsle': np.float64(0.2825101874039517), 'r2': 0.9370171634558402, 'adj_r2': 0.9356479713570541, 'nrmse': np.float64(0.0656304957474425), 'train_time': 0.0004169940948486328, 'model': 'Lasso'}
2026-05-05 00:12:50,430 - PCRModel - INFO - Seleccionando número óptimo de componentes para PCR...
2026-05-05 00:12:50,484 - PCRModel - INFO - Mejor número de componentes para PCR: 15
2026-05-05 00:12:50,484 - PCRModel - INFO - Entrenando PCR con 15 componentes
2026-05-05 00:12:50,486 - PCRModel - INFO - PCR ajustado correctamente
2026-05-05 00:12:50,486 - ClassicalExperiment - INFO - tecator | PCR | {'mse': 8.40323161301575, 'rmse': np.float64(2.8988328018386555), 'mae': 2.1605041280343404, 'mdae': 1.7643411705370844, 'mape': np.float64(19.28825266824219), 'rmsle': np.float64(0.1950543313677156), 'r2': 0.9606781841890191, 'adj_r2': 0.9598233621061717, 'nrmse': np.float64(0.05185747409371477), 'train_time': 0.00037407875061035156, 'model': 'PCR'}
2026-05-05 00:12:50,487 - ClassicalExperiment - INFO - Resultados clásicos guardados en results/tecator/csv/classical_results_tecator.csv
2026-05-05 00:12:50,487 - MainPipeline - INFO - Comparando resultados para tecator
2026-05-05 00:12:50,487 - CompareRunner - INFO - Comparando resultados para dataset: tecator
2026-05-05 00:12:50,487 - utils - INFO - Directorio creado/verificado: results/tecator
2026-05-05 00:12:50,487 - utils - INFO - Directorio creado/verificado: results/tecator/csv
2026-05-05 00:12:50,487 - utils - INFO - Directorio creado/verificado: results/tecator/figures
2026-05-05 00:12:50,488 - CompareRunner - INFO - Resultados cargados: results/tecator/csv/pls_cv_tecator.csv
2026-05-05 00:12:50,488 - CompareRunner - INFO - Resultados cargados: results/tecator/csv/classical_results_tecator.csv
2026-05-05 00:12:50,489 - CompareRunner - INFO - PLS FINAL incluido en comparación: results/tecator/csv/pls_final_results_tecator.csv
2026-05-05 00:12:50,489 - CompareRunner - INFO - Modelo PLS_FINAL_13_components seleccionó 13 componentes
2026-05-05 00:12:50,489 - CompareRunner - INFO - Modelo PLS_CV_13_components seleccionó 13 componentes
2026-05-05 00:12:50,490 - CompareRunner - INFO - Tabla comparativa guardada en results/tecator/csv/comparison_tecator.csv
2026-05-05 00:12:50,491 - CompareRunner - INFO - Tabla LaTeX guardada en results/tecator/csv/comparison_tecator.tex
2026-05-05 00:12:50,530 - CompareRunner - INFO - Gráfico guardado: results/tecator/figures/rmse_tecator.png
2026-05-05 00:12:50,566 - CompareRunner - INFO - Gráfico guardado: results/tecator/figures/mae_tecator.png
2026-05-05 00:12:50,602 - CompareRunner - INFO - Gráfico guardado: results/tecator/figures/mdae_tecator.png
2026-05-05 00:12:50,642 - CompareRunner - INFO - Gráfico guardado: results/tecator/figures/mape_tecator.png
2026-05-05 00:12:50,678 - CompareRunner - INFO - Gráfico guardado: results/tecator/figures/rmsle_tecator.png
2026-05-05 00:12:50,717 - CompareRunner - INFO - Gráfico guardado: results/tecator/figures/r2_tecator.png
2026-05-05 00:12:50,763 - CompareRunner - INFO - Gráfico guardado: results/tecator/figures/adj_r2_tecator.png
2026-05-05 00:12:50,804 - CompareRunner - INFO - Gráfico guardado: results/tecator/figures/nrmse_tecator.png
2026-05-05 00:12:50,804 - MainPipeline - INFO - === Dataset tecator procesado correctamente ===
2026-05-05 00:12:50,804 - MainPipeline - INFO - === Procesando dataset: riboflavin ===
2026-05-05 00:12:50,839 - utils - INFO - Dataset cargado correctamente: data/raw/riboflavin.csv
2026-05-05 00:12:50,848 - DataLoader - INFO - Riboflavin cargado: 71 filas, 4089 columnas
2026-05-05 00:12:50,848 - utils - INFO - Directorio creado/verificado: results/riboflavin/eda
2026-05-05 00:12:50,848 - DatasetAnalyzer - INFO - === Iniciando EDA para dataset: riboflavin ===
2026-05-05 00:12:50,849 - DatasetAnalyzer - INFO - Información estructural guardada en results/riboflavin/eda/eda_riboflavin_info.csv
2026-05-05 00:12:52,113 - DatasetAnalyzer - INFO - Resumen estadístico guardado en results/riboflavin/eda/eda_riboflavin_summary.csv
2026-05-05 00:12:52,136 - DatasetAnalyzer - INFO - Valores faltantes guardados en results/riboflavin/eda/eda_riboflavin_missing.csv
2026-05-05 00:12:52,909 - DatasetAnalyzer - INFO - Correlación con target guardada en results/riboflavin/eda/eda_riboflavin_target_corr.csv
2026-05-05 00:12:52,979 - DatasetAnalyzer - INFO - === EDA finalizado para riboflavin ===
2026-05-05 00:12:52,979 - MainPipeline - INFO - Ejecutando PLSExperiment (CV) para riboflavin
2026-05-05 00:12:52,979 - PLSExperiment - INFO - Iniciando PLS CV REAL para dataset: riboflavin
2026-05-05 00:12:52,979 - experiment - INFO - Preparando datos para dataset: riboflavin
2026-05-05 00:12:53,018 - utils - INFO - Dataset cargado correctamente: data/raw/riboflavin.csv
2026-05-05 00:12:53,029 - DataLoader - INFO - Riboflavin cargado: 71 filas, 4089 columnas
2026-05-05 00:12:53,029 - Preprocessing - INFO - Preprocesando dataset de regresión
2026-05-05 00:12:53,031 - experiment - INFO - Dataset de regresión preprocesado correctamente.
2026-05-05 00:12:53,031 - utils - INFO - Directorio creado/verificado: results/riboflavin/csv
2026-05-05 00:12:53,038 - PLSExperiment - INFO - riboflavin | Componentes=1 | RMSE_CV=0.9272
2026-05-05 00:12:53,044 - PLSExperiment - INFO - riboflavin | Componentes=2 | RMSE_CV=0.6583
2026-05-05 00:12:53,051 - PLSExperiment - INFO - riboflavin | Componentes=3 | RMSE_CV=0.6044
2026-05-05 00:12:53,058 - PLSExperiment - INFO - riboflavin | Componentes=4 | RMSE_CV=0.5760
2026-05-05 00:12:53,066 - PLSExperiment - INFO - riboflavin | Componentes=5 | RMSE_CV=0.5562
2026-05-05 00:12:53,073 - PLSExperiment - INFO - riboflavin | Componentes=6 | RMSE_CV=0.5757
2026-05-05 00:12:53,082 - PLSExperiment - INFO - riboflavin | Componentes=7 | RMSE_CV=0.5891
2026-05-05 00:12:53,090 - PLSExperiment - INFO - riboflavin | Componentes=8 | RMSE_CV=0.5844
2026-05-05 00:12:53,100 - PLSExperiment - INFO - riboflavin | Componentes=9 | RMSE_CV=0.5830
2026-05-05 00:12:53,110 - PLSExperiment - INFO - riboflavin | Componentes=10 | RMSE_CV=0.5801
2026-05-05 00:12:53,120 - PLSExperiment - INFO - riboflavin | Componentes=11 | RMSE_CV=0.5777
2026-05-05 00:12:53,131 - PLSExperiment - INFO - riboflavin | Componentes=12 | RMSE_CV=0.5781
2026-05-05 00:12:53,143 - PLSExperiment - INFO - riboflavin | Componentes=13 | RMSE_CV=0.5785
2026-05-05 00:12:53,155 - PLSExperiment - INFO - riboflavin | Componentes=14 | RMSE_CV=0.5795
2026-05-05 00:12:53,168 - PLSExperiment - INFO - riboflavin | Componentes=15 | RMSE_CV=0.5796
2026-05-05 00:12:53,168 - PLSExperiment - INFO - Mejor número de componentes (CV REAL) para riboflavin: 5
2026-05-05 00:12:53,168 - PLSExperiment - INFO - Resultados PLS CV guardados en results/riboflavin/csv/pls_cv_riboflavin.csv
2026-05-05 00:12:53,169 - MainPipeline - INFO - Entrenando PLS FINAL para riboflavin
2026-05-05 00:12:53,169 - PLSFinalExperiment - INFO - Iniciando PLS FINAL para dataset: riboflavin
2026-05-05 00:12:53,170 - experiment - INFO - Preparando datos para dataset: riboflavin
2026-05-05 00:12:53,204 - utils - INFO - Dataset cargado correctamente: data/raw/riboflavin.csv
2026-05-05 00:12:53,214 - DataLoader - INFO - Riboflavin cargado: 71 filas, 4089 columnas
2026-05-05 00:12:53,214 - Preprocessing - INFO - Preprocesando dataset de regresión
2026-05-05 00:12:53,215 - experiment - INFO - Dataset de regresión preprocesado correctamente.
2026-05-05 00:12:53,216 - PLSFinalExperiment - INFO - Mejor número de componentes detectado: 5
2026-05-05 00:12:53,217 - utils - INFO - Directorio creado/verificado: results/riboflavin/csv
2026-05-05 00:12:53,218 - PLSFinalExperiment - INFO - Resultados PLS FINAL guardados en results/riboflavin/csv/pls_final_results_riboflavin.csv
2026-05-05 00:12:53,219 - MainPipeline - INFO - Ejecutando ClassicalExperiment para riboflavin
2026-05-05 00:12:53,219 - ClassicalExperiment - INFO - Iniciando métodos clásicos para dataset: riboflavin
2026-05-05 00:12:53,219 - experiment - INFO - Preparando datos para dataset: riboflavin
2026-05-05 00:12:53,253 - utils - INFO - Dataset cargado correctamente: data/raw/riboflavin.csv
2026-05-05 00:12:53,265 - DataLoader - INFO - Riboflavin cargado: 71 filas, 4089 columnas
2026-05-05 00:12:53,265 - Preprocessing - INFO - Preprocesando dataset de regresión
2026-05-05 00:12:53,267 - experiment - INFO - Dataset de regresión preprocesado correctamente.
2026-05-05 00:12:53,267 - utils - INFO - Directorio creado/verificado: results/riboflavin/csv
2026-05-05 00:12:53,267 - OLSModel - INFO - Inicializando modelo OLS
2026-05-05 00:12:53,267 - RidgeModel - INFO - Inicializando Ridge con alpha=1.0
2026-05-05 00:12:53,267 - LassoModel - INFO - Inicializando Lasso con alpha=0.01
2026-05-05 00:12:53,271 - OLSModel - INFO - OLS ajustado correctamente
2026-05-05 00:12:53,271 - ClassicalExperiment - INFO - riboflavin | OLS | {'mse': 0.1281291359307035, 'rmse': np.float64(0.35795130385389506), 'mae': 0.2798204635465297, 'mdae': 0.31293607842123716, 'mape': np.float64(3.9780962467567273), 'rmsle': None, 'r2': 0.7786072125244469, 'adj_r2': 0.7615769981032505, 'nrmse': np.float64(0.12282708478653702), 'train_time': 0.0004107952117919922, 'model': 'OLS'}
2026-05-05 00:12:53,272 - RidgeModel - INFO - Ridge ajustado correctamente
2026-05-05 00:12:53,272 - ClassicalExperiment - INFO - riboflavin | Ridge | {'mse': 0.12786559187253543, 'rmse': np.float64(0.35758298599421007), 'mae': 0.2796009745657339, 'mdae': 0.31247235529346273, 'mape': np.float64(3.9748603917341154), 'rmsle': None, 'r2': 0.7790625871216189, 'adj_r2': 0.7620674015155896, 'nrmse': np.float64(0.12270070053121275), 'train_time': 0.00031495094299316406, 'model': 'Ridge'}
2026-05-05 00:12:53,305 - LassoModel - INFO - Lasso ajustado correctamente
2026-05-05 00:12:53,306 - ClassicalExperiment - INFO - riboflavin | Lasso | {'mse': 0.19603929529472944, 'rmse': np.float64(0.442763249711095), 'mae': 0.39043681399206426, 'mdae': 0.394878158695529, 'mape': np.float64(5.558329190574881), 'rmsle': None, 'r2': 0.6612660678246022, 'adj_r2': 0.6352096115034177, 'nrmse': np.float64(0.1519293787370166), 'train_time': 0.00038313865661621094, 'model': 'Lasso'}
2026-05-05 00:12:53,306 - PCRModel - INFO - Seleccionando número óptimo de componentes para PCR...
2026-05-05 00:12:53,399 - PCRModel - INFO - Mejor número de componentes para PCR: 9
2026-05-05 00:12:53,399 - PCRModel - INFO - Entrenando PCR con 9 componentes
2026-05-05 00:12:53,402 - PCRModel - INFO - PCR ajustado correctamente
2026-05-05 00:12:53,403 - ClassicalExperiment - INFO - riboflavin | PCR | {'mse': 0.3502058353747826, 'rmse': np.float64(0.5917819153833468), 'mae': 0.48294714610070977, 'mdae': 0.4756545115016966, 'mape': np.float64(7.143476825257728), 'rmsle': None, 'r2': 0.3948835639868806, 'adj_r2': 0.3483361458320253, 'nrmse': np.float64(0.20306350811784776), 'train_time': 0.0002999305725097656, 'model': 'PCR'}
2026-05-05 00:12:53,404 - ClassicalExperiment - INFO - Resultados clásicos guardados en results/riboflavin/csv/classical_results_riboflavin.csv
2026-05-05 00:12:53,405 - MainPipeline - INFO - Comparando resultados para riboflavin
2026-05-05 00:12:53,405 - CompareRunner - INFO - Comparando resultados para dataset: riboflavin
2026-05-05 00:12:53,405 - utils - INFO - Directorio creado/verificado: results/riboflavin
2026-05-05 00:12:53,405 - utils - INFO - Directorio creado/verificado: results/riboflavin/csv
2026-05-05 00:12:53,405 - utils - INFO - Directorio creado/verificado: results/riboflavin/figures
2026-05-05 00:12:53,405 - CompareRunner - INFO - Resultados cargados: results/riboflavin/csv/pls_cv_riboflavin.csv
2026-05-05 00:12:53,405 - CompareRunner - INFO - Resultados cargados: results/riboflavin/csv/classical_results_riboflavin.csv
2026-05-05 00:12:53,407 - CompareRunner - INFO - PLS FINAL incluido en comparación: results/riboflavin/csv/pls_final_results_riboflavin.csv
2026-05-05 00:12:53,407 - CompareRunner - INFO - Modelo PLS_FINAL_5_components seleccionó 5 componentes
2026-05-05 00:12:53,407 - CompareRunner - INFO - Modelo PLS_CV_5_components seleccionó 5 componentes
2026-05-05 00:12:53,407 - CompareRunner - INFO - Tabla comparativa guardada en results/riboflavin/csv/comparison_riboflavin.csv
2026-05-05 00:12:53,409 - CompareRunner - INFO - Tabla LaTeX guardada en results/riboflavin/csv/comparison_riboflavin.tex
2026-05-05 00:12:53,452 - CompareRunner - INFO - Gráfico guardado: results/riboflavin/figures/rmse_riboflavin.png
2026-05-05 00:12:53,487 - CompareRunner - INFO - Gráfico guardado: results/riboflavin/figures/mae_riboflavin.png
2026-05-05 00:12:53,524 - CompareRunner - INFO - Gráfico guardado: results/riboflavin/figures/mdae_riboflavin.png
2026-05-05 00:12:53,560 - CompareRunner - INFO - Gráfico guardado: results/riboflavin/figures/mape_riboflavin.png
2026-05-05 00:12:53,599 - CompareRunner - INFO - Gráfico guardado: results/riboflavin/figures/r2_riboflavin.png
2026-05-05 00:12:53,637 - CompareRunner - INFO - Gráfico guardado: results/riboflavin/figures/adj_r2_riboflavin.png
2026-05-05 00:12:53,675 - CompareRunner - INFO - Gráfico guardado: results/riboflavin/figures/nrmse_riboflavin.png
2026-05-05 00:12:53,676 - MainPipeline - INFO - === Dataset riboflavin procesado correctamente ===
2026-05-05 00:12:53,677 - MainPipeline - INFO - === PIPELINE COMPLETO FINALIZADO ===
